age,gender,income,experience_years,monthly_spending,credit_score,has_credit_card,loan_amount,defaulted,city_Unknown,city_faisalabad,city_islamabad,city_karachi,city_rawalpindi,education_Intermediate,education_Master,education_Matric,education_PhD,education_Unknown,signup_year,signup_month,signup_day,signup_dayofweek,employment_type_Government,employment_type_Private,employment_type_Student,employment_type_Unemployed
18.0,1,97203.41,33,34323.67,728.0,1,162409.81,0,0,1,0,0,0,0,0,0,0,0,2020,1,1,2,0,0,0,1
56.0,0,132084.64,20,36955.51,439.0,1,207532.68,0,0,0,1,0,0,0,0,1,0,0,2020,2,1,5,1,0,0,0
51.0,0,39789.24,26,30520.91,516.0,1,261934.54,0,0,0,0,0,0,0,0,0,0,0,2020,3,1,6,1,0,0,0
21.0,0,110957.74,23,34385.96,520.0,0,247704.90777003483,1,0,0,1,0,0,0,0,1,0,0,2020,4,1,2,0,0,1,0
69.0,0,127385.88,18,34126.8,715.0,0,92532.55,0,0,0,0,0,1,0,1,0,0,0,2020,5,1,4,0,0,0,0
30.0,0,123453.21,34,33844.22,785.0,0,224054.86,0,0,0,1,0,0,0,0,1,0,0,2020,6,1,0,0,0,0,0
32.0,0,83403.43,23,19674.54,653.0,1,152762.08,0,0,0,0,0,1,0,0,0,0,1,2020,7,1,2,0,0,1,0
28.0,0,86553.33,22,16386.71,470.0,1,236735.43,0,0,0,0,1,0,0,0,0,1,0,2020,8,1,5,1,0,0,0
37.0,1,66498.13,17,32207.32,460.0,0,320178.67,1,1,0,0,0,0,0,0,0,0,0,2020,9,1,1,1,0,0,0
28.0,1,100461.4,5,39130.19,778.0,0,465303.04,0,0,0,1,0,0,0,0,1,0,0,2020,10,1,3,1,0,0,0
37.0,1,85782.02,5,10756.8,424.0,0,247704.90777003483,0,0,0,0,0,1,0,0,0,0,0,2020,11,1,6,0,0,0,1
64.0,0,85476.32999999999,19,34052.43,313.0,1,192580.52,0,0,1,0,0,0,0,0,0,0,0,2020,12,1,1,1,0,0,0
43.0,1,61486.98,21,40840.77,551.0,1,131261.37,0,0,0,0,0,0,0,0,0,0,0,2020,1,13,0,0,1,0,0
70.0,1,79595.49,17,43710.06,475.0,0,393804.13,1,0,0,0,0,1,0,0,0,0,0,2020,1,14,1,0,0,0,0
43.0,0,152635.31,22,48537.99,816.0,1,266086.43,0,0,1,0,0,0,1,0,0,0,0,2023,12,4,0,0,0,0,1
33.0,1,59475.68,18,24572.07,695.0,0,138353.87,0,0,0,0,0,0,1,0,0,0,0,2020,1,16,3,1,0,0,0
62.0,0,44356.73,12,30771.04,468.0,1,523390.35,0,1,0,0,0,0,0,0,1,0,0,2020,1,17,4,0,0,1,0
64.0,0,83983.1,26,31157.06,776.0,1,284067.14,0,0,1,0,0,0,0,0,0,1,0,2020,1,18,5,0,1,0,0
67.0,1,50089.12,24,66597.78,682.0,0,224129.22,0,0,0,1,0,0,0,0,0,1,0,2020,1,19,6,1,0,0,0
46.22862068965517,0,16234.51,21,16210.98,565.0,1,201400.4,0,0,0,1,0,0,0,0,1,0,0,2020,1,20,0,0,0,0,1
19.0,0,69453.95,16,30475.6,566.0,1,391290.17,0,0,1,0,0,0,1,0,0,0,0,2020,1,21,1,0,1,0,0
47.0,1,56892.91,25,49693.99,659.0,1,188035.79,0,0,0,1,0,0,0,0,0,0,0,2020,1,22,2,0,0,0,0
33.0,1,85476.32999999999,28,34798.72,544.0,1,230351.87,0,0,0,0,0,0,0,0,0,1,0,2020,1,23,3,0,1,0,0
31.0,1,78445.58,31,34763.97,731.0,1,247704.90777003483,0,0,0,1,0,0,0,0,0,1,0,2020,1,24,4,0,0,0,0
46.22862068965517,1,102667.16,24,19542.05,825.0,1,359426.22,0,0,1,0,0,0,0,1,0,0,0,2020,1,25,5,0,0,1,0
64.0,0,41300.58,34,53535.5,387.0,1,191453.46,1,0,0,0,0,0,0,0,0,1,0,2020,1,26,6,0,0,1,0
63.0,1,72347.8,11,54133.1,303.0,1,237791.32,0,0,0,0,1,0,0,1,0,0,0,2020,1,27,0,0,0,1,0
30.0,0,68583.23,3,34798.72,809.0,1,270733.03,0,0,0,0,0,0,0,0,0,0,0,2020,1,28,1,0,0,0,1
41.0,0,70968.21,5,27433.89,840.0,1,-18893.53,0,0,0,0,0,1,0,0,0,1,0,2020,1,29,2,0,0,1,0
60.0,0,127470.91,11,42191.61,762.0,0,397244.4,0,0,0,0,0,0,0,1,0,0,0,2020,1,30,3,0,0,0,1
26.0,1,130851.96,4,54607.7,343.0,1,23747.96,1,0,1,0,0,0,0,0,1,0,0,2020,1,31,4,0,0,1,0
-5.0,1,87674.16,34,28539.23,524.0,0,459441.32,0,0,0,1,0,0,0,0,0,1,0,2020,1,2,3,1,0,0,0
43.0,0,95378.03,24,41822.74,793.0,1,89008.78,1,0,0,1,0,0,0,0,1,0,0,2020,2,2,6,0,1,0,0
70.0,1,103175.66,14,75005.71,786.0,1,494239.53,0,0,1,0,0,0,0,0,1,0,0,2020,3,2,0,0,0,1,0
60.0,0,106527.47,11,40369.73,388.0,1,208138.71,0,0,0,0,0,1,1,0,0,0,0,2020,4,2,3,0,0,0,0
31.0,0,109865.92,21,7937.63,647.0,1,378893.33,1,0,0,0,0,1,0,0,0,0,0,2020,5,2,5,0,1,0,0
65.0,1,85476.32999999999,2,49185.26,725.0,1,300291.4,1,0,1,0,0,0,0,1,0,0,0,2020,6,2,1,1,0,0,0
63.0,1,100023.12,19,6196.1,574.3770154373927,1,196227.24,0,0,0,1,0,0,0,0,0,0,0,2020,7,2,3,0,1,0,0
30.0,0,111644.82,5,31884.66,391.0,1,203263.2,1,0,0,0,0,1,1,0,0,0,0,2020,8,2,6,0,0,0,0
47.0,1,38307.35,7,54642.52,411.0,0,114074.7,1,0,0,0,0,0,1,0,0,0,0,2020,9,2,2,0,0,0,1
63.0,1,81008.02,25,66450.03,696.0,1,32147.66,0,1,0,0,0,0,1,0,0,0,0,2020,10,2,4,0,1,0,0
31.0,1,85476.32999999999,15,46965.47,521.0,0,200806.34,1,0,0,0,0,1,0,0,1,0,0,2020,11,2,0,0,0,0,0
31.0,1,23099.56,13,18644.42,512.0,0,198684.66,0,0,0,0,0,0,0,0,0,1,0,2020,12,2,2,0,0,1,0
27.0,1,73278.0,29,51038.27,404.0,0,376916.71,0,0,1,0,0,0,0,1,0,0,0,2020,2,13,3,0,0,1,0
18.0,0,109955.37,8,0.0,582.0,0,92149.9,0,0,0,1,0,0,0,0,0,1,0,2020,2,14,4,0,1,0,0
46.0,0,120125.34,33,28491.21,658.0,1,159002.45,1,0,0,0,0,0,0,0,0,1,0,2020,2,15,5,0,0,0,1
18.0,0,89174.57,2,21382.64,644.0,0,298081.35,0,0,0,0,0,0,1,0,0,0,0,2020,2,16,6,0,0,0,1
51.0,1,49093.91,12,41535.82,782.0,0,322897.71,0,0,0,0,0,1,0,1,0,0,0,2020,2,17,0,1,0,0,0
41.0,0,110828.09,11,31639.67,828.0,0,347866.62,0,0,0,1,0,0,0,1,0,0,0,2020,2,18,1,1,0,0,0
28.0,1,65683.68,8,62275.52,424.0,0,311732.89,0,0,0,0,0,1,0,1,0,0,0,2020,2,19,2,1,0,0,0
38.0,0,82415.99,4,68159.34,508.0,0,235546.18,0,0,0,1,0,0,0,1,0,0,0,2020,2,20,3,0,0,1,0
18.0,0,79627.86,10,32073.91,329.0,1,261305.0,1,0,1,0,0,0,0,0,0,0,0,2020,2,21,4,0,0,0,1
26.0,1,120908.59,2,26210.39,505.0,1,344160.65,1,0,0,1,0,0,0,0,0,0,0,2020,2,22,5,1,0,0,0
44.0,1,128227.57,26,44471.2,502.0,1,404696.41,0,0,0,0,0,0,1,0,0,0,0,2020,2,23,6,1,0,0,0
22.0,1,100433.31,7,28389.11,322.0,0,236969.72,1,0,0,0,0,1,0,1,0,0,0,2020,2,24,0,0,0,0,0
59.0,1,85476.32999999999,28,46132.63,479.0,0,233229.72,1,0,0,1,0,0,0,1,0,0,0,2020,2,25,1,0,0,0,0
32.0,0,83339.64,7,34045.31,378.0,1,356381.46,0,0,0,0,0,0,0,0,0,0,0,2020,2,26,2,1,0,0,0
70.0,0,51969.1,2,13559.2,322.0,0,158621.31,0,0,0,1,0,0,0,0,0,0,0,2020,2,27,3,0,0,1,0
27.0,0,80973.69,12,49023.16,340.0,0,224928.39,0,0,0,0,0,0,0,0,1,0,0,2020,2,28,4,0,0,0,1
53.0,1,118618.69,16,34798.72,334.0,1,363241.68,1,0,0,1,0,0,0,0,0,0,0,2020,2,29,5,0,1,0,0
47.0,1,79441.48,24,58364.58,574.3770154373927,1,169284.18,0,0,0,0,1,0,1,0,0,0,0,2020,1,3,4,1,0,0,0
70.0,1,70034.62,32,16012.97,755.0,0,275952.9,0,0,0,0,1,0,0,0,0,1,0,2020,2,3,0,0,1,0,0
53.0,0,74960.67,30,20713.74,681.0,1,212585.66,0,0,0,1,0,0,0,0,0,0,0,2020,3,3,1,0,0,0,0
67.0,0,85476.32999999999,1,9999999.0,547.0,1,238729.85,0,0,1,0,0,0,0,0,1,0,0,2020,4,3,4,0,0,0,0
44.0,0,109573.82,8,21865.49,768.0,0,328772.41,0,0,0,0,1,0,1,0,0,0,0,2020,5,3,6,0,0,0,0
30.0,1,130553.87,12,38495.41,479.0,0,218272.51,0,0,0,0,0,1,0,0,0,0,0,2020,6,3,2,0,0,0,0
28.0,0,60430.09,17,35984.41,687.0,1,102801.66,0,0,0,0,0,1,1,0,0,0,0,2020,7,3,4,0,0,1,0
67.0,1,101262.43,16,42929.35,471.0,1,301921.99,0,0,0,0,0,0,0,0,0,1,0,2020,8,3,0,0,0,0,0
46.22862068965517,1,41789.7,6,52317.5,574.3770154373927,1,286660.76,0,0,0,1,0,0,0,0,0,1,0,2020,9,3,3,0,1,0,0
46.22862068965517,1,85476.32999999999,11,30900.21,539.0,0,163438.75,0,0,0,0,0,1,0,0,1,0,0,2020,10,3,5,0,0,0,1
48.0,1,80193.94,8,6026.85,559.0,1,347585.63,0,0,0,0,0,0,0,0,0,0,0,2020,11,3,1,0,1,0,0
33.0,0,59518.95,22,13850.62,327.0,1,188428.47,0,0,0,1,0,0,1,0,0,0,0,2020,12,3,3,0,0,0,0
41.0,1,67329.32,0,25550.85,348.0,0,333805.04,0,0,0,1,0,0,0,0,1,0,0,2020,3,13,4,1,0,0,0
63.0,0,75024.48,27,47838.61,309.0,1,378572.69,0,0,0,1,0,0,1,0,0,0,0,2020,3,14,5,1,0,0,0
43.0,0,94035.7,3,30199.58,829.0,0,196510.66,0,0,0,0,0,0,0,0,0,1,0,2020,3,15,6,0,0,1,0
67.0,1,53743.68,19,9674.08,515.0,1,303153.58,0,0,0,1,0,0,0,0,0,1,0,2020,3,16,0,1,0,0,0
46.22862068965517,1,69810.89,5,25485.94,574.3770154373927,0,393123.92,1,0,0,1,0,0,0,1,0,0,0,2020,3,17,1,0,0,0,0
35.0,1,49801.75,8,34798.72,806.0,0,194463.72,0,0,0,0,0,1,0,1,0,0,0,2020,3,18,2,0,1,0,0
47.0,0,110106.96,34,31541.26,724.0,0,230401.53,0,0,1,0,0,0,0,0,1,0,0,2020,3,19,3,0,0,0,0
48.0,0,93629.61,29,25804.84,648.0,1,145103.35,0,0,1,0,0,0,0,0,0,0,0,2020,3,20,4,1,0,0,0
48.0,0,101376.57,4,30837.17,648.0,1,314783.86,0,0,0,0,0,0,0,0,0,0,0,2020,3,21,5,0,0,0,0
46.22862068965517,0,71162.43,18,13540.89,632.0,1,482130.41,0,0,0,0,0,1,0,0,0,1,0,2020,3,22,6,0,0,1,0
39.0,0,137891.61,15,31078.45,578.0,0,236276.31,0,0,0,0,1,0,0,0,0,0,0,2020,3,23,0,0,0,0,1
51.0,0,63600.2,7,8814.37,670.0,1,267277.19,0,0,0,1,0,0,1,0,0,0,0,2020,3,24,1,0,0,0,1
70.0,1,57196.32,18,40837.65,327.0,0,152129.06,0,0,1,0,0,0,1,0,0,0,0,2020,3,25,2,0,0,0,1
31.0,1,105452.27,20,31720.76,312.0,1,74588.68,0,0,0,0,1,0,0,1,0,0,0,2020,3,26,3,0,1,0,0
54.0,0,48057.4,2,50535.44,781.0,0,304765.83,0,0,0,0,1,0,0,0,1,0,0,2020,3,27,4,0,0,0,0
61.0,1,116935.95,1,33133.89,797.0,1,526662.36,0,0,1,0,0,0,0,0,1,0,0,2020,3,28,5,0,0,0,0
70.0,1,95386.39,3,49123.79,528.0,1,182637.11,0,0,0,0,1,0,0,1,0,0,0,2020,3,29,6,0,0,1,0
27.0,1,95827.18,20,23709.17,686.0,1,247704.90777003483,0,0,1,0,0,0,0,0,0,0,0,2020,3,30,0,0,0,0,1
56.0,1,116607.71,8,32152.86,834.0,1,177650.99,0,0,1,0,0,0,0,0,0,1,0,2020,3,31,1,0,0,1,0
35.0,0,121221.57,21,34798.72,575.0,1,254477.04,0,0,0,0,1,0,0,0,0,0,0,2020,1,4,5,0,0,0,0
43.0,1,91732.05,20,12204.91,301.0,1,511569.31,1,0,0,1,0,0,0,0,1,0,0,2020,2,4,1,0,0,0,0
18.0,0,94195.2,7,9708.6,336.0,0,412994.78,0,0,0,0,1,0,0,1,0,0,0,2020,3,4,2,0,0,1,0
59.0,1,66309.05,29,34798.72,731.0,0,503886.19,0,0,1,0,0,0,0,1,0,0,0,2020,4,4,5,0,0,0,0
19.0,1,18801.67,31,32757.15,373.0,0,555700.31,1,0,0,0,1,0,0,0,0,1,0,2020,5,4,0,1,0,0,0
39.0,0,72432.49,15,34798.72,843.0,0,161724.73,0,0,0,0,1,0,0,0,1,0,0,2020,6,4,3,0,0,0,1
46.0,1,33878.56,10,62181.46,627.0,0,230609.94,0,0,1,0,0,0,0,1,0,0,0,2020,7,4,5,1,0,0,0
56.0,0,78071.12,32,29426.6,503.0,1,399374.71,1,0,0,0,0,0,0,0,1,0,0,2020,8,4,1,0,0,1,0
44.0,1,124556.13,27,30431.66,549.0,1,128545.23,0,0,0,0,0,0,0,0,0,0,0,2020,9,4,4,0,1,0,0
65.0,1,79763.81,12,40788.71,497.0,1,214483.55,0,0,0,1,0,0,0,0,0,1,0,2020,10,4,6,1,0,0,0
46.22862068965517,1,100784.63,29,22898.13,579.0,0,100660.08,0,0,0,0,0,1,0,0,1,0,0,2020,11,4,2,0,0,1,0
32.0,0,75871.6,6,24041.35,821.0,0,113815.06,0,0,0,0,0,0,0,0,0,1,0,2020,12,4,4,0,0,0,0
32.0,1,91854.41,11,10569.18,836.0,0,242127.74,0,0,0,1,0,0,0,0,0,0,0,2020,4,13,0,0,1,0,0
46.22862068965517,0,79576.64,31,51562.03,816.0,0,231822.04,0,0,1,0,0,0,0,1,0,0,0,2020,4,14,1,0,0,0,0
18.0,0,85476.32999999999,13,44022.96,756.0,1,270752.88,0,0,0,0,0,1,0,0,0,0,0,2020,4,15,2,0,0,0,0
42.0,0,87872.39,1,24725.01,574.3770154373927,0,431821.22,1,0,0,0,1,0,0,0,1,0,0,2020,4,16,3,0,0,1,0
39.0,0,28235.58,3,27617.4,321.0,1,154312.29,1,0,0,0,0,1,0,0,0,1,0,2020,4,17,4,0,1,0,0
51.0,0,57246.43,32,8504.28,746.0,1,31076.25,0,0,0,0,1,0,0,0,0,0,0,2020,4,18,5,0,1,0,0
50.0,1,75873.24,4,9523.12,703.0,1,292573.72,0,0,1,0,0,0,0,0,0,0,0,2020,4,19,6,0,1,0,0
34.0,1,85476.32999999999,26,62047.8,817.0,1,254116.29,0,0,0,0,0,1,0,0,0,0,0,2020,4,20,0,0,0,1,0
42.0,1,89649.59,18,29813.32,358.0,0,190378.25,0,0,0,0,0,1,0,0,0,0,0,2020,4,21,1,0,0,0,1
46.0,0,71570.02,24,45935.07,362.0,0,130872.87,1,0,0,0,0,0,0,1,0,0,0,2020,4,22,2,0,0,0,1
65.0,0,29840.36,5,48033.15,574.3770154373927,1,204694.32,1,0,0,0,0,0,0,1,0,0,0,2020,4,23,3,0,0,1,0
46.22862068965517,1,105717.3,22,38771.56,484.0,1,175552.26,0,0,0,1,0,0,0,1,0,0,0,2020,4,24,4,1,0,0,0
53.0,1,76743.77,30,61901.42,818.0,1,248781.76,0,0,1,0,0,0,0,0,0,1,0,2020,4,25,5,0,1,0,0
22.0,1,64577.91,13,32727.7,479.0,1,272621.53,0,0,0,1,0,0,0,0,1,0,0,2020,4,26,6,0,1,0,0
33.0,1,86686.3,9,38328.24,364.0,1,244852.29,0,0,0,0,0,1,0,0,1,0,0,2020,4,27,0,1,0,0,0
43.0,0,80996.32,23,37265.83,396.0,0,166524.83,0,0,0,0,1,0,1,0,0,0,0,2020,4,28,1,0,0,0,1
64.0,1,50082.59,34,34079.53,557.0,1,309496.54,0,0,1,0,0,0,0,0,1,0,0,2020,4,29,2,0,1,0,0
37.0,0,77236.9,26,78108.08,399.0,1,191737.8,0,0,0,1,0,0,0,0,0,1,0,2020,4,30,3,0,0,1,0
46.0,0,48032.57,1,36526.68,653.0,1,172157.38,0,0,0,0,0,0,0,1,0,0,0,2020,1,5,6,1,0,0,0
50.0,1,144805.74,30,36340.66,458.0,1,152703.73,0,0,0,0,1,0,0,1,0,0,0,2020,2,5,2,1,0,0,0
61.0,1,82447.09,19,30892.73,777.0,0,263526.13,0,0,0,0,1,0,0,0,0,0,0,2020,3,5,3,0,1,0,0
40.0,1,93795.96,18,25164.43,426.0,1,108713.59,0,1,0,0,0,0,1,0,0,0,0,2020,4,5,6,0,0,0,0
50.0,0,117557.21,23,32990.87,373.0,1,250324.58,0,0,0,0,0,0,0,0,0,0,0,2020,5,5,1,1,0,0,0
65.0,0,128428.89,22,26136.89,627.0,1,307587.46,0,1,0,0,0,0,0,0,0,0,0,2020,6,5,4,0,0,0,0
42.0,1,74485.38,9,29160.35,643.0,0,188983.28,0,0,0,0,0,1,0,1,0,0,0,2020,7,5,6,0,1,0,0
71.0,1,129946.78,10,43024.6,715.0,1,228591.39,0,0,0,0,0,1,0,0,1,0,0,2020,8,5,2,0,0,0,0
40.0,0,18861.0,34,16721.58,592.0,0,-4939.53,0,0,1,0,0,0,0,0,0,1,0,2020,9,5,5,1,0,0,0
42.0,1,119335.43,28,44472.11,694.0,1,399577.16,0,0,0,0,0,1,0,0,1,0,0,2020,10,5,0,0,0,1,0
19.0,0,142137.0,7,41561.2,466.0,0,530982.73,0,0,0,0,0,0,0,0,1,0,0,2020,11,5,3,0,0,0,0
48.0,0,98921.72,22,36988.97,449.0,1,272625.32,0,0,0,1,0,0,0,0,0,1,0,2020,12,5,5,1,0,0,0
44.0,1,100809.89,21,41621.74,821.0,1,377257.41,0,0,0,1,0,0,0,1,0,0,0,2020,5,13,2,0,1,0,0
41.0,0,101023.83,7,24669.19,663.0,1,456793.64,0,0,0,0,1,0,0,0,0,1,0,2020,5,14,3,0,0,0,1
53.0,0,56387.78,13,34798.72,473.0,1,264442.86,0,0,0,0,0,1,0,1,0,0,0,2020,5,15,4,0,0,0,0
49.0,0,68917.53,26,31465.26,308.0,0,442812.65,1,0,0,0,0,1,1,0,0,0,0,2020,5,16,5,0,0,0,1
46.22862068965517,0,85476.32999999999,28,61655.57,607.0,1,247704.90777003483,0,0,0,0,1,0,0,1,0,0,0,2020,5,17,6,0,1,0,0
41.0,0,121942.71,8,56688.04,397.0,1,129822.67,0,0,0,1,0,0,0,0,1,0,0,2020,5,18,0,0,0,1,0
42.0,1,85476.32999999999,16,39577.07,760.0,1,298763.35,0,0,0,0,1,0,0,0,1,0,0,2020,5,19,1,0,0,0,0
64.0,1,109633.6,31,38158.83,390.0,0,83510.37,1,0,0,1,0,0,0,0,0,1,0,2020,5,20,2,0,1,0,0
45.0,1,103046.36,24,23106.55,347.0,0,410821.57,1,0,0,0,0,0,0,0,0,0,0,2020,5,21,3,1,0,0,0
32.0,1,92762.64,28,33791.33,353.0,0,80721.61,0,0,0,0,0,1,0,1,0,0,0,2020,5,22,4,0,1,0,0
47.0,1,88599.09,27,22350.3,597.0,0,236780.58,0,0,0,0,0,0,1,0,0,0,0,2020,5,23,5,0,1,0,0
46.0,0,68690.23,8,47912.33,715.0,1,-58679.79,1,0,0,0,0,1,0,0,0,1,0,2020,5,24,6,0,0,0,1
41.0,0,67350.0,33,14897.91,453.0,1,79618.5,0,0,0,0,0,0,0,0,0,0,0,2020,5,25,0,0,0,0,1
48.0,1,98935.92,10,16701.41,686.0,0,82867.28,0,0,0,0,1,0,0,0,0,1,0,2020,5,26,1,1,0,0,0
50.0,0,131064.88,6,32362.06,739.0,1,240667.96,0,0,0,0,0,1,0,1,0,0,0,2020,5,27,2,1,0,0,0
73.0,0,83984.41,3,52103.7,659.0,0,218321.27,0,0,0,1,0,0,1,0,0,0,0,2020,5,28,3,1,0,0,0
22.0,1,125119.68,16,34798.72,530.0,0,259314.06,0,0,0,0,1,0,0,1,0,0,0,2020,5,29,4,0,0,1,0
70.0,1,97117.67,15,42460.83,531.0,1,321796.15,0,0,0,0,0,0,1,0,0,0,0,2020,5,30,5,0,0,0,0
45.0,0,54540.38,34,23753.18,680.0,0,407936.19,0,1,0,0,0,0,0,1,0,0,0,2020,5,31,6,1,0,0,0
39.0,1,74555.22,2,17921.66,689.0,0,122743.52,0,0,0,1,0,0,0,0,0,1,0,2020,1,6,0,0,0,0,0
52.0,0,113464.25,34,29311.36,357.0,1,133972.67,0,0,0,1,0,0,0,0,0,1,0,2020,2,6,3,0,0,0,0
24.0,0,84438.01,22,11080.25,631.0,1,219048.56,0,0,0,0,0,0,0,0,0,0,0,2020,3,6,4,0,0,0,1
60.0,1,71687.01,9,24656.37,550.0,1,380875.16,0,0,0,1,0,0,0,1,0,0,0,2020,4,6,0,0,0,0,0
23.0,1,91430.44,12,31065.67,517.0,1,94996.99,0,0,0,0,1,0,0,0,1,0,0,2020,5,6,2,0,0,0,0
46.22862068965517,1,85476.32999999999,8,34798.72,448.0,1,474688.46,1,0,0,0,0,1,0,1,0,0,0,2020,6,6,5,0,1,0,0
29.0,1,77636.75,16,62519.3,574.3770154373927,0,68833.7,0,0,0,0,0,0,0,0,0,0,0,2020,7,6,0,0,0,0,1
35.0,0,38934.76,16,56345.35,723.0,1,43760.54,0,0,0,0,0,0,0,0,1,0,0,2020,8,6,3,0,1,0,0
44.0,1,78469.85,9,48714.24,388.0,0,407956.01,0,0,1,0,0,0,0,0,0,1,0,2020,9,6,6,1,0,0,0
18.0,0,72620.6,11,36061.67,386.0,1,252912.52,0,0,0,0,1,0,0,0,1,0,0,2020,10,6,1,1,0,0,0
68.0,1,99968.61,29,11412.03,501.0,0,319294.3,0,0,0,0,1,0,0,0,0,1,0,2020,11,6,4,0,0,1,0
61.0,1,97099.88,33,26321.24,539.0,1,320057.39,0,0,0,0,1,0,1,0,0,0,0,2020,12,6,6,0,1,0,0
72.0,0,82649.84,8,34798.72,704.0,1,247704.90777003483,0,0,0,1,0,0,0,0,0,1,0,2020,6,13,5,0,0,0,1
22.0,0,149023.41,11,57911.26,603.0,1,403744.2,0,0,0,0,0,0,1,0,0,0,0,2020,6,14,6,0,0,1,0
28.0,0,104060.26,7,41287.25,387.0,0,329665.32,0,0,0,1,0,0,1,0,0,0,0,2020,6,15,0,1,0,0,0
45.0,1,99852.21,33,44660.1,378.0,1,293405.49,0,0,0,1,0,0,0,0,0,0,0,2020,6,16,1,1,0,0,0
66.0,1,25684.98,15,46942.53,573.0,1,286651.91,1,0,0,0,0,0,0,0,0,1,0,2020,6,17,2,0,0,0,1
35.0,0,26891.58,16,52201.98,820.0,0,291247.94,1,0,0,0,0,0,0,0,0,0,0,2020,6,18,3,0,1,0,0
35.0,1,110318.84,30,63240.25,322.0,0,131387.18,0,0,0,0,0,1,0,1,0,0,0,2020,6,19,4,1,0,0,0
65.0,1,47878.06,8,37451.28,769.0,0,211888.03,1,0,1,0,0,0,1,0,0,0,0,2020,6,20,5,0,0,0,0
18.0,0,58350.5,34,52420.8,687.0,0,304052.57,0,0,0,0,0,0,0,0,0,0,0,2020,6,21,6,0,0,1,0
72.0,1,58973.99,19,23076.72,528.0,1,209018.87,0,0,0,1,0,0,1,0,0,0,0,2020,6,22,0,0,0,0,1
28.0,1,106108.51,20,60703.59,625.0,1,257139.26,0,0,1,0,0,0,0,0,1,0,0,2020,6,23,1,0,0,1,0
36.0,1,102748.61,8,59418.15,706.0,0,245537.73,0,0,0,0,0,0,0,1,0,0,0,2020,6,24,2,0,1,0,0
36.0,1,96189.15,26,32788.79,824.0,1,285479.58,0,0,1,0,0,0,0,0,1,0,0,2020,6,25,3,0,0,0,0
69.0,1,85476.32999999999,34,53152.39,786.0,1,313990.16,0,0,0,0,0,1,0,0,1,0,0,2020,6,26,4,0,0,0,0
64.0,1,52425.39,13,41097.94,560.0,1,256816.4,0,0,0,1,0,0,0,0,1,0,0,2020,6,27,5,0,0,0,0
37.0,0,83604.84,31,42200.89,539.0,0,327009.67,0,0,0,0,0,1,0,0,1,0,0,2020,6,28,6,0,0,0,0
37.0,0,152630.71,18,28803.19,301.0,1,191686.86,1,0,0,1,0,0,0,0,0,1,0,2020,6,29,0,0,0,1,0
64.0,1,59191.76,6,25350.98,688.0,1,302949.95,0,0,0,1,0,0,0,0,0,0,0,2020,6,30,1,0,0,1,0
34.0,1,32591.97,29,34995.39,557.0,0,374543.62,0,0,0,0,0,1,0,0,0,1,0,2020,1,7,1,0,0,0,1
63.0,1,51647.3,16,67219.93,594.0,1,221466.37,0,0,0,0,0,1,1,0,0,0,0,2020,2,7,4,1,0,0,0
64.0,0,61261.61,19,33729.87,433.0,1,451180.04,0,0,0,1,0,0,0,0,0,1,0,2020,3,7,5,0,1,0,0
55.0,0,73382.32,22,45473.9,472.0,1,131843.82,0,0,0,0,1,0,0,1,0,0,0,2020,4,7,1,1,0,0,0
60.0,1,93653.51,24,33807.41,461.0,1,368838.64,0,0,0,0,1,0,0,0,0,0,0,2020,5,7,3,0,0,0,1
31.0,0,95693.72,10,32649.31,475.0,1,517792.68,1,0,0,1,0,0,1,0,0,0,0,2020,6,7,6,0,0,1,0
50.0,1,77805.91,32,53548.0,615.0,1,455282.53,0,0,0,0,0,0,0,0,1,0,0,2020,7,7,1,1,0,0,0
25.0,0,87500.32,5,31972.25,309.0,1,247704.90777003483,0,0,0,0,0,1,0,0,0,1,0,2020,8,7,4,0,0,0,1
21.0,1,85476.32999999999,29,20635.94,674.0,0,405237.33,0,0,1,0,0,0,0,0,0,1,0,2020,9,7,0,0,1,0,0
42.0,0,53078.63,24,14611.75,630.0,1,217868.16,0,0,0,1,0,0,1,0,0,0,0,2020,10,7,2,1,0,0,0
34.0,0,88256.61,20,32759.18,612.0,1,456246.89,0,0,0,0,0,0,0,0,0,0,0,2020,11,7,5,0,1,0,0
26.0,0,114432.56,2,44587.53,824.0,1,194490.72,0,0,0,0,1,0,0,0,0,0,0,2020,12,7,0,0,0,0,1
47.0,1,124371.71,27,27369.78,363.0,0,216991.43,0,0,1,0,0,0,0,0,1,0,0,2020,7,13,0,1,0,0,0
67.0,0,48873.62,4,20713.15,738.0,0,30953.72,0,0,0,1,0,0,0,1,0,0,0,2020,7,14,1,0,0,0,0
32.0,1,99622.41,11,27462.26,557.0,1,378397.19,0,0,0,1,0,0,0,0,0,1,0,2020,7,15,2,0,1,0,0
28.0,1,76219.51,31,44249.58,741.0,1,342603.87,0,0,1,0,0,0,0,0,0,1,0,2020,7,16,3,0,0,1,0
67.0,1,70989.6,18,27762.91,353.0,1,246310.75,0,0,0,0,0,0,0,0,0,1,0,2020,7,17,4,0,0,1,0
19.0,0,66145.52,19,19322.53,423.0,0,356920.31,0,0,0,0,1,0,1,0,0,0,0,2020,7,18,5,0,0,0,1
51.0,0,102429.48,20,19461.31,694.0,0,356912.99,0,0,0,0,1,0,1,0,0,0,0,2020,7,19,6,0,0,1,0
49.0,1,57702.47,14,24161.34,396.0,0,85308.77,0,0,0,0,1,0,1,0,0,0,0,2020,7,20,0,0,0,1,0
44.0,0,30085.79,0,750000.0,422.0,1,519932.36,1,1,0,0,0,0,0,0,0,0,0,2020,7,21,1,0,1,0,0
42.0,1,65506.98,34,24988.27,427.0,1,276642.15,0,0,0,0,0,0,1,0,0,0,0,2020,7,22,2,0,1,0,0
19.0,1,121701.89,34,51035.05,597.0,1,312708.69,0,0,1,0,0,0,1,0,0,0,0,2020,7,23,3,0,0,0,1
66.0,1,85476.32999999999,25,32620.79,482.0,0,455645.37,0,0,0,0,0,0,1,0,0,0,0,2020,7,24,4,1,0,0,0
21.0,0,88997.04,19,71385.65,788.0,0,135439.22,0,0,0,1,0,0,1,0,0,0,0,2020,7,25,5,1,0,0,0
27.0,0,75259.65,27,33748.17,824.0,0,144595.96,0,0,0,0,0,1,0,0,0,0,1,2020,7,26,6,0,1,0,0
68.0,1,117522.42,20,38547.87,381.0,1,247704.90777003483,0,0,1,0,0,0,0,0,0,0,0,2020,7,27,0,0,0,1,0
38.0,1,99128.01,4,39975.33,674.0,0,257825.78,0,0,1,0,0,0,0,1,0,0,0,2020,7,28,1,0,1,0,0
44.0,1,157642.3,5,43833.8,803.0,1,468813.79,0,0,0,1,0,0,0,0,1,0,0,2020,7,29,2,0,1,0,0
54.0,0,105345.02,2,12467.03,330.0,1,119220.65,0,0,0,0,0,1,0,1,0,0,0,2020,7,30,3,0,0,0,1
50.0,1,43419.82,34,39740.71,404.0,1,355351.97,1,0,0,0,0,0,0,0,0,1,0,2020,7,31,4,0,0,1,0
71.0,0,84092.28,17,50022.4,316.0,1,234535.05,0,0,0,0,0,1,0,0,1,0,0,2020,1,8,2,0,0,0,0
71.0,0,130210.28,19,36705.07,574.3770154373927,1,64048.23,0,0,0,0,0,0,0,0,0,1,0,2020,2,8,5,0,1,0,0
32.0,0,31003.67,19,37727.14,762.0,1,-29357.89,0,0,0,1,0,0,0,1,0,0,0,2020,3,8,6,0,0,0,0
61.0,1,139533.0,26,31975.95,583.0,0,271411.01,0,0,0,0,1,0,0,0,1,0,0,2020,4,8,2,0,1,0,0
57.0,1,81726.63,30,30094.22,620.0,1,88170.67,0,0,0,0,0,1,0,1,0,0,0,2020,5,8,4,0,0,1,0
32.0,0,64116.85,21,30022.75,783.0,1,284369.04,0,0,0,0,0,0,0,0,0,1,0,2020,6,8,0,0,1,0,0
26.0,1,59367.44,14,47043.55,790.0,0,280713.2,0,0,0,1,0,0,0,0,0,1,0,2020,7,8,2,0,0,0,0
64.0,1,76730.1,24,39459.41,574.3770154373927,0,247704.90777003483,1,0,0,0,1,0,0,1,0,0,0,2020,8,8,5,0,0,0,1
60.0,0,84121.03,9,36765.75,371.0,0,209205.99,0,0,0,0,0,0,0,0,1,0,0,2020,9,8,1,0,0,0,0
39.0,1,85476.32999999999,24,42505.34,655.0,1,393356.61,1,0,0,0,0,1,0,0,0,1,0,2020,10,8,3,0,1,0,0
34.0,0,72406.61,5,35606.23,323.0,0,270886.8,0,0,0,0,0,0,0,0,0,1,0,2020,11,8,6,1,0,0,0
57.0,0,128606.62,21,37671.29,707.0,1,242004.76,0,0,0,1,0,0,0,0,0,0,0,2020,12,8,1,1,0,0,0
31.0,0,57158.73,0,14555.68,804.0,1,672024.49,0,0,0,0,0,0,0,0,0,0,0,2020,8,13,3,1,0,0,0
44.0,0,82391.02,24,58980.18,743.0,1,381674.78,1,0,0,0,1,0,0,1,0,0,0,2020,8,14,4,0,0,1,0
31.0,0,107403.98,29,25051.05,795.0,1,72146.48,1,0,0,0,0,0,0,1,0,0,0,2020,8,15,5,0,0,0,0
53.0,1,131887.79,11,20175.44,695.0,1,257540.28,0,0,0,1,0,0,1,0,0,0,0,2020,8,16,6,0,0,0,0
39.0,0,75117.84,7,22905.98,734.0,1,202973.94,1,0,0,0,1,0,0,1,0,0,0,2020,8,17,0,0,1,0,0
55.0,1,90057.71,26,25461.94,306.0,1,238614.62,0,0,0,0,1,0,1,0,0,0,0,2020,8,18,1,0,0,0,0
36.0,1,50446.45,15,21431.85,631.0,0,220180.26,0,0,0,0,1,0,0,0,1,0,0,2020,8,19,2,0,0,1,0
53.0,1,90224.52,29,41546.64,308.0,1,336485.56,0,0,0,0,1,0,0,1,0,0,0,2020,8,20,3,1,0,0,0
52.0,0,95530.96,9,42951.57,629.0,1,272796.49,0,0,0,0,0,0,0,0,0,0,0,2020,8,21,4,0,0,0,0
43.0,1,92187.77,24,12847.05,660.0,0,248390.73,0,0,0,0,1,0,0,1,0,0,0,2020,8,22,5,1,0,0,0
49.0,0,73667.08,16,26466.63,476.0,0,378859.46,1,0,0,0,1,0,0,0,0,0,0,2020,8,23,6,1,0,0,0
28.0,0,90865.12,28,51603.31,700.0,1,193161.65,0,0,0,0,1,0,0,0,0,0,0,2020,8,24,0,0,1,0,0
60.0,0,85476.32999999999,7,70524.1,537.0,1,140145.64,0,0,0,0,1,0,0,1,0,0,0,2020,8,25,1,0,1,0,0
59.0,1,113644.92,4,32948.84,480.0,0,320334.97,0,0,0,0,0,1,0,0,0,0,0,2020,8,26,2,1,0,0,0
34.0,1,42108.42,2,30415.12,351.0,0,165084.1,1,0,0,0,0,1,0,0,0,0,0,2020,8,27,3,0,0,0,1
42.0,1,51529.81,17,39166.73,547.0,1,489546.41,0,0,0,0,1,0,1,0,0,0,0,2020,8,28,4,0,0,1,0
72.0,1,36583.22,18,21207.03,657.0,0,201885.4,0,0,0,0,0,0,0,0,0,0,0,2020,8,29,5,0,0,0,1
25.0,0,62616.04,1,49084.18,797.0,1,245976.28,1,0,0,0,1,0,0,0,1,0,0,2020,8,30,6,0,0,0,0
48.0,1,88614.8,31,44389.22,615.0,1,261363.47,0,0,0,0,1,0,1,0,0,0,0,2020,8,31,0,1,0,0,0
48.0,0,118730.4,27,45330.8,575.0,1,21185.97,0,1,0,0,0,0,0,0,0,1,0,2020,1,9,3,0,1,0,0
56.0,1,135705.37,16,44389.55,486.0,1,263239.54,0,0,1,0,0,0,0,1,0,0,0,2020,2,9,6,0,0,0,0
43.0,0,126325.28,23,39385.25,572.0,1,10112.63,0,0,0,1,0,0,0,0,0,0,0,2020,3,9,0,0,0,0,1
57.0,1,87108.92,23,26207.32,782.0,1,359568.91,0,0,0,0,1,0,1,0,0,0,0,2020,4,9,3,0,1,0,0
24.0,0,62011.24,30,27143.68,757.0,1,216637.09,0,0,0,1,0,0,0,0,0,0,0,2020,5,9,5,1,0,0,0
26.0,0,73398.01,27,38046.63,791.0,1,135983.01,0,0,1,0,0,0,0,1,0,0,0,2020,6,9,1,0,1,0,0
48.0,1,81345.38,2,38135.74,400.0,1,305687.45,0,0,0,0,0,1,0,0,0,1,0,2020,7,9,3,0,1,0,0
26.0,0,99102.8,28,15132.19,566.0,1,206580.57,0,0,0,0,1,0,1,0,0,0,0,2020,8,9,6,1,0,0,0
19.0,0,80219.28,10,22882.67,316.0,1,19421.73,0,0,0,1,0,0,0,0,0,1,0,2020,9,9,2,0,1,0,0
44.0,0,103290.9,14,25447.68,644.0,1,287669.63,0,0,0,1,0,0,0,0,1,0,0,2020,10,9,4,0,1,0,0
57.0,1,41098.16,12,50515.55,566.0,1,305556.29,0,0,0,0,0,0,1,0,0,0,0,2020,11,9,0,1,0,0,0
47.0,1,74343.44,29,34387.08,574.3770154373927,1,311775.8,0,0,0,0,1,0,1,0,0,0,0,2020,12,9,2,1,0,0,0
67.0,0,68066.19,31,17605.92,565.0,0,472308.92,1,0,0,1,0,0,0,0,0,1,0,2023,12,4,0,0,0,0,1
33.0,1,70496.25,13,41897.51,643.0,0,122205.42,0,0,1,0,0,0,0,1,0,0,0,2020,9,14,0,0,0,0,1
43.0,1,86113.85,8,40923.7,574.3770154373927,1,57982.89,0,0,0,1,0,0,1,0,0,0,0,2020,9,15,1,0,1,0,0
28.0,1,88176.42,6,31250.26,579.0,0,201985.47,0,0,0,0,0,1,0,0,0,1,0,2020,9,16,2,1,0,0,0
32.0,1,92390.99,26,31862.39,844.0,0,250608.68,0,0,0,1,0,0,0,1,0,0,0,2020,9,17,3,0,0,0,1
46.0,1,80573.37,17,20861.23,354.0,1,302408.43,0,0,1,0,0,0,0,0,0,0,0,2020,9,18,4,0,0,0,0
52.0,0,103378.82,15,17335.46,711.0,1,267259.57,0,0,0,0,1,0,0,0,0,0,0,2020,9,19,5,0,1,0,0
55.0,1,78061.25,23,34641.09,698.0,0,131602.45,0,0,0,0,0,0,0,0,0,1,0,2020,9,20,6,0,0,0,0
32.0,1,52812.32,2,26269.62,432.0,1,132132.66,0,0,0,0,1,0,0,1,0,0,0,2020,9,21,0,0,1,0,0
31.0,0,85476.32999999999,13,41204.38,788.0,0,177212.11,0,0,0,0,0,0,0,0,0,0,0,2020,9,22,1,0,1,0,0
41.0,0,56023.64,11,49901.97,357.0,1,149034.39,0,0,0,1,0,0,0,1,0,0,0,2020,9,23,2,0,0,0,1
30.0,1,128390.87,10,57981.3,365.0,1,247704.90777003483,0,0,0,1,0,0,0,0,0,1,0,2020,9,24,3,0,0,1,0
30.0,1,49990.48,29,34833.46,574.3770154373927,0,228845.91,0,0,1,0,0,0,0,0,1,0,0,2020,9,25,4,1,0,0,0
72.0,1,58040.21,6,34623.89,421.0,1,212308.1,1,0,0,0,0,1,0,1,0,0,0,2020,9,26,5,0,0,0,1
37.0,0,99160.34,26,28099.19,584.0,1,247704.90777003483,1,0,0,0,0,1,0,0,0,0,0,2020,9,27,6,0,0,0,1
59.0,0,85476.32999999999,7,60458.52,442.0,1,445561.07,0,0,0,0,0,1,0,0,0,1,0,2020,9,28,0,0,0,0,1
36.0,0,82264.38,28,54170.84,422.0,0,391613.9,1,0,0,0,1,0,1,0,0,0,0,2020,9,29,1,1,0,0,0
19.0,1,95194.38,29,39119.64,445.0,1,203649.47,0,0,0,0,1,0,0,0,0,0,0,2020,9,30,2,0,0,1,0
20.0,1,122793.62,24,48976.07,821.0,1,365644.68,0,0,0,0,0,1,0,0,0,1,0,2020,1,10,4,0,0,1,0
46.22862068965517,1,124378.86,5,27833.66,797.0,1,391303.08,0,0,0,0,0,1,1,0,0,0,0,2020,2,10,0,0,0,0,1
38.0,1,45041.93,30,11388.35,581.0,1,304173.1,0,0,0,0,0,0,0,1,0,0,0,2020,3,10,1,0,1,0,0
18.0,0,119175.51,24,27896.09,325.0,0,301165.52,1,0,0,0,1,0,0,0,1,0,0,2020,4,10,4,1,0,0,0
39.0,0,59798.38,19,35956.99,573.0,0,247704.90777003483,0,0,0,0,0,1,0,0,1,0,0,2020,5,10,6,0,0,1,0
33.0,0,99473.75,29,43667.9,310.0,1,312238.17,0,0,0,0,0,1,0,0,0,0,0,2020,6,10,2,0,1,0,0
56.0,0,136778.49,31,45024.46,691.0,1,384877.0,0,0,0,1,0,0,0,0,0,1,0,2020,7,10,4,0,0,1,0
70.0,0,82153.25,5,49989.88,829.0,1,199664.85,0,0,0,0,0,1,0,0,0,0,0,2020,8,10,0,0,0,0,0
68.0,1,61116.13,24,37737.24,708.0,0,347777.71,0,0,0,0,1,0,0,0,1,0,0,2020,9,10,3,0,1,0,0
22.0,0,73329.12,11,31984.85,473.0,1,265054.07,0,0,1,0,0,0,0,1,0,0,0,2020,10,10,5,0,0,0,1
18.0,1,55660.09,18,45742.67,561.0,1,137737.9,0,0,0,0,0,1,0,0,0,0,0,2020,11,10,1,0,1,0,0
66.0,1,101798.96,29,77649.29,618.0,1,27440.29,0,0,1,0,0,0,0,0,1,0,0,2020,12,10,3,0,1,0,0
28.0,0,71376.01,7,41013.44,783.0,1,247704.90777003483,0,0,0,0,0,0,1,0,0,0,0,2020,10,13,1,0,0,0,1
26.0,1,36529.99,33,60262.76,677.0,1,-15647.22,0,0,0,0,0,0,0,1,0,0,0,2020,10,14,2,0,0,0,1
71.0,0,65103.25,22,36233.99,688.0,1,287869.7,0,0,0,0,0,0,1,0,0,0,0,2020,10,15,3,0,0,1,0
46.22862068965517,1,65624.91,21,44162.46,817.0,0,396293.99,0,0,0,1,0,0,0,0,1,0,0,2020,10,16,4,0,0,1,0
66.0,0,102853.3,18,31234.56,711.0,0,119305.47,0,0,1,0,0,0,0,0,0,0,0,2020,10,17,5,0,0,0,1
62.0,0,103575.16,31,50603.49,593.0,1,234459.88,0,0,0,0,0,1,0,0,0,1,0,2020,10,18,6,0,0,0,0
29.0,0,91696.59,23,40457.56,441.0,1,249960.64,1,0,0,1,0,0,0,0,1,0,0,2020,10,19,0,0,0,0,1
69.0,0,100599.68,18,23086.21,405.0,1,497320.06,1,0,0,0,1,0,0,0,0,1,0,2020,10,20,1,0,0,0,1
53.0,0,86419.98,13,55688.66,688.0,0,247704.90777003483,0,0,0,0,0,0,0,0,0,1,0,2020,10,21,2,0,0,0,1
44.0,0,112068.9,28,29864.53,574.3770154373927,1,244842.21,1,0,0,0,0,1,0,0,1,0,0,2020,10,22,3,1,0,0,0
45.0,1,55795.12,31,6759.86,537.0,0,254732.14,0,0,0,0,0,0,0,0,0,1,0,2020,10,23,4,0,0,0,0
20.0,0,130386.66,23,38208.37,559.0,1,456729.17,1,0,1,0,0,0,0,0,0,0,0,2020,10,24,5,0,0,0,1
67.0,1,39150.16,10,30832.53,537.0,1,317105.91,0,0,1,0,0,0,0,0,0,0,0,2020,10,25,6,0,0,0,0
35.0,1,48777.58,30,51503.98,757.0,1,250383.85,1,0,0,0,0,1,0,0,1,0,0,2020,10,26,0,0,0,1,0
33.0,0,107325.41,3,40192.46,742.0,1,152735.75,1,0,0,0,1,0,0,0,1,0,0,2020,10,27,1,1,0,0,0
18.0,0,85476.32999999999,20,16192.0,545.0,1,216895.17,0,0,1,0,0,0,0,1,0,0,0,2020,10,28,2,1,0,0,0
32.0,1,77610.84,2,44068.53,364.0,0,221865.65,0,0,0,0,1,0,0,0,0,0,0,2020,10,29,3,0,0,0,1
37.0,1,116078.5,20,34829.17,499.0,1,342743.86,0,0,1,0,0,0,1,0,0,0,0,2020,10,30,4,0,0,0,1
20.0,1,132757.44,17,34798.72,659.0,0,133090.6,0,1,0,0,0,0,1,0,0,0,0,2020,10,31,5,0,1,0,0
55.0,1,77612.78,16,23848.84,817.0,0,372438.36,1,0,0,0,0,0,0,0,0,1,0,2020,1,11,5,0,0,0,1
26.0,0,111241.03,34,46507.3,669.0,1,385541.02,1,0,0,0,0,1,0,0,0,0,0,2020,2,11,1,1,0,0,0
33.0,0,92469.85,1,34798.72,538.0,1,243162.35,1,0,0,0,1,0,1,0,0,0,0,2020,3,11,2,1,0,0,0
45.0,1,39519.33,13,14619.74,625.0,1,125509.35,0,0,1,0,0,0,0,0,0,0,0,2020,4,11,5,1,0,0,0
55.0,1,89124.37,14,83846.23,748.0,0,226809.31,0,1,0,0,0,0,0,0,1,0,0,2020,5,11,0,0,0,0,0
28.0,0,113460.53,21,50695.58,757.0,1,389121.75,0,0,0,0,0,1,0,0,0,1,0,2020,6,11,3,1,0,0,0
70.0,1,70648.62,2,16869.98,441.0,1,268546.64,0,0,0,0,0,0,0,0,0,1,0,2020,7,11,5,0,0,0,1
47.0,0,127085.38,31,28029.8,587.0,0,2516.59,1,0,0,0,0,0,1,0,0,0,0,2020,8,11,1,1,0,0,0
44.0,1,89963.53,22,34798.72,312.0,0,413463.14,1,0,0,0,0,1,0,1,0,0,0,2020,9,11,4,0,0,0,0
60.0,1,114437.42,2,8188.66,719.0,0,118460.89,0,0,0,0,1,0,0,0,0,0,0,2020,10,11,6,0,0,1,0
29.0,0,87027.43,12,39367.25,537.0,1,111946.7,0,0,1,0,0,0,0,0,1,0,0,2020,11,11,2,0,0,0,1
34.0,1,87058.86,12,13234.88,688.0,1,147198.81,0,0,0,0,1,0,0,0,0,0,0,2020,12,11,4,0,0,0,0
46.22862068965517,0,102032.16,26,37905.52,558.0,1,306704.01,0,0,0,0,0,0,0,1,0,0,0,2020,11,13,4,0,0,0,1
58.0,0,42994.43,8,35072.76,348.0,1,126221.64,0,0,0,0,0,0,0,0,1,0,0,2020,11,14,5,0,0,0,0
71.0,0,68556.8,2,7656.88,361.0,1,137783.0,0,0,1,0,0,0,0,0,0,0,0,2020,11,15,6,0,0,0,1
53.0,0,116352.68,4,18750.3,401.0,1,503847.86,0,0,0,0,1,0,0,0,0,1,0,2020,11,16,0,0,0,0,1
25.0,1,85476.32999999999,4,56508.64,731.0,1,226061.93,0,0,0,0,1,0,0,1,0,0,0,2020,11,17,1,0,0,0,0
61.0,0,71218.64,29,34798.72,310.0,1,-26618.04,0,0,0,0,1,0,0,0,0,1,0,2020,11,18,2,1,0,0,0
46.22862068965517,1,94184.35,6,47353.89,835.0,1,212075.26,1,1,0,0,0,0,0,0,1,0,0,2020,11,19,3,0,0,1,0
25.0,1,140488.55,30,38552.61,497.0,1,107478.02,1,0,0,0,0,1,0,0,0,1,0,2020,11,20,4,0,0,0,0
34.0,0,26953.23,14,21642.09,570.0,1,267448.66,1,0,0,1,0,0,1,0,0,0,0,2020,11,21,5,0,0,0,1
62.0,0,85930.84,20,22251.29,549.0,1,414437.43,1,0,0,0,1,0,0,0,0,0,1,2020,11,22,6,0,0,0,1
25.0,1,73713.05,9,34798.72,410.0,1,503732.98,0,0,1,0,0,0,0,0,0,1,0,2020,11,23,0,0,0,0,0
73.0,1,55817.22,6,26772.66,693.0,0,189448.51,0,0,0,1,0,0,0,0,0,1,0,2020,11,24,1,0,1,0,0
24.0,1,142534.0,21,48204.58,345.0,1,272803.59,1,0,0,0,0,1,0,0,0,0,0,2020,11,25,2,0,0,0,1
19.0,1,76053.77,7,27136.77,546.0,1,500016.08,1,0,0,1,0,0,0,1,0,0,0,2020,11,26,3,0,0,1,0
61.0,0,116698.99,1,62999.09,457.0,1,250108.32,1,0,0,0,0,0,1,0,0,0,0,2020,11,27,4,0,0,1,0
18.0,0,47418.08,12,34097.25,679.0,1,251238.59,0,0,0,1,0,0,0,0,0,1,0,2020,11,28,5,0,0,0,0
23.0,1,41682.52,19,52364.63,354.0,1,218562.94,0,0,0,1,0,0,0,0,0,0,0,2020,11,29,6,0,0,1,0
56.0,1,18480.41,34,26476.37,481.0,1,40280.9,1,0,1,0,0,0,1,0,0,0,0,2020,11,30,0,0,1,0,0
46.22862068965517,0,112160.8,21,42384.3,844.0,1,184053.88,0,0,1,0,0,0,0,0,1,0,0,2020,1,12,6,0,1,0,0
68.0,0,153842.84,24,49924.12,722.0,1,336504.05,0,0,0,0,0,1,0,0,0,1,0,2020,2,12,2,0,1,0,0
31.0,0,114924.87,32,32285.2,408.0,1,236007.32,1,0,0,0,0,1,0,0,0,0,0,2020,3,12,3,0,0,0,1
64.0,0,74479.96,32,32048.3,338.0,1,397892.96,0,0,0,0,1,0,1,0,0,0,0,2020,4,12,6,1,0,0,0
41.0,1,65721.82,33,29057.8,342.0,0,247704.90777003483,1,0,0,0,1,0,0,0,0,1,0,2020,5,12,1,0,0,0,0
62.0,1,89498.17,23,42968.46,507.0,1,297110.41,1,0,0,1,0,0,0,1,0,0,0,2020,6,12,4,0,0,0,0
26.0,1,93898.51,5,23038.67,379.0,1,226030.01,0,0,1,0,0,0,0,0,0,0,0,2020,7,12,6,0,0,0,1
59.0,1,36596.79,5,29561.63,776.0,1,317125.16,0,0,1,0,0,0,0,0,1,0,0,2020,8,12,2,0,0,0,1
55.0,1,134378.75,30,40766.04,561.0,0,83883.11,0,0,0,0,0,1,1,0,0,0,0,2020,9,12,5,0,1,0,0
41.0,0,81605.52,22,29027.41,664.0,1,328161.5,0,0,0,0,0,0,0,0,0,1,0,2020,10,12,0,0,1,0,0
44.0,0,112376.32,31,58544.2,574.3770154373927,1,-24208.22,0,0,0,0,0,0,0,0,0,0,1,2020,11,12,3,0,1,0,0
27.0,1,145459.26,28,37525.23,479.0,1,364452.22,0,0,1,0,0,0,0,0,0,0,1,2020,12,12,5,0,0,0,0
40.0,0,136688.83,4,28487.41,455.0,0,240604.08,1,0,0,0,1,0,0,0,0,0,0,2020,12,13,6,0,0,1,0
52.0,0,54782.1,5,34798.72,735.0,1,277082.81,0,0,1,0,0,0,0,1,0,0,0,2020,12,14,0,0,0,0,1
63.0,0,55946.93,7,39829.65,464.0,1,137275.15,0,0,0,1,0,0,0,1,0,0,0,2020,12,15,1,1,0,0,0
52.0,0,36903.4,13,34144.3,332.0,0,446820.3,0,0,0,0,0,1,0,0,0,1,0,2023,12,4,0,0,0,1,0
44.0,0,121272.88,24,24725.8,469.0,1,265637.14,0,0,0,1,0,0,0,1,0,0,0,2020,12,17,3,0,0,1,0
58.0,0,85476.32999999999,2,21119.21,593.0,1,377147.96,1,0,0,0,1,0,0,0,1,0,0,2020,12,18,4,0,0,0,0
57.0,1,100103.21,22,26006.36,595.0,1,183461.97,0,0,0,0,0,1,0,0,0,0,0,2020,12,19,5,0,0,0,1
71.0,0,63159.66,12,61338.3,726.0,0,89581.22,0,0,0,0,1,0,0,0,0,1,0,2020,12,20,6,1,0,0,0
62.0,1,86076.38,21,41876.46,446.0,0,386511.08,1,0,0,0,1,0,0,0,0,0,0,2020,12,21,0,0,0,0,0
22.0,0,62602.71,26,27427.83,578.0,1,69194.92,0,0,0,1,0,0,0,0,0,0,0,2025,6,15,6,1,0,0,0
53.0,0,64415.67,12,40355.73,573.0,1,118192.98,0,0,0,1,0,0,0,0,0,1,0,2020,12,23,2,0,0,0,1
58.0,1,113123.27,11,33586.34,306.0,0,157070.44,1,0,0,1,0,0,0,1,0,0,0,2020,12,24,3,0,1,0,0
72.0,1,93953.74,12,27712.53,692.0,0,381134.07,0,0,1,0,0,0,1,0,0,0,0,2020,12,25,4,0,0,0,1
61.0,1,80013.73,14,18710.48,555.0,1,247704.90777003483,0,0,1,0,0,0,1,0,0,0,0,2020,12,26,5,0,0,0,0
49.0,0,106314.2,4,34798.72,765.0,0,207366.14,0,0,0,1,0,0,1,0,0,0,0,2020,12,27,6,0,0,1,0
20.0,0,85476.32999999999,9,30831.23,528.0,1,182138.32,1,0,0,1,0,0,1,0,0,0,0,2020,12,28,0,1,0,0,0
30.0,0,96306.22,11,6043.66,379.0,1,248856.87,1,0,1,0,0,0,0,1,0,0,0,2020,12,29,1,0,0,0,1
61.0,1,58966.45,27,58290.72,840.0,1,194333.76,0,0,1,0,0,0,0,0,0,1,0,2020,12,30,2,0,0,0,0
48.0,0,85889.88,3,34798.72,547.0,1,280879.74,0,0,0,0,0,1,1,0,0,0,0,2020,12,31,3,0,0,0,1
57.0,0,91626.91,30,38962.45,355.0,1,151581.24,1,0,0,0,1,0,0,1,0,0,0,2021,1,1,4,0,1,0,0
31.0,0,85476.32999999999,22,24367.62,459.0,1,215648.58,0,0,0,0,1,0,0,0,1,0,0,2021,2,1,0,1,0,0,0
63.0,0,61472.96,33,35783.0,718.0,1,376545.04,1,0,0,1,0,0,0,0,0,0,0,2021,3,1,0,0,1,0,0
22.0,0,80473.03,14,42031.51,681.0,1,167832.19,0,0,0,1,0,0,0,0,1,0,0,2021,4,1,3,0,1,0,0
73.0,0,35815.49,22,33160.85,317.0,1,199620.97,0,0,1,0,0,0,0,0,0,0,1,2021,5,1,5,0,0,0,1
46.22862068965517,0,84702.05,0,12030.76,389.0,1,301289.98,0,0,1,0,0,0,0,1,0,0,0,2021,6,1,1,0,0,1,0
57.0,1,119557.47,12,25616.41,343.0,1,160357.46,0,0,0,1,0,0,0,0,0,0,0,2021,7,1,3,0,0,0,1
33.0,0,149470.02,11,19692.94,770.0,1,155516.0,0,0,1,0,0,0,0,0,0,0,0,2021,8,1,6,0,0,0,1
63.0,1,87041.74,10,42668.36,829.0,0,190178.85,0,0,0,0,0,1,0,0,0,0,0,2021,9,1,2,0,0,0,1
35.0,1,46518.38,30,31047.99,359.0,1,294079.24,1,0,0,0,0,1,0,0,1,0,0,2021,10,1,4,1,0,0,0
66.0,1,115051.27,6,38080.96,703.0,1,200845.67,0,0,0,0,1,0,1,0,0,0,0,2021,11,1,0,0,0,0,0
74.0,0,80184.18,22,40011.05,529.0,1,83130.96,0,0,1,0,0,0,0,0,0,1,0,2021,12,1,2,0,0,0,0
66.0,0,97297.42,20,40831.03,841.0,1,125145.08,0,0,0,0,0,0,0,1,0,0,0,2021,1,13,2,0,1,0,0
40.0,1,106610.79,8,40487.71,690.0,1,311063.7,0,0,0,0,0,0,0,0,0,1,0,2021,1,14,3,0,0,1,0
69.0,0,103956.19,3,42346.84,379.0,1,135623.42,0,0,0,0,0,0,0,1,0,0,0,2021,1,15,4,1,0,0,0
43.0,1,40481.61,31,19055.03,512.0,1,267299.8,0,0,0,0,1,0,0,0,0,0,0,2021,1,16,5,0,0,1,0
64.0,1,95393.73,0,25732.92,355.0,1,442736.01,0,0,0,0,0,0,0,1,0,0,0,2021,1,17,6,1,0,0,0
70.0,0,50619.67,20,33588.17,740.0,0,285435.15,0,0,0,0,0,1,0,1,0,0,0,2021,1,18,0,0,0,0,0
39.0,0,109300.18,32,43066.18,431.0,1,-50883.53,0,0,0,0,0,0,1,0,0,0,0,2021,1,19,1,1,0,0,0
63.0,1,135665.84,11,23570.93,648.0,0,78610.37,0,0,0,0,0,0,0,1,0,0,0,2021,1,20,2,1,0,0,0
74.0,1,100469.94,1,28494.67,578.0,1,111704.13,0,0,0,0,0,1,0,0,0,0,0,2021,1,21,3,0,0,0,0
66.0,1,16654.16,2,14043.13,330.0,1,274037.53,1,0,0,1,0,0,0,0,1,0,0,2021,1,22,4,0,0,1,0
29.0,0,110783.44,23,23637.01,577.0,1,125720.89,0,0,1,0,0,0,0,0,0,0,0,2021,1,23,5,1,0,0,0
44.0,0,73444.58,28,32594.48,787.0,0,275668.94,0,0,0,0,1,0,0,0,0,0,1,2021,1,24,6,0,0,0,0
43.0,0,117383.57,9,30590.59,760.0,1,389698.8,0,0,0,1,0,0,0,0,1,0,0,2021,1,25,0,1,0,0,0
30.0,0,146281.52,0,2849.21,533.0,0,440127.13,0,0,0,0,0,1,0,0,0,1,0,2021,1,26,1,0,0,0,0
30.0,1,122477.99,15,24040.38,431.0,1,412024.93,1,0,0,1,0,0,0,0,1,0,0,2021,1,27,2,0,0,0,1
21.0,1,68170.51,25,19231.78,713.0,1,163601.49,0,0,0,0,0,0,0,1,0,0,0,2021,1,28,3,0,1,0,0
46.22862068965517,0,42354.55,29,6971.36,652.0,0,266947.49,0,0,0,0,1,0,1,0,0,0,0,2021,1,29,4,0,0,1,0
22.0,1,87257.45,27,47851.64,757.0,1,217658.04,0,0,0,0,0,0,0,1,0,0,0,2021,1,30,5,0,0,0,1
25.0,0,60970.36,8,43485.63,711.0,1,484472.31,0,0,0,0,0,1,0,0,0,0,0,2021,1,31,6,0,1,0,0
46.22862068965517,1,135068.72,23,40190.47,410.0,1,309372.28,0,0,1,0,0,0,0,0,0,1,0,2021,1,2,5,0,0,1,0
47.0,1,114783.16,9,41232.6,313.0,1,281046.27,0,0,0,0,1,0,0,1,0,0,0,2021,2,2,1,0,0,0,1
33.0,0,61761.65,21,29497.37,412.0,0,113962.04,1,0,0,0,0,0,0,0,0,1,0,2021,3,2,1,0,1,0,0
43.0,1,114139.84,10,33612.53,569.0,1,279989.35,0,0,0,0,0,1,0,0,1,0,0,2021,4,2,4,0,0,0,0
62.0,1,68283.28,26,32915.66,329.0,0,380884.09,0,0,1,0,0,0,0,0,1,0,0,2021,5,2,6,1,0,0,0
38.0,0,117177.97,26,49141.19,848.0,1,163440.64,0,0,1,0,0,0,1,0,0,0,0,2021,6,2,2,0,0,1,0
31.0,1,73440.3,29,64384.89,464.0,0,382699.1,0,0,0,0,0,0,0,0,0,0,0,2021,7,2,4,0,0,0,0
22.0,0,112199.47,31,39174.41,529.0,1,294846.26,1,0,0,0,0,0,0,0,0,1,0,2021,8,2,0,0,0,0,0
42.0,1,62957.56,25,21033.61,719.0,0,207173.23,0,0,0,1,0,0,0,1,0,0,0,2021,9,2,3,0,1,0,0
64.0,0,36715.55,12,35746.11,487.0,0,280288.89,0,0,0,0,0,0,0,0,0,1,0,2021,10,2,5,0,0,0,1
44.0,0,45811.23,4,50622.83,787.0,0,314826.32,0,0,0,0,0,0,0,0,1,0,0,2021,11,2,1,0,0,1,0
33.0,0,72367.94,7,34798.72,737.0,1,34417.9,0,1,0,0,0,0,1,0,0,0,0,2021,12,2,3,0,0,0,1
35.0,1,83299.44,34,60632.87,850.0,1,383712.83,1,0,0,0,0,1,0,0,0,1,0,2021,2,13,5,0,0,0,0
18.0,1,34669.95,16,28971.32,727.0,1,247704.90777003483,0,0,0,0,1,0,0,0,0,0,0,2021,2,14,6,0,0,0,0
28.0,1,82229.29,13,37954.14,802.0,1,163838.35,0,0,1,0,0,0,0,0,0,0,0,2021,2,15,0,1,0,0,0
23.0,1,108691.74,2,37578.08,470.0,1,261725.33,1,0,0,0,1,0,0,0,1,0,0,2021,2,16,1,0,1,0,0
33.0,1,111727.34,1,60816.52,611.0,1,344606.79,0,0,0,0,0,0,0,0,1,0,0,2021,2,17,2,0,1,0,0
71.0,0,69061.63,24,41878.75,764.0,0,247704.90777003483,0,0,0,0,0,0,1,0,0,0,0,2021,2,18,3,0,0,1,0
66.0,0,36796.49,24,28756.17,569.0,1,204055.97,0,0,0,0,0,0,0,0,0,1,0,2021,2,19,4,0,0,1,0
61.0,1,161631.18,31,33802.96,574.3770154373927,1,393450.98,0,0,0,0,1,0,0,1,0,0,0,2021,2,20,5,0,1,0,0
74.0,0,85476.32999999999,21,25570.39,791.0,0,204327.02,0,0,0,0,0,1,0,0,0,0,0,2021,2,21,6,1,0,0,0
35.0,1,85740.34,20,24853.82,817.0,1,67351.43,0,0,1,0,0,0,0,0,0,0,0,2021,2,22,0,1,0,0,0
39.0,0,134078.69,12,33516.04,448.0,1,149333.85,0,0,0,0,0,1,0,1,0,0,0,2021,2,23,1,0,0,0,0
20.0,0,73765.93,25,9197.34,340.0,0,285150.53,0,0,0,0,1,0,0,0,0,1,0,2021,2,24,2,0,1,0,0
44.0,0,85851.2,3,24796.4,825.0,0,412542.41,0,0,0,0,1,0,1,0,0,0,0,2021,2,25,3,1,0,0,0
47.0,0,71000.97,32,40435.71,789.0,1,113767.34,1,0,1,0,0,0,0,1,0,0,0,2021,2,26,4,0,0,0,0
37.0,0,85476.32999999999,18,39529.32,402.0,1,146076.98,0,0,0,0,0,0,0,0,0,0,0,2021,2,27,5,0,0,1,0
56.0,1,101428.96,29,20880.34,541.0,1,406986.85,0,0,0,0,0,1,0,1,0,0,0,2021,2,28,6,0,0,0,0
38.0,1,92354.69,7,24845.69,594.0,0,154118.37,0,0,0,0,0,1,0,1,0,0,0,2021,1,3,6,0,1,0,0
43.0,1,55782.72,0,27005.76,624.0,0,249316.89,1,0,0,0,0,0,0,0,0,1,0,2021,2,3,2,0,0,0,0
57.0,0,110434.01,23,28719.57,675.0,1,238672.16,0,0,0,0,0,1,0,0,0,1,0,2021,3,3,2,1,0,0,0
46.22862068965517,1,40929.05,32,36029.83,474.0,1,234630.67,0,0,0,0,1,0,0,0,1,0,0,2021,5,3,0,1,0,0,0
57.0,0,49762.13,18,26997.21,717.0,0,166671.48,0,0,0,0,0,1,1,0,0,0,0,2021,6,3,3,0,0,0,1
36.0,1,86387.25,33,12927.11,746.0,1,305492.27,0,0,0,0,0,0,0,0,0,0,0,2021,7,3,5,1,0,0,0
30.0,1,94446.07,4,49161.01,685.0,0,375570.57,0,0,1,0,0,0,0,0,0,1,0,2021,8,3,1,0,0,0,0
26.0,1,119428.43,3,37665.96,728.0,0,60850.91,0,0,0,0,0,0,0,0,0,0,0,2021,9,3,4,0,0,1,0
36.0,0,96778.86,6,32457.68,446.0,1,265668.95,0,0,0,0,1,0,0,0,0,0,1,2021,10,3,6,1,0,0,0
58.0,1,70636.96,34,10242.5,692.0,0,463058.72,0,0,1,0,0,0,0,1,0,0,0,2021,11,3,2,0,1,0,0
66.0,0,85476.32999999999,7,39334.96,830.0,1,250294.35,0,0,0,0,0,0,0,0,0,0,0,2021,12,3,4,0,0,1,0
43.0,1,89345.92,26,33029.12,419.0,1,196813.89,1,0,0,0,0,0,1,0,0,0,0,2021,3,13,5,1,0,0,0
22.0,0,111383.23,14,46904.47,706.0,1,143593.91,0,0,0,1,0,0,0,1,0,0,0,2021,3,14,6,0,1,0,0
70.0,0,61550.76,6,37157.7,394.0,1,153449.95,1,0,0,0,0,1,0,0,1,0,0,2021,3,15,0,0,1,0,0
65.0,0,98038.96,30,29785.14,457.0,0,207733.02,0,0,0,0,1,0,0,0,1,0,0,2021,3,16,1,0,0,1,0
41.0,1,105572.39,7,25657.17,408.0,0,164513.89,0,0,1,0,0,0,1,0,0,0,0,2021,3,17,2,0,1,0,0
53.0,1,161414.56,27,50910.53,799.0,1,289619.1,0,0,0,0,1,0,0,1,0,0,0,2021,3,18,3,1,0,0,0
19.0,1,62573.72,8,34798.72,587.0,1,202275.24,0,0,0,1,0,0,0,0,0,0,0,2021,3,19,4,1,0,0,0
41.0,0,85476.32999999999,5,34798.72,624.0,1,247161.54,0,0,0,0,0,0,0,0,1,0,0,2021,3,20,5,1,0,0,0
59.0,1,112744.2,29,34798.72,842.0,0,105943.88,0,0,0,1,0,0,0,0,1,0,0,2021,3,21,6,0,0,0,0
60.0,1,103198.74,24,48723.33,578.0,0,94131.69,0,0,0,0,0,0,0,0,1,0,0,2021,3,22,0,0,0,1,0
74.0,1,74382.45,13,41793.86,741.0,0,226567.81,0,0,0,0,1,0,0,0,0,1,0,2021,3,23,1,1,0,0,0
46.0,0,80567.01,1,19285.26,624.0,1,18580.42,0,0,0,0,0,0,0,1,0,0,0,2021,3,24,2,0,1,0,0
44.0,1,91599.62,12,56474.83,646.0,1,364767.4,1,0,0,0,1,0,0,1,0,0,0,2021,3,25,3,1,0,0,0
48.0,1,85476.32999999999,5,85179.98,579.0,1,298269.08,0,0,0,0,0,1,1,0,0,0,0,2021,3,26,4,0,1,0,0
72.0,1,131001.07,14,34930.11,380.0,1,136696.4,0,0,0,0,0,0,0,1,0,0,0,2021,3,27,5,0,0,0,0
24.0,1,106066.01,11,35990.8,557.0,1,353112.02,0,0,0,0,0,1,0,0,0,0,1,2021,3,28,6,0,0,1,0
27.0,1,51084.02,9,35137.95,811.0,1,273074.6,1,0,0,1,0,0,0,0,1,0,0,2021,3,29,0,0,1,0,0
63.0,1,32889.24,17,28794.55,599.0,0,239206.93,0,0,0,0,1,0,0,0,1,0,0,2021,3,30,1,0,1,0,0
30.0,1,86932.99,0,43134.2,561.0,0,295726.03,0,0,0,0,0,0,1,0,0,0,0,2021,3,31,2,0,0,1,0
53.0,0,85393.99,11,8640.2,537.0,1,165969.33,0,0,1,0,0,0,0,0,0,0,0,2021,1,4,0,0,0,1,0
37.0,0,105251.83,17,30537.49,696.0,0,298323.59,0,0,0,0,0,0,0,0,0,0,1,2021,2,4,3,1,0,0,0
61.0,1,85320.96,26,35550.71,768.0,0,385190.63,0,0,0,1,0,0,0,0,0,0,0,2021,3,4,3,1,0,0,0
41.0,0,54247.35,34,12003.66,584.0,1,172329.54,0,0,0,1,0,0,0,0,0,0,0,2021,4,4,6,0,0,1,0
27.0,1,85476.32999999999,7,27423.83,432.0,0,407676.97,1,0,0,0,1,0,0,0,0,0,0,2021,5,4,1,0,0,1,0
69.0,0,1.0,34,31954.63,750.0,0,254478.0,0,0,0,0,0,0,0,0,0,1,0,2021,6,4,4,0,1,0,0
18.0,0,50522.47,1,19776.34,815.0,1,197624.37,0,0,0,0,0,0,0,0,0,0,0,2021,7,4,6,0,0,0,0
73.0,1,64109.63,27,34798.72,769.0,1,193979.07,0,0,0,0,0,0,1,0,0,0,0,2021,8,4,2,0,1,0,0
20.0,1,85365.77,24,6161.5,753.0,1,182631.96,0,0,0,1,0,0,0,0,0,0,0,2021,9,4,5,0,0,0,0
47.0,0,68553.43,22,66563.84,385.0,1,188859.91,0,0,1,0,0,0,0,0,0,0,1,2021,10,4,0,0,1,0,0
70.0,1,94808.61,9,26614.98,687.0,0,382754.96,0,0,0,1,0,0,0,0,0,0,0,2021,11,4,3,0,0,0,0
57.0,1,101080.73,23,34798.72,799.0,1,357143.19,0,0,1,0,0,0,0,0,0,0,0,2021,12,4,5,0,1,0,0
30.0,0,100318.88,11,14756.2,314.0,1,332080.92,0,1,0,0,0,0,0,0,1,0,0,2021,4,13,1,0,0,0,0
53.0,1,88136.71,31,18437.79,474.0,0,456665.51,0,0,0,1,0,0,0,0,0,0,0,2021,4,14,2,0,1,0,0
29.0,0,68197.94,16,8261.05,689.0,0,415217.83,1,0,0,1,0,0,0,0,1,0,0,2021,4,15,3,1,0,0,0
67.0,0,51151.8,27,34798.72,309.0,1,363087.83,0,0,0,0,0,0,1,0,0,0,0,2021,4,16,4,0,0,0,0
21.0,0,111126.32,19,2298.38,319.0,0,394647.78,0,0,0,0,0,0,0,1,0,0,0,2021,4,17,5,1,0,0,0
24.0,0,93039.48,6,40514.62,774.0,0,58351.49,0,0,0,0,0,0,0,0,0,1,0,2021,4,18,6,0,0,0,1
58.0,1,109143.26,20,35664.12,751.0,1,129769.22,0,0,0,0,1,0,0,0,0,0,0,2021,4,19,0,0,0,0,0
46.22862068965517,1,63528.86,30,50562.62,481.0,1,191776.29,0,0,0,0,0,0,0,0,0,1,0,2021,4,20,1,0,1,0,0
60.0,1,86298.57,2,38622.63,829.0,0,282157.75,0,0,0,0,1,0,0,0,0,1,0,2021,4,21,2,1,0,0,0
64.0,1,39115.65,32,34798.72,519.0,0,422246.92,1,0,0,0,1,0,1,0,0,0,0,2021,4,22,3,0,0,0,0
22.0,0,91815.3,32,30741.49,777.0,0,208105.11,0,0,0,0,1,0,0,0,1,0,0,2021,4,23,4,0,0,0,1
62.0,1,55178.95,13,54382.67,486.0,1,419925.83,0,0,1,0,0,0,0,0,0,0,0,2021,4,24,5,0,0,1,0
39.0,0,53275.85,32,2555.33,323.0,1,242378.16,0,0,0,0,1,0,0,1,0,0,0,2021,4,25,6,0,1,0,0
61.0,0,82018.08,6,38284.54,798.0,1,316011.53,0,0,0,0,1,0,0,0,0,0,1,2021,4,26,0,0,0,0,0
46.22862068965517,1,71380.53,20,45380.48,643.0,0,210673.91,1,0,0,0,0,1,0,1,0,0,0,2021,4,27,1,0,0,1,0
73.0,0,77227.56,22,33066.09,599.0,0,430302.77,1,0,0,0,0,0,0,1,0,0,0,2021,4,28,2,0,0,1,0
45.0,0,64065.07,26,54649.45,350.0,1,473075.91,0,0,0,0,0,0,0,0,0,0,0,2021,4,29,3,0,1,0,0
19.0,1,105334.05,16,40547.29,638.0,0,189604.05,0,0,0,0,0,0,0,1,0,0,0,2021,4,30,4,1,0,0,0
58.0,1,104357.91,6,36355.83,499.0,1,162535.77,0,0,0,0,0,0,0,0,0,0,0,2021,1,5,1,0,0,0,0
24.0,1,95176.25,3,34798.72,841.0,1,335137.48,0,0,0,1,0,0,0,0,1,0,0,2021,2,5,4,0,0,1,0
52.0,1,97131.71,34,34798.72,665.0,1,186989.93,0,0,0,0,1,0,0,0,0,1,0,2021,3,5,4,1,0,0,0
26.0,1,72727.04,26,54225.75,556.0,1,270678.78,0,0,0,1,0,0,0,0,1,0,0,2021,4,5,0,0,0,0,0
30.0,0,144872.76,13,31423.66,752.0,1,461648.37,0,0,0,1,0,0,0,1,0,0,0,2021,5,5,2,0,1,0,0
51.0,1,122098.46,10,34798.72,800.0,0,206342.81,0,0,0,0,0,0,0,1,0,0,0,2021,6,5,5,0,0,0,1
51.0,1,81161.15,25,60145.11,571.0,1,332020.8,0,0,0,0,1,0,0,1,0,0,0,2021,7,5,0,0,0,1,0
42.0,0,96141.33,32,17274.75,316.0,1,364095.41,0,0,1,0,0,0,0,0,1,0,0,2021,8,5,3,0,0,1,0
34.0,0,40079.63,4,17816.06,373.0,0,214523.5,1,0,1,0,0,0,0,0,0,1,0,2021,9,5,6,1,0,0,0
21.0,1,53655.47,16,33589.92,751.0,1,247704.90777003483,0,0,0,1,0,0,0,0,1,0,0,2021,10,5,1,0,1,0,0
37.0,1,107971.45,24,27857.17,746.0,1,503436.88,0,0,0,0,1,0,1,0,0,0,0,2021,11,5,4,0,1,0,0
33.0,0,135871.34,2,49482.72,684.0,1,76090.56,0,0,1,0,0,0,1,0,0,0,0,2021,12,5,6,1,0,0,0
46.22862068965517,0,127958.08,2,51160.76,384.0,0,393544.32,1,0,0,1,0,0,0,0,0,1,0,2021,5,13,3,0,0,0,0
40.0,1,74750.84,6,51349.59,647.0,0,261518.45,1,0,0,0,1,0,0,0,0,1,0,2021,5,14,4,0,0,1,0
48.0,0,89030.77,11,31961.36,577.0,0,299650.79,0,0,1,0,0,0,0,0,0,0,0,2021,5,15,5,1,0,0,0
46.0,1,85476.32999999999,34,42470.34,462.0,1,360694.59,1,0,0,0,0,0,0,0,0,0,0,2021,5,16,6,0,1,0,0
70.0,0,74113.24,26,38138.14,599.0,0,306544.93,0,0,0,0,0,0,0,0,0,0,0,2021,5,17,0,0,0,0,0
61.0,0,126033.98,10,10149.13,447.0,0,309384.56,1,0,0,1,0,0,0,0,0,0,0,2021,5,18,1,0,0,0,1
49.0,0,82688.83,29,34031.11,676.0,1,468912.42,0,0,0,0,0,0,0,0,0,1,0,2021,5,19,2,0,0,0,1
45.0,0,62733.42,6,10602.11,611.0,1,62385.02,1,0,0,1,0,0,0,0,1,0,0,2021,5,20,3,0,0,0,0
69.0,0,78385.44,34,38531.95,375.0,1,147853.46,0,0,0,1,0,0,0,1,0,0,0,2021,5,21,4,0,0,1,0
65.0,1,47208.38,26,25560.41,515.0,1,299007.83,0,0,0,0,1,0,0,0,1,0,0,2021,5,22,5,0,0,0,0
57.0,0,123303.5,32,19109.05,387.0,1,163061.47,1,0,1,0,0,0,0,1,0,0,0,2021,5,23,6,0,0,0,0
48.0,0,115322.75,30,30046.25,394.0,1,247704.90777003483,1,0,0,0,0,0,0,0,0,1,0,2021,5,24,0,0,0,0,1
24.0,1,120663.98,11,32130.62,684.0,1,27894.33,0,0,0,0,0,1,0,0,1,0,0,2021,5,25,1,0,0,0,1
38.0,1,24665.59,3,9976.47,808.0,0,439218.45,1,0,0,1,0,0,0,0,1,0,0,2021,5,26,2,0,0,0,1
58.0,1,79494.76,19,31879.99,735.0,0,329452.05,0,0,0,0,0,1,1,0,0,0,0,2021,5,27,3,0,0,0,1
63.0,0,80528.33,19,18916.23,816.0,0,251458.73,0,0,1,0,0,0,0,0,0,0,0,2021,5,28,4,0,0,1,0
56.0,1,150498.92,19,57559.14,679.0,0,289174.96,1,0,0,0,1,0,0,0,1,0,0,2021,5,29,5,0,0,0,1
28.0,1,85476.32999999999,17,50140.81,349.0,0,344089.91,0,0,0,1,0,0,0,0,0,0,0,2021,5,30,6,0,0,1,0
30.0,1,94167.84,16,36394.18,585.0,1,123407.12,0,0,1,0,0,0,0,1,0,0,0,2021,5,31,0,1,0,0,0
68.0,1,77599.63,8,18864.1,311.0,1,169150.05,0,0,0,0,0,1,0,0,0,0,0,2021,1,6,2,1,0,0,0
38.0,0,103289.24,17,56204.72,619.0,0,325915.11,0,0,0,0,0,0,0,0,1,0,0,2021,2,6,5,0,0,0,0
56.0,0,69629.12,16,15090.92,807.0,1,326027.5,0,0,0,1,0,0,0,0,0,1,0,2021,3,6,5,0,0,1,0
29.0,1,57768.45,4,35529.72,442.0,1,425119.85,0,0,1,0,0,0,0,0,1,0,0,2021,4,6,1,0,1,0,0
72.0,0,95180.99,9,31877.31,417.0,0,367036.75,0,0,1,0,0,0,1,0,0,0,0,2021,5,6,3,0,1,0,0
33.0,0,99192.57,27,23663.23,833.0,0,85552.65,0,0,0,1,0,0,0,0,0,1,0,2021,6,6,6,0,0,0,1
29.0,0,73056.21,33,29163.2,501.0,1,431762.01,0,0,0,1,0,0,1,0,0,0,0,2021,7,6,1,0,0,1,0
33.0,1,107940.65,12,77044.81,692.0,0,166314.33,0,0,1,0,0,0,0,1,0,0,0,2021,8,6,4,1,0,0,0
31.0,1,109591.6,27,32446.79,604.0,1,235608.25,0,0,0,0,0,0,0,0,1,0,0,2021,9,6,0,0,0,1,0
23.0,0,107257.67,15,55604.72,481.0,0,354929.48,0,0,1,0,0,0,0,0,0,1,0,2021,10,6,2,0,0,0,0
46.22862068965517,0,88115.6,21,18540.82,440.0,0,276132.48,0,0,0,1,0,0,0,0,0,1,0,2021,11,6,5,0,0,0,1
50.0,1,114690.79,1,16136.23,766.0,1,214024.64,0,0,0,0,0,1,0,0,0,1,0,2021,12,6,0,0,0,1,0
26.0,0,129126.74,11,7275.67,451.0,1,29393.33,0,0,1,0,0,0,0,0,0,1,0,2021,6,13,6,0,1,0,0
44.0,1,50408.04,10,45332.01,611.0,1,257410.37,0,0,1,0,0,0,0,1,0,0,0,2021,6,14,0,0,1,0,0
20.0,1,74304.93,4,30004.09,378.0,1,208484.99,0,0,0,0,0,1,0,0,1,0,0,2021,6,15,1,0,0,1,0
49.0,0,84215.39,2,41198.93,419.0,0,458625.28,0,0,0,0,0,1,0,0,0,0,0,2021,6,16,2,0,0,0,0
38.0,1,77047.04,22,40701.23,426.0,0,340927.62,0,0,0,1,0,0,0,0,0,1,0,2021,6,17,3,0,1,0,0
56.0,0,84689.64,27,29451.26,757.0,0,400733.54,0,0,1,0,0,0,0,0,0,0,0,2021,6,18,4,0,0,1,0
60.0,1,72637.73,1,33586.3,754.0,1,118232.92,0,0,0,0,1,0,0,0,0,0,0,2021,6,19,5,0,0,0,0
27.0,0,23184.91,11,38171.14,574.3770154373927,0,213787.92,0,0,0,0,0,1,0,0,0,1,0,2021,6,20,6,0,0,0,0
46.22862068965517,1,61518.22,9,21936.59,574.3770154373927,0,479265.53,1,0,0,1,0,0,1,0,0,0,0,2021,6,21,0,0,1,0,0
63.0,0,16428.31,23,40257.11,838.0,0,387748.57,1,0,0,0,0,1,0,0,1,0,0,2021,6,22,1,0,0,0,0
31.0,0,137059.93,24,32569.78,323.0,1,170138.41,0,0,0,0,0,0,0,0,0,1,0,2021,6,23,2,1,0,0,0
43.0,1,85476.32999999999,29,14819.96,784.0,1,210489.27,0,0,0,1,0,0,0,1,0,0,0,2021,6,24,3,0,0,0,0
71.0,0,45797.49,30,24573.17,828.0,1,229958.91,0,0,0,0,1,0,0,1,0,0,0,2021,6,25,4,0,0,1,0
68.0,1,13955.83,13,45534.7,413.0,0,185771.74,0,1,0,0,0,0,0,0,1,0,0,2021,6,26,5,1,0,0,0
22.0,0,112385.47,32,27925.01,420.0,1,-17605.24,0,0,0,0,0,1,0,0,1,0,0,2021,6,27,6,0,0,1,0
68.0,0,94097.59,13,31305.99,368.0,1,-25935.28,1,0,0,0,1,0,0,0,1,0,0,2021,6,28,0,1,0,0,0
22.0,0,24541.32,19,24797.7,599.0,0,247704.90777003483,0,0,0,0,0,0,0,0,0,0,0,2021,6,29,1,0,0,0,0
36.0,1,70429.43,8,15881.55,352.0,1,11923.13,1,0,0,0,0,0,1,0,0,0,0,2021,6,30,2,1,0,0,0
58.0,1,85865.91,30,60481.16,695.0,0,301201.86,0,0,1,0,0,0,0,0,1,0,0,2021,1,7,3,1,0,0,0
64.0,1,79816.63,16,12715.57,461.0,1,-32965.54,0,0,0,1,0,0,0,0,0,1,0,2021,2,7,6,0,1,0,0
21.0,1,89716.24,25,55214.77,724.0,0,247704.90777003483,0,0,1,0,0,0,0,1,0,0,0,2021,3,7,6,0,1,0,0
72.0,0,95344.3,3,34081.14,827.0,1,200416.33,0,0,0,1,0,0,0,0,0,0,0,2021,4,7,2,0,1,0,0
73.0,1,84583.4,19,16945.33,574.3770154373927,0,213798.08,0,0,0,0,0,0,0,0,1,0,0,2021,5,7,4,0,0,0,0
39.0,0,42203.05,32,36048.92,596.0,1,220001.72,1,0,1,0,0,0,0,0,0,1,0,2021,6,7,0,0,0,1,0
33.0,0,120354.94,8,32685.93,761.0,1,422654.09,0,0,0,1,0,0,1,0,0,0,0,2021,7,7,2,1,0,0,0
24.0,0,84384.59,1,41691.71,759.0,1,283869.23,0,0,0,0,0,0,1,0,0,0,0,2021,8,7,5,0,0,0,0
25.0,0,74115.36,9,42959.0,837.0,1,108728.16,0,0,0,1,0,0,0,0,0,1,0,2021,9,7,1,1,0,0,0
21.0,1,85443.14,4,41228.65,574.3770154373927,1,262438.06,0,0,0,0,0,0,1,0,0,0,0,2021,10,7,3,0,0,0,0
61.0,1,94934.66,16,19357.78,428.0,0,189769.54,0,0,1,0,0,0,0,0,1,0,0,2021,11,7,6,0,0,0,0
42.0,0,45929.77,15,12470.06,386.0,1,161176.32,1,0,0,1,0,0,0,1,0,0,0,2021,12,7,1,0,0,0,1
42.0,1,74721.71,3,10857.68,748.0,1,413201.45,0,0,0,1,0,0,1,0,0,0,0,2021,7,13,1,0,0,0,0
32.0,1,82567.06,19,43246.06,765.0,0,504324.85,0,0,0,0,0,1,0,1,0,0,0,2021,7,14,2,1,0,0,0
69.0,0,95004.83,3,47125.92,649.0,1,247704.90777003483,0,0,0,0,0,0,0,0,0,0,0,2021,7,15,3,0,1,0,0
47.0,0,139167.39,19,29117.8,836.0,1,341363.67,0,0,0,0,0,0,0,1,0,0,0,2021,7,16,4,0,1,0,0
46.0,1,80836.71,20,23760.15,777.0,0,339268.66,0,0,0,0,0,0,1,0,0,0,0,2021,7,17,5,1,0,0,0
39.0,1,94260.86,7,55590.0,351.0,0,338835.52,0,0,0,0,1,0,0,0,1,0,0,2021,7,18,6,0,0,0,0
18.0,1,95971.76,32,19281.46,372.0,1,247704.90777003483,1,0,0,0,0,1,0,1,0,0,0,2021,7,19,0,0,0,1,0
27.0,0,71634.03,19,34798.72,564.0,1,235284.65,0,0,0,0,0,0,0,0,0,0,1,2021,7,20,1,0,0,0,1
27.0,1,94583.51,29,38554.1,507.0,1,233128.51,0,0,0,0,0,1,0,0,0,0,0,2021,7,21,2,0,1,0,0
42.0,1,67117.72,23,36671.61,770.0,0,298123.97,0,0,1,0,0,0,0,0,0,0,0,2021,7,22,3,1,0,0,0
23.0,0,85476.32999999999,32,37177.37,574.3770154373927,1,259527.1,0,0,0,0,0,1,0,0,0,0,0,2021,7,23,4,0,1,0,0
46.22862068965517,0,128771.38,5,8428.09,574.3770154373927,0,-31787.71,0,0,0,0,0,1,0,0,0,0,1,2021,7,24,5,0,0,0,1
28.0,0,88126.95,20,41706.05,367.0,1,247704.90777003483,1,0,0,0,1,0,0,0,0,1,0,2021,7,25,6,1,0,0,0
51.0,1,82785.37,3,38563.82,693.0,0,321096.64,0,0,0,0,0,0,1,0,0,0,0,2021,7,26,0,0,0,1,0
33.0,0,75760.74,4,27433.88,842.0,1,86862.24,0,0,1,0,0,0,1,0,0,0,0,2021,7,27,1,0,1,0,0
22.0,0,98863.55,23,33005.21,814.0,0,337482.54,0,1,0,0,0,0,0,0,1,0,0,2021,7,28,2,0,0,1,0
22.0,0,29587.59,29,47385.09,410.0,1,182117.76,1,0,0,0,1,0,0,0,1,0,0,2021,7,29,3,0,0,0,1
45.0,0,75759.58,10,53390.66,537.0,0,152589.23,0,0,0,0,0,0,1,0,0,0,0,2021,7,30,4,0,0,1,0
68.0,1,74176.21,4,53854.98,436.0,1,241599.59,0,0,0,0,0,1,0,0,0,0,0,2021,7,31,5,0,0,1,0
59.0,0,85973.48,8,49175.2,719.0,1,273553.09,0,0,1,0,0,0,1,0,0,0,0,2021,1,8,4,0,1,0,0
56.0,1,86993.78,26,20035.05,370.0,0,74191.3,0,0,0,0,0,1,0,0,0,0,0,2021,2,8,0,0,1,0,0
53.0,1,63431.78,29,48486.89,356.0,1,162532.04,1,0,0,0,0,1,0,0,0,1,0,2021,3,8,0,0,0,0,1
43.0,0,101616.53,32,24293.21,769.0,0,195145.25,1,0,1,0,0,0,1,0,0,0,0,2021,4,8,3,1,0,0,0
57.0,1,132453.41,11,34989.8,584.0,1,231441.68,0,0,0,1,0,0,0,0,0,0,0,2021,5,8,5,0,1,0,0
69.0,0,96548.53,3,28530.34,772.0,0,315878.23,0,0,0,0,0,0,0,1,0,0,0,2021,6,8,1,0,1,0,0
48.0,1,91480.77,12,39156.7,454.0,1,308331.38,0,0,1,0,0,0,1,0,0,0,0,2021,7,8,3,1,0,0,0
52.0,0,91065.56,4,16245.97,427.0,1,314437.88,0,0,0,0,1,0,1,0,0,0,0,2021,8,8,6,0,0,1,0
28.0,0,95588.61,19,17664.18,831.0,1,408704.98,0,0,1,0,0,0,0,1,0,0,0,2021,9,8,2,0,0,0,1
56.0,0,51697.09,20,19570.65,476.0,1,334301.05,1,0,0,0,1,0,0,0,1,0,0,2021,10,8,4,0,0,0,1
24.0,1,61764.02,18,42324.38,471.0,0,295963.64,0,0,0,0,0,1,0,0,0,1,0,2021,11,8,0,0,0,0,1
58.0,1,86394.27,13,60528.13,574.3770154373927,0,543007.66,0,0,0,1,0,0,0,0,1,0,0,2021,12,8,2,0,1,0,0
74.0,0,104611.14,26,19770.02,832.0,1,207195.56,0,0,0,1,0,0,0,0,1,0,0,2021,8,13,4,0,0,0,0
43.0,1,85476.32999999999,5,6481.19,338.0,0,261768.56,1,0,0,0,1,0,1,0,0,0,0,2021,8,14,5,1,0,0,0
47.0,0,87345.39,23,53321.05,624.0,1,128713.01,0,0,0,1,0,0,0,0,1,0,0,2021,8,15,6,0,0,1,0
46.22862068965517,0,85476.32999999999,4,46664.64,640.0,0,102328.85,0,0,0,1,0,0,1,0,0,0,0,2021,8,16,0,0,0,0,1
60.0,0,97986.78,0,35306.72,721.0,0,323983.94,0,0,0,1,0,0,0,1,0,0,0,2021,8,17,1,0,0,1,0
68.0,0,95179.49,33,40434.07,759.0,1,334587.95,0,0,0,0,0,1,0,0,0,1,0,2021,8,18,2,0,0,0,1
27.0,1,122703.93,17,34845.32,601.0,1,514848.63,0,0,0,0,1,0,1,0,0,0,0,2021,8,19,3,0,0,1,0
39.0,0,130585.52,29,37071.77,718.0,0,269521.77,0,0,0,0,1,0,0,0,1,0,0,2021,8,20,4,1,0,0,0
38.0,1,58306.32,28,23348.43,690.0,1,271798.34,0,0,0,1,0,0,1,0,0,0,0,2021,8,21,5,0,0,1,0
42.0,1,84940.42,10,32231.67,409.0,0,88305.29,0,0,0,1,0,0,0,1,0,0,0,2021,8,22,6,0,1,0,0
19.0,1,58546.2,0,16688.26,839.0,1,308761.39,1,0,0,1,0,0,0,0,0,0,0,2021,8,23,0,0,0,0,1
33.0,1,59012.67,16,26567.81,574.3770154373927,0,264007.6,0,0,0,0,0,0,0,0,0,0,0,2021,8,24,1,1,0,0,0
46.0,0,108833.31,34,57518.94,648.0,0,241132.23,0,0,0,0,0,1,1,0,0,0,0,2021,8,25,2,0,0,0,0
49.0,0,88962.01,14,40904.9,548.0,0,219687.05,0,0,0,1,0,0,0,0,1,0,0,2021,8,26,3,0,0,1,0
61.0,1,111990.67,27,50598.05,845.0,1,96040.7,0,0,0,0,1,0,0,1,0,0,0,2021,8,27,4,1,0,0,0
48.0,1,47533.25,33,35620.07,421.0,1,247704.90777003483,0,0,0,0,1,0,0,1,0,0,0,2021,8,28,5,0,0,0,1
20.0,0,81816.39,27,59995.79,555.0,0,337819.96,0,0,0,0,1,0,0,0,1,0,0,2021,8,29,6,0,0,1,0
42.0,0,69472.4,9,58190.69,681.0,1,161195.85,0,0,0,1,0,0,0,0,1,0,0,2021,8,30,0,0,1,0,0
42.0,0,47131.29,13,32459.81,574.3770154373927,1,315581.27,1,0,0,0,1,0,0,0,1,0,0,2021,8,31,1,0,1,0,0
38.0,0,29464.45,16,33421.69,361.0,0,203759.08,0,0,0,0,0,0,0,0,0,0,0,2021,1,9,5,0,0,0,1
46.22862068965517,1,114952.36,7,34798.72,519.0,1,165445.2,0,0,0,0,0,0,0,0,0,1,0,2021,2,9,1,0,1,0,0
48.0,0,57309.68,33,42412.33,483.0,1,500610.48,1,0,0,0,0,0,0,0,0,0,0,2021,3,9,1,1,0,0,0
44.0,0,55419.52,27,52837.98,731.0,0,316798.35,0,0,0,0,1,0,0,1,0,0,0,2021,4,9,4,0,0,0,0
39.0,1,96977.49,21,58925.33,746.0,0,275977.72,0,0,0,0,1,0,0,1,0,0,0,2021,5,9,6,0,1,0,0
74.0,0,92270.16,17,30865.6,811.0,1,490730.14,0,0,0,0,0,0,1,0,0,0,0,2021,6,9,2,0,0,0,1
62.0,0,85476.32999999999,0,48817.47,478.0,1,289370.98,1,0,0,1,0,0,0,0,1,0,0,2021,7,9,4,0,0,1,0
26.0,0,53926.6,6,12139.93,395.0,1,174581.63,0,0,0,0,1,0,0,0,1,0,0,2021,8,9,0,0,0,0,0
26.0,0,147418.57,29,21649.82,574.3770154373927,0,266876.13,0,0,0,0,0,0,1,0,0,0,0,2021,9,9,3,0,0,0,1
33.0,0,85476.32999999999,19,28890.25,494.0,1,184470.78,1,0,0,0,0,0,0,1,0,0,0,2021,10,9,5,0,0,0,0
59.0,1,140491.79,26,16650.16,664.0,1,196016.07,0,0,1,0,0,0,1,0,0,0,0,2021,11,9,1,0,1,0,0
29.0,1,40856.59,32,18891.06,531.0,1,267741.6,0,0,1,0,0,0,0,1,0,0,0,2021,12,9,3,0,0,0,0
29.0,0,77674.29,30,52030.33,514.0,1,481121.08,1,0,0,1,0,0,0,0,1,0,0,2021,9,13,0,0,0,0,0
74.0,0,55250.7,32,50136.93,667.0,0,-138086.23,0,0,0,0,1,0,0,0,0,1,0,2021,9,14,1,0,0,0,0
71.0,1,50252.75,4,32803.54,754.0,0,180171.89,0,0,1,0,0,0,0,0,0,0,0,2021,9,15,2,1,0,0,0
58.0,0,99400.52,10,34798.72,517.0,1,503985.84,1,0,0,0,1,0,0,0,0,0,0,2021,9,16,3,0,0,1,0
39.0,0,102336.28,33,40072.64,652.0,0,-67346.74,0,0,0,0,0,0,0,0,0,1,0,2021,9,17,4,0,0,0,0
54.0,0,97555.76,21,24851.9,545.0,1,481134.34,1,0,1,0,0,0,0,0,0,1,0,2021,9,18,5,0,1,0,0
36.0,0,149548.11,24,47440.12,324.0,1,205613.69,0,0,0,1,0,0,0,0,1,0,0,2021,9,19,6,0,0,0,0
18.0,1,125988.48,8,18897.81,741.0,0,157915.4,0,0,0,0,0,0,0,0,1,0,0,2021,9,20,0,0,0,0,0
69.0,1,55734.01,14,40255.56,693.0,0,411679.82,1,0,0,1,0,0,0,1,0,0,0,2021,9,21,1,0,1,0,0
74.0,0,97695.58,21,53712.34,431.0,1,281152.58,0,0,1,0,0,0,0,0,0,0,0,2021,9,22,2,1,0,0,0
46.22862068965517,1,97809.84,32,5955.33,449.0,1,182286.29,1,0,0,0,0,0,0,0,1,0,0,2021,9,23,3,0,0,0,0
50.0,1,109213.09,19,23311.76,652.0,1,161908.94,0,0,0,0,0,1,0,0,0,1,0,2021,9,24,4,1,0,0,0
73.0,0,110592.47,8,37808.33,758.0,1,183022.64,0,0,0,0,0,1,0,0,0,0,0,2021,9,25,5,0,0,0,0
64.0,1,136031.87,12,40856.92,415.0,0,339098.6,0,0,1,0,0,0,0,1,0,0,0,2021,9,26,6,1,0,0,0
70.0,1,118052.83,20,21030.83,803.0,1,264812.09,0,0,0,1,0,0,0,0,0,1,0,2021,9,27,0,0,0,1,0
63.0,0,129135.66,9,40926.64,652.0,1,248671.0,0,0,0,0,1,0,0,1,0,0,0,2021,9,28,1,0,1,0,0
55.0,1,96078.03,24,30068.11,670.0,1,373678.62,1,0,1,0,0,0,0,0,1,0,0,2021,9,29,2,0,0,1,0
47.0,1,35971.75,24,25122.84,533.0,1,247704.90777003483,1,0,1,0,0,0,0,0,0,1,0,2021,9,30,3,0,0,0,0
50.0,1,114063.98,14,48898.61,758.0,1,323235.86,0,0,0,1,0,0,0,0,0,0,0,2021,1,10,6,0,0,1,0
19.0,1,59935.45,23,13706.41,516.0,0,341282.47,0,0,0,0,1,0,0,0,0,0,0,2021,2,10,2,0,0,1,0
47.0,1,85476.32999999999,11,52154.66,813.0,1,136255.73,0,0,1,0,0,0,1,0,0,0,0,2021,3,10,2,0,1,0,0
19.0,0,70997.66,0,37321.19,324.0,0,368999.86,1,0,0,0,0,1,0,0,0,0,0,2021,4,10,5,1,0,0,0
22.0,1,75404.86,34,55324.48,478.0,0,306722.13,0,0,1,0,0,0,0,0,0,0,0,2021,5,10,0,0,1,0,0
46.22862068965517,0,94598.05,5,34743.51,448.0,1,194147.05,0,0,0,0,0,1,1,0,0,0,0,2021,6,10,3,0,0,0,1
23.0,1,118005.21,4,33355.24,345.0,1,435002.1,0,0,0,0,0,0,0,1,0,0,0,2021,7,10,5,0,0,0,1
50.0,1,114072.85,14,55141.55,620.0,1,463019.97,0,0,0,0,1,0,0,0,0,1,0,2021,8,10,1,0,0,0,0
57.0,0,108390.85,26,19810.61,390.0,0,424205.9,1,0,0,0,1,0,0,0,0,1,0,2021,9,10,4,1,0,0,0
19.0,0,83392.4,12,19176.78,836.0,0,238819.83,0,0,0,0,1,0,1,0,0,0,0,2021,10,10,6,0,0,0,1
72.0,0,127973.98,0,20725.11,640.0,1,79925.28,1,0,0,0,0,1,0,0,0,0,0,2021,11,10,2,1,0,0,0
41.0,0,80841.64,15,28212.17,321.0,1,253795.84,0,0,0,0,0,0,0,0,0,1,0,2021,12,10,4,0,0,0,0
47.0,0,100755.68,14,21078.01,587.0,1,321779.11,0,0,0,0,0,1,0,0,1,0,0,2021,10,13,2,0,0,0,0
71.0,1,41022.72,26,42230.28,449.0,1,259192.1,1,0,1,0,0,0,0,0,0,1,0,2021,10,14,3,1,0,0,0
18.0,1,38839.9,21,34596.8,730.0,0,283621.49,0,0,0,0,0,1,0,1,0,0,0,2021,10,15,4,0,0,0,0
25.0,0,79133.59,7,21087.02,692.0,0,231958.13,0,0,0,1,0,0,1,0,0,0,0,2021,10,16,5,0,0,0,0
65.0,1,104026.8,12,15233.34,376.0,0,1148.12,1,0,0,0,1,0,1,0,0,0,0,2021,10,17,6,0,0,0,1
35.0,0,104942.6,27,24619.14,633.0,0,255887.5,0,0,1,0,0,0,0,0,0,1,0,2021,10,18,0,0,1,0,0
65.0,1,85476.32999999999,15,14699.75,486.0,1,253800.07,0,0,1,0,0,0,0,1,0,0,0,2021,10,19,1,0,1,0,0
70.0,0,111982.4,34,40142.03,479.0,0,257337.85,0,0,1,0,0,0,0,0,0,1,0,2021,10,20,2,0,1,0,0
37.0,0,58505.11,30,51507.27,511.0,1,503135.58,0,0,0,1,0,0,1,0,0,0,0,2021,10,21,3,0,0,0,1
18.0,1,128392.07,3,27307.84,485.0,1,65214.99,0,0,0,1,0,0,1,0,0,0,0,2021,10,22,4,0,0,1,0
56.0,0,121030.49,23,39716.39,647.0,1,69540.84,0,0,0,0,0,1,0,0,0,0,0,2021,10,23,5,1,0,0,0
63.0,1,57293.98,9,52294.2,619.0,0,87382.37,0,0,0,0,1,0,1,0,0,0,0,2021,10,24,6,1,0,0,0
26.0,0,104449.45,3,20600.07,342.0,1,247704.90777003483,0,0,1,0,0,0,0,0,1,0,0,2021,10,25,0,0,1,0,0
32.0,1,95998.68,20,53067.75,399.0,1,270386.35,0,0,0,0,0,1,0,1,0,0,0,2021,10,26,1,0,0,0,1
27.0,1,28567.01,6,35057.07,436.0,1,57757.22,1,0,0,0,0,0,0,1,0,0,0,2021,10,27,2,0,0,0,0
52.0,0,75720.02,10,34798.72,696.0,1,247704.90777003483,0,0,1,0,0,0,1,0,0,0,0,2021,10,28,3,0,1,0,0
58.0,0,50099.47,14,31136.29,770.0,0,287975.61,0,0,1,0,0,0,0,0,1,0,0,2021,10,29,4,1,0,0,0
19.0,0,82956.52,21,48661.08,687.0,1,247704.90777003483,0,0,0,0,1,0,0,1,0,0,0,2021,10,30,5,0,0,0,0
47.0,0,98907.43,6,63187.08,700.0,1,106172.24,0,0,0,1,0,0,0,0,1,0,0,2021,10,31,6,1,0,0,0
59.0,1,83004.7,24,53429.27,682.0,1,497897.64,0,0,0,0,0,0,0,0,0,0,0,2021,1,11,0,0,0,0,0
51.0,0,117372.28,34,34537.24,748.0,1,461180.62,0,0,0,0,0,1,0,1,0,0,0,2021,2,11,3,0,0,1,0
74.0,0,108284.09,17,34030.03,611.0,0,376182.82,0,0,0,0,0,1,0,0,0,1,0,2021,3,11,3,0,0,1,0
47.0,1,102531.8,9,58320.71,723.0,1,314383.32,0,0,0,0,1,0,0,0,0,1,0,2021,4,11,6,1,0,0,0
71.0,1,65042.9,11,28746.64,464.0,0,133472.94,0,0,0,0,0,0,0,1,0,0,0,2021,5,11,1,0,0,0,1
71.0,0,67893.49,16,23090.23,473.0,0,247704.90777003483,0,0,1,0,0,0,0,0,1,0,0,2021,6,11,4,0,1,0,0
62.0,1,20416.85,27,34798.72,367.0,1,197563.51,0,0,1,0,0,0,0,0,1,0,0,2021,8,11,2,0,1,0,0
53.0,0,126460.18,0,63982.02,714.0,1,321938.35,0,0,0,0,0,0,0,0,0,1,0,2021,9,11,5,1,0,0,0
69.0,0,28252.23,24,36898.88,769.0,0,203247.78,0,1,0,0,0,0,0,0,0,0,0,2021,10,11,0,1,0,0,0
32.0,0,119463.6,10,31878.92,397.0,0,410768.55,0,0,0,0,0,0,0,0,0,1,0,2021,11,11,3,1,0,0,0
34.0,1,52525.87,20,40614.81,629.0,1,181662.87,0,0,0,0,0,0,0,0,1,0,0,2021,12,11,5,0,1,0,0
41.0,1,40792.7,9,74318.19,646.0,1,293392.2,0,0,0,0,0,1,0,0,1,0,0,2021,11,13,5,0,1,0,0
73.0,1,98419.98,16,38694.53,430.0,1,224091.84,0,0,1,0,0,0,1,0,0,0,0,2021,11,14,6,0,0,0,0
74.0,1,111401.86,14,21779.82,586.0,0,222675.22,0,0,0,0,0,0,0,0,1,0,0,2021,11,15,0,1,0,0,0
64.0,0,83026.37,6,28883.16,406.0,1,473016.07,0,0,0,1,0,0,0,0,0,0,0,2021,11,16,1,0,0,0,0
20.0,0,83897.64,17,31822.15,500.0,1,177063.39,0,0,0,1,0,0,0,0,0,0,1,2021,11,17,2,0,1,0,0
23.0,0,48423.61,6,21559.11,377.0,0,412494.51,1,0,1,0,0,0,0,0,0,0,0,2021,11,18,3,0,0,0,1
56.0,0,88109.82,0,21990.35,390.0,0,189810.45,1,0,0,1,0,0,0,0,0,0,0,2021,11,19,4,0,0,0,1
22.0,1,60722.56,22,9353.73,831.0,1,268453.5,0,0,0,1,0,0,0,1,0,0,0,2021,11,20,5,0,0,1,0
73.0,0,80493.18,23,12161.5,618.0,1,155471.48,0,0,0,0,0,1,0,1,0,0,0,2021,11,21,6,0,1,0,0
28.0,0,83899.06,25,28973.83,350.0,1,468894.98,0,0,0,1,0,0,0,0,0,1,0,2021,11,22,0,0,0,1,0
71.0,0,113418.51,13,10950.45,609.0,1,293289.05,1,0,0,1,0,0,0,0,0,1,0,2021,11,23,1,0,0,0,0
37.0,1,117551.65,11,34798.72,486.0,0,247704.90777003483,0,0,1,0,0,0,0,0,1,0,0,2021,11,24,2,0,0,0,0
32.0,0,106516.25,0,21749.34,645.0,1,137996.32,1,0,1,0,0,0,0,0,0,0,0,2021,11,25,3,0,1,0,0
30.0,1,86202.38,6,3844.0,431.0,1,198277.65,0,0,0,1,0,0,0,0,0,0,0,2021,11,26,4,0,0,0,0
61.0,1,32688.08,18,37221.14,333.0,0,313188.63,1,0,0,0,0,0,0,1,0,0,0,2021,11,27,5,0,0,1,0
20.0,0,126000.85,1,22938.75,332.0,1,112775.98,1,0,0,0,0,0,0,1,0,0,0,2021,11,28,6,0,0,0,0
51.0,1,65161.0,9,42802.31,470.0,1,247704.90777003483,1,0,1,0,0,0,0,1,0,0,0,2021,11,29,0,0,0,1,0
43.0,1,59744.16,29,46712.01,505.0,1,385766.92,1,0,0,1,0,0,0,0,1,0,0,2021,11,30,1,0,0,0,1
49.0,1,70234.25,30,26526.59,847.0,1,152956.58,0,0,1,0,0,0,1,0,0,0,0,2021,1,12,1,0,0,0,1
32.0,0,59940.12,6,39720.57,834.0,1,93237.48,0,0,1,0,0,0,0,0,0,1,0,2021,2,12,4,0,0,0,0
21.0,0,87987.34,19,23207.86,419.0,1,417195.41,0,0,0,0,0,0,0,1,0,0,0,2021,3,12,4,0,0,0,0
44.0,0,68269.85,1,26377.52,598.0,1,388605.68,0,0,0,0,1,0,1,0,0,0,0,2021,4,12,0,1,0,0,0
36.0,0,119921.77,33,15786.2,424.0,1,214054.16,0,0,0,0,1,0,0,1,0,0,0,2021,5,12,2,0,1,0,0
62.0,0,42938.55,18,45354.0,545.0,0,217777.91,1,0,0,0,0,1,0,0,1,0,0,2021,6,12,5,0,0,0,0
37.0,0,65624.59,19,19863.28,719.0,1,251036.49,0,0,1,0,0,0,0,0,0,1,0,2021,7,12,0,0,0,1,0
36.0,1,6343.52,3,30979.74,665.0,1,376816.14,0,0,0,1,0,0,0,0,0,1,0,2021,8,12,3,0,0,0,1
39.0,0,88585.01,17,54225.46,850.0,0,62100.0,0,0,0,1,0,0,0,0,1,0,0,2021,9,12,6,0,0,0,0
20.0,1,133951.29,16,39175.54,356.0,0,130286.22,0,0,0,0,1,0,1,0,0,0,0,2021,10,12,1,0,0,0,0
46.0,1,66328.51,30,25196.55,708.0,1,264632.62,1,0,1,0,0,0,0,0,0,0,0,2021,11,12,4,1,0,0,0
65.0,0,68891.0,21,42204.55,809.0,1,174355.79,0,0,1,0,0,0,0,0,0,0,0,2021,12,12,6,0,0,1,0
46.0,0,68810.74,15,63.82,833.0,1,201578.06,0,0,0,0,1,0,0,1,0,0,0,2021,12,13,0,0,1,0,0
45.0,1,112339.23,9,37993.45,749.0,1,113642.81,0,0,0,0,0,1,0,1,0,0,0,2021,12,14,1,0,0,0,1
46.0,0,114934.26,3,50096.55,762.0,0,244344.03,0,0,0,0,0,0,1,0,0,0,0,2021,12,15,2,1,0,0,0
31.0,1,34224.95,24,5431.95,747.0,1,270868.65,0,0,0,1,0,0,0,0,0,1,0,2021,12,16,3,0,0,0,1
24.0,1,94945.74,25,39940.0,397.0,1,327004.74,1,0,0,0,0,1,0,0,0,1,0,2021,12,17,4,1,0,0,0
70.0,0,134908.71,23,34296.0,794.0,0,256147.63,0,0,1,0,0,0,0,0,0,0,0,2021,12,18,5,0,0,0,0
62.0,0,60908.43,32,38558.69,601.0,1,326045.51,0,0,0,0,1,0,0,0,1,0,0,2021,12,19,6,0,0,0,1
59.0,0,67992.33,9,49573.37,333.0,0,91522.56,0,0,1,0,0,0,0,0,1,0,0,2021,12,20,0,1,0,0,0
21.0,0,51412.72,17,46574.56,397.0,0,172242.41,0,0,0,0,1,0,0,0,0,0,0,2021,12,21,1,1,0,0,0
42.0,0,65506.87,23,20199.67,436.0,1,123322.31,0,0,0,0,0,0,0,0,0,1,0,2021,12,22,2,0,1,0,0
18.0,0,85476.32999999999,1,39218.95,531.0,0,247704.90777003483,0,0,0,0,0,0,1,0,0,0,0,2021,12,23,3,0,1,0,0
37.0,0,95023.59,4,21752.0,414.0,0,300383.99,0,0,0,0,0,1,0,0,1,0,0,2021,12,24,4,0,0,0,1
23.0,1,62835.14,10,24289.04,685.0,0,198206.06,0,0,1,0,0,0,0,0,0,1,0,2021,12,25,5,1,0,0,0
22.0,1,89142.86,12,31171.76,375.0,1,85777.88,0,0,1,0,0,0,0,0,0,1,0,2021,12,26,6,0,0,0,1
44.0,1,69035.64,0,38203.64,642.0,0,100385.16,0,0,0,0,0,1,0,0,1,0,0,2021,12,27,0,0,0,1,0
34.0,1,85476.32999999999,19,57314.28,495.0,1,403776.72,1,0,0,0,1,0,0,0,0,0,0,2021,12,28,1,0,0,1,0
73.0,0,141276.72,14,38804.79,781.0,1,355809.53,0,0,0,0,0,0,0,0,1,0,0,2021,12,29,2,1,0,0,0
58.0,1,61112.95,26,39523.57,553.0,0,207401.61,0,0,0,0,1,0,0,0,1,0,0,2021,12,30,3,0,0,0,1
38.0,0,71366.36,15,30452.03,778.0,1,142044.73,1,0,0,0,0,0,0,1,0,0,0,2021,12,31,4,1,0,0,0
22.0,1,71004.65,10,45600.0,596.0,0,247704.90777003483,0,0,0,0,1,0,0,0,0,0,0,2022,1,1,5,0,0,0,0
54.0,0,99365.31,1,15557.28,701.0,0,152191.8,0,0,0,0,0,0,0,0,0,0,0,2022,2,1,1,1,0,0,0
39.0,1,57718.77,15,27033.7,434.0,0,279711.78,0,0,0,0,0,1,0,0,0,0,0,2022,3,1,1,0,0,0,0
39.0,0,114898.76,2,69844.94,727.0,1,254703.59,0,0,0,1,0,0,1,0,0,0,0,2022,4,1,4,0,0,0,0
51.0,1,110939.08,29,22520.72,564.0,0,469285.04,1,0,0,0,1,0,0,1,0,0,0,2022,5,1,6,0,0,1,0
41.0,1,94775.41,3,28726.91,615.0,1,180694.02,1,0,0,0,0,1,0,0,0,0,0,2022,6,1,2,0,0,1,0
60.0,0,58926.09,7,31938.54,498.0,1,257722.68,0,0,0,0,0,1,0,1,0,0,0,2022,7,1,4,0,0,0,1
46.22862068965517,0,63477.34,13,58606.51,442.0,1,202797.69,0,0,0,0,0,0,1,0,0,0,0,2022,8,1,0,0,1,0,0
46.22862068965517,1,4090.39,21,46729.45,800.0,0,177213.52,0,0,0,1,0,0,0,0,0,1,0,2022,9,1,3,0,0,1,0
74.0,0,48696.26,26,47598.76,561.0,1,437806.52,0,0,0,0,0,1,0,0,0,1,0,2022,10,1,5,1,0,0,0
34.0,1,126145.46,3,40516.6,375.0,1,377832.02,1,0,0,0,0,0,0,0,0,0,0,2022,11,1,1,0,0,0,0
35.0,0,93291.63,23,11250.45,517.0,0,487999.74,0,0,0,1,0,0,0,1,0,0,0,2022,12,1,3,1,0,0,0
36.0,1,85476.32999999999,16,21041.55,305.0,1,328684.52,0,0,1,0,0,0,0,0,1,0,0,2022,1,13,3,0,0,1,0
28.0,0,93901.02,14,41203.23,566.0,1,106107.74,1,0,1,0,0,0,0,0,0,0,0,2022,1,14,4,1,0,0,0
26.0,0,75380.03,12,24053.46,506.0,0,287632.53,0,0,0,1,0,0,0,0,0,1,0,2022,1,15,5,1,0,0,0
28.0,0,81641.1,27,42735.42,341.0,1,184081.44,0,0,0,0,1,0,1,0,0,0,0,2022,1,16,6,0,0,0,0
59.0,0,86200.64,34,25885.23,827.0,1,397025.08,0,0,0,0,1,0,1,0,0,0,0,2022,1,17,0,0,1,0,0
46.0,1,31473.74,8,27935.53,574.3770154373927,1,348193.48,0,0,0,1,0,0,1,0,0,0,0,2022,1,18,1,0,0,0,0
33.0,1,90758.14,18,35359.92,527.0,1,201799.1,1,0,0,1,0,0,1,0,0,0,0,2022,1,19,2,0,0,0,1
55.0,0,112119.77,26,65162.31,506.0,0,247704.90777003483,0,0,0,0,1,0,0,1,0,0,0,2022,1,20,3,0,0,1,0
45.0,0,105085.52,27,44357.89,400.0,1,-11549.25,0,0,1,0,0,0,0,1,0,0,0,2022,1,21,4,0,1,0,0
18.0,1,55795.91,16,16814.29,658.0,1,235344.26,0,0,0,0,1,0,0,0,0,0,0,2023,12,4,0,0,0,1,0
69.0,1,87966.19,4,26488.42,429.0,1,348258.35,0,0,0,0,0,1,0,0,0,1,0,2022,1,23,6,0,0,1,0
39.0,1,81989.62,31,32650.96,532.0,1,177688.76,0,0,0,0,1,0,1,0,0,0,0,2022,1,24,0,0,1,0,0
18.0,1,110894.31,19,40310.9,753.0,0,207769.78,0,0,0,1,0,0,0,1,0,0,0,2022,1,25,1,1,0,0,0
28.0,0,74598.37,21,31719.95,724.0,0,401417.53,0,0,0,1,0,0,0,0,0,0,0,2022,1,26,2,0,0,0,0
66.0,0,101888.88,3,19321.63,827.0,1,301719.13,0,0,0,1,0,0,0,0,1,0,0,2022,1,27,3,1,0,0,0
54.0,1,25138.67,3,27768.83,544.0,1,75699.98,0,0,0,0,1,0,0,1,0,0,0,2022,1,28,4,0,0,0,1
60.0,0,67968.17,28,33310.04,617.0,0,157557.6,0,0,0,0,1,0,0,0,0,1,0,2022,1,29,5,0,0,0,0
36.0,0,116201.13,25,33830.62,708.0,1,236273.26,0,0,0,0,1,0,1,0,0,0,0,2022,1,30,6,1,0,0,0
54.0,0,57920.03,4,46967.74,524.0,1,247704.90777003483,0,0,0,0,0,1,0,0,0,0,0,2022,1,31,0,0,1,0,0
35.0,1,122553.83,33,24206.05,505.0,1,210402.78,0,0,0,1,0,0,0,1,0,0,0,2022,1,2,6,0,0,0,0
41.0,1,69000.38,16,23756.84,314.0,1,114400.68,0,0,0,1,0,0,0,0,0,1,0,2022,2,2,2,0,0,0,1
27.0,1,85476.32999999999,29,34798.72,353.0,1,339087.67,1,0,0,1,0,0,0,0,0,1,0,2022,3,2,2,0,0,0,0
53.0,1,105687.76,26,46974.91,463.0,0,319664.39,1,0,0,0,0,1,0,0,1,0,0,2022,4,2,5,1,0,0,0
52.0,1,52554.33,7,34798.72,503.0,0,49096.7,0,1,0,0,0,0,0,0,1,0,0,2022,5,2,0,0,0,0,0
72.0,0,85476.32999999999,16,33234.41,425.0,1,387122.23,1,0,0,0,0,1,0,0,0,1,0,2022,6,2,3,0,0,1,0
56.0,1,121816.36,23,34798.72,685.0,1,304556.86,0,0,0,0,0,0,0,0,0,1,0,2022,7,2,5,1,0,0,0
23.0,1,93210.76,11,9387.31,706.0,1,181858.79,0,0,1,0,0,0,0,1,0,0,0,2022,8,2,1,0,1,0,0
33.0,0,82866.61,6,26703.87,488.0,1,222761.81,1,0,0,0,0,0,0,1,0,0,0,2022,9,2,4,0,0,1,0
21.0,0,97037.3,25,42528.07,394.0,1,372328.55,1,0,1,0,0,0,0,1,0,0,0,2022,10,2,6,1,0,0,0
34.0,0,62486.89,34,61140.97,582.0,1,273401.11,0,0,1,0,0,0,0,0,0,0,0,2022,11,2,2,1,0,0,0
37.0,1,138466.91,16,39094.25,692.0,1,129802.11,0,0,0,1,0,0,0,0,1,0,0,2022,12,2,4,0,0,0,1
71.0,1,156595.59,25,34086.43,410.0,1,155226.74,1,0,1,0,0,0,0,0,0,1,0,2022,2,13,6,0,0,0,1
23.0,1,122485.12,18,35245.91,656.0,1,21773.16,0,0,1,0,0,0,1,0,0,0,0,2022,2,14,0,0,1,0,0
47.0,1,50705.65,18,21421.6,708.0,0,212650.86,0,0,0,0,1,0,0,1,0,0,0,2022,2,15,1,0,1,0,0
70.0,0,93990.67,28,45419.8,777.0,1,414094.9,0,1,0,0,0,0,0,0,0,0,0,2022,2,16,2,1,0,0,0
35.0,0,45339.42,19,59592.44,755.0,1,252660.96,0,0,0,0,1,0,0,0,0,0,0,2022,2,17,3,0,0,1,0
62.0,1,52346.49,4,41487.57,822.0,1,467633.49,0,0,0,0,0,1,1,0,0,0,0,2022,2,18,4,0,0,0,1
36.0,1,76575.56,7,45899.43,428.0,1,301068.95,0,0,0,0,0,1,0,0,0,1,0,2022,2,19,5,1,0,0,0
27.0,1,91361.87,4,45131.96,369.0,1,191473.77,0,0,0,0,1,0,0,0,1,0,0,2022,2,20,6,1,0,0,0
51.0,1,80109.72,0,50999.18,426.0,1,118462.48,1,0,0,1,0,0,1,0,0,0,0,2022,2,21,0,1,0,0,0
39.0,0,99171.25,34,43519.85,523.0,1,95888.82,1,0,0,0,0,0,0,1,0,0,0,2022,2,22,1,1,0,0,0
18.0,1,107182.47,10,44597.6,688.0,1,82322.72,0,0,0,0,0,0,0,0,0,0,0,2022,2,23,2,1,0,0,0
41.0,0,100527.13,34,40825.64,311.0,1,340617.76,0,0,0,0,1,0,1,0,0,0,0,2022,2,24,3,0,1,0,0
40.0,0,92845.67,16,46798.89,757.0,1,175324.04,0,0,1,0,0,0,0,0,1,0,0,2022,2,25,4,0,0,0,1
72.0,0,83554.17,30,40908.98,822.0,0,224489.82,0,0,0,0,0,1,0,0,0,1,0,2022,2,26,5,1,0,0,0
66.0,1,143409.27,12,48957.05,760.0,1,341894.13,0,0,1,0,0,0,1,0,0,0,0,2022,2,27,6,1,0,0,0
36.0,1,97154.36,20,35967.13,705.0,1,201848.01,1,0,0,0,0,1,0,0,0,0,0,2022,2,28,0,0,0,1,0
60.0,0,113113.21,7,45931.99,537.0,1,100974.12,1,0,0,0,0,0,1,0,0,0,0,2022,1,3,0,0,1,0,0
45.0,0,60715.31,2,27636.37,513.0,0,131197.61,0,0,0,0,1,0,0,0,0,0,0,2022,2,3,3,0,0,0,0
69.0,0,52557.58,5,19837.2,784.0,1,159363.53,0,0,0,0,1,0,0,0,0,0,0,2022,3,3,3,0,0,0,0
48.0,0,101242.04,6,34798.72,829.0,1,123000.49,0,0,0,0,1,0,0,0,0,0,0,2022,4,3,6,1,0,0,0
22.0,0,94922.84,21,18460.36,800.0,1,112225.4,0,0,1,0,0,0,0,0,1,0,0,2022,5,3,1,0,0,0,0
62.0,1,121677.52,16,29021.74,807.0,1,132525.64,0,0,0,1,0,0,0,0,0,1,0,2022,6,3,4,1,0,0,0
-1.0,0,85476.32999999999,1,38223.38,656.0,0,354694.02,0,0,1,0,0,0,0,0,1,0,0,2022,7,3,6,0,0,1,0
67.0,0,63794.48,21,45487.56,312.0,1,196814.94,0,1,0,0,0,0,1,0,0,0,0,2022,8,3,2,0,0,1,0
58.0,0,109604.95,13,14444.56,635.0,1,142798.83,0,0,0,0,1,0,1,0,0,0,0,2022,9,3,5,1,0,0,0
56.0,0,124637.07,12,18354.33,694.0,1,100576.07,0,0,0,0,1,0,0,0,1,0,0,2022,10,3,0,1,0,0,0
46.22862068965517,0,37455.58,30,34522.15,317.0,1,280110.21,1,0,0,0,0,1,1,0,0,0,0,2022,11,3,3,0,1,0,0
38.0,1,133025.5,32,18273.51,316.0,1,192494.1,0,0,0,0,1,0,0,1,0,0,0,2022,12,3,5,0,0,1,0
39.0,1,27831.67,9,18623.27,830.0,1,353496.6,0,0,0,0,0,0,0,1,0,0,0,2022,3,13,6,0,0,0,1
31.0,0,125744.52,27,34812.24,827.0,1,178447.5,0,0,0,0,1,0,1,0,0,0,0,2022,3,14,0,0,1,0,0
46.22862068965517,1,34602.66,5,50635.17,630.0,0,121091.68,0,0,0,1,0,0,1,0,0,0,0,2022,3,15,1,1,0,0,0
40.0,1,85476.32999999999,6,30186.0,775.0,0,278328.97,0,0,0,0,0,0,0,0,0,0,0,2022,3,16,2,0,1,0,0
72.0,1,75363.26,33,34379.98,312.0,1,210343.84,1,0,0,1,0,0,0,0,1,0,0,2022,3,17,3,1,0,0,0
46.22862068965517,1,89945.15,22,26589.82,403.0,1,175464.08,0,0,1,0,0,0,0,0,0,0,0,2022,3,18,4,0,0,0,0
35.0,1,50043.01,9,27090.68,817.0,1,489383.49,0,0,1,0,0,0,0,0,0,1,0,2022,3,19,5,0,0,1,0
61.0,1,21984.82,7,28091.46,574.3770154373927,1,220432.14,0,0,0,0,1,0,0,0,0,1,0,2022,3,20,6,0,0,0,0
44.0,0,56977.27,23,22314.04,820.0,1,248204.91,0,0,0,0,0,0,0,1,0,0,0,2022,3,21,0,0,0,0,0
46.22862068965517,0,112690.6,11,34116.54,747.0,0,350798.05,1,0,0,0,0,0,1,0,0,0,0,2022,3,22,1,0,0,0,1
63.0,0,85464.23,17,23175.41,341.0,0,81179.68,0,0,1,0,0,0,0,0,0,1,0,2022,3,23,2,0,0,0,1
67.0,0,88347.15,5,37765.37,478.0,1,275893.59,0,0,0,0,0,1,0,0,1,0,0,2022,3,24,3,0,0,0,1
73.0,1,72882.65,18,34798.72,699.0,1,480137.24,0,0,0,1,0,0,1,0,0,0,0,2022,3,25,4,0,1,0,0
62.0,0,86624.06,8,55016.54,644.0,1,197108.23,0,0,1,0,0,0,0,0,1,0,0,2022,3,26,5,0,1,0,0
71.0,1,107916.15,22,17602.05,459.0,1,209318.47,1,0,1,0,0,0,0,0,1,0,0,2022,3,27,6,0,0,0,0
69.0,1,138014.37,14,12962.16,794.0,0,-10939.84,0,0,0,1,0,0,1,0,0,0,0,2022,3,28,0,0,0,0,1
26.0,1,76617.21,30,25258.71,565.0,0,34770.96,0,0,0,1,0,0,1,0,0,0,0,2022,3,29,1,0,1,0,0
57.0,0,76164.6,22,22067.25,334.0,1,408571.67,1,0,0,0,1,0,0,0,1,0,0,2022,3,30,2,0,1,0,0
49.0,0,72162.19,32,15770.85,706.0,0,421660.73,1,0,1,0,0,0,0,0,1,0,0,2022,3,31,3,0,1,0,0
71.0,1,119901.8,30,41837.77,644.0,1,185629.85,0,0,0,0,0,0,0,1,0,0,0,2022,1,4,1,0,0,0,1
61.0,0,109401.37,1,3200.23,711.0,1,474725.86,1,0,0,0,1,0,0,0,0,1,0,2022,2,4,4,0,0,0,1
47.0,0,55246.53,5,34798.72,306.0,1,329101.21,0,0,0,0,0,1,1,0,0,0,0,2022,3,4,4,0,0,1,0
54.0,1,109025.83,9,49447.96,839.0,1,247704.90777003483,0,0,0,0,0,0,0,0,1,0,0,2022,4,4,0,0,0,0,0
23.0,0,76765.87,19,29995.46,574.3770154373927,0,347250.9,0,0,0,0,0,0,0,1,0,0,0,2022,5,4,2,0,1,0,0
38.0,0,66744.69,13,34924.66,710.0,0,385050.97,1,0,0,0,0,1,0,0,0,1,0,2022,6,4,5,0,0,0,1
59.0,1,83375.62,29,42493.79,594.0,1,51405.16,1,0,0,0,1,0,0,0,0,0,0,2022,7,4,0,0,0,0,1
42.0,1,94270.79,15,47282.14,749.0,0,439107.93,0,0,0,0,1,0,0,0,0,1,0,2022,8,4,3,0,0,1,0
72.0,0,66101.33,30,23209.14,771.0,1,233841.04,0,0,0,0,1,0,0,0,1,0,0,2022,9,4,6,0,1,0,0
55.0,0,59564.16,18,34151.82,406.0,1,87741.23,1,0,1,0,0,0,0,0,0,1,0,2022,10,4,1,1,0,0,0
19.0,1,143327.69,23,2667.08,502.0,0,148953.54,0,0,0,0,0,1,0,0,0,1,0,2022,11,4,4,0,0,0,1
27.0,0,90282.91,17,22184.73,712.0,1,-51735.76,0,0,0,0,0,1,0,0,0,0,0,2022,12,4,6,0,0,0,1
53.0,1,98470.92,31,35435.31,423.0,0,218181.4,0,0,0,1,0,0,0,0,0,0,0,2022,4,13,2,1,0,0,0
63.0,0,99082.97,1,50286.15,424.0,1,381155.27,0,0,0,0,0,0,0,0,1,0,0,2022,4,14,3,1,0,0,0
35.0,1,85476.32999999999,9,46468.4,375.0,1,410992.95,1,0,0,0,0,0,0,0,0,0,0,2022,4,15,4,0,1,0,0
40.0,1,62155.89,15,59899.06,376.0,0,246698.61,0,0,0,0,0,1,1,0,0,0,0,2022,4,16,5,0,0,0,0
41.0,1,120164.66,27,25139.18,550.0,1,104715.59,0,0,0,0,0,0,1,0,0,0,0,2022,4,17,6,0,0,0,1
32.0,0,124272.59,24,68748.37,474.0,0,104011.19,0,0,0,0,0,0,0,1,0,0,0,2022,4,18,0,0,1,0,0
70.0,1,112528.49,14,19037.17,424.0,0,271817.83,1,0,0,0,1,0,0,1,0,0,0,2022,4,19,1,0,0,0,0
46.0,0,59697.29,12,18948.85,703.0,0,132187.72,0,0,0,1,0,0,0,1,0,0,0,2022,4,20,2,0,0,0,1
37.0,1,103682.01,33,40270.38,359.0,1,236505.95,1,1,0,0,0,0,0,0,1,0,0,2022,4,21,3,0,0,0,0
71.0,1,103504.01,12,9350.35,653.0,1,111236.05,0,0,0,0,0,0,0,0,1,0,0,2022,4,22,4,0,1,0,0
53.0,0,96870.62,14,34798.72,408.0,1,251524.82,0,0,1,0,0,0,0,0,0,0,0,2022,4,23,5,0,0,0,1
18.0,0,49293.32,15,21902.11,502.0,1,159699.44,1,0,0,0,1,0,0,1,0,0,0,2022,4,24,6,1,0,0,0
42.0,0,115099.27,32,55349.37,570.0,1,192301.75,0,0,0,0,1,0,1,0,0,0,0,2022,4,25,0,0,1,0,0
56.0,1,121985.06,32,44882.93,323.0,1,247704.90777003483,1,0,1,0,0,0,0,0,0,0,0,2022,4,26,1,0,0,1,0
70.0,1,79034.69,9,35998.86,582.0,1,145430.54,0,0,1,0,0,0,0,0,0,1,0,2022,4,27,2,0,0,0,1
47.0,0,99373.52,15,15574.67,406.0,1,247704.90777003483,1,0,1,0,0,0,1,0,0,0,0,2022,4,28,3,1,0,0,0
39.0,1,80597.1,27,34798.72,321.0,1,163209.12,0,0,1,0,0,0,1,0,0,0,0,2022,4,29,4,0,1,0,0
36.0,0,106744.42,4,35223.74,572.0,0,224936.38,1,0,0,0,0,1,0,1,0,0,0,2022,4,30,5,0,1,0,0
23.0,1,63183.22,28,21161.1,668.0,1,231648.43,0,0,0,0,0,0,0,0,0,0,0,2022,1,5,2,0,1,0,0
23.0,0,95938.08,32,49512.7,663.0,1,251914.61,0,0,0,0,1,0,1,0,0,0,0,2022,2,5,5,0,0,0,1
41.0,0,130216.67,26,35249.18,823.0,1,2128.41,1,0,0,1,0,0,0,1,0,0,0,2022,3,5,5,0,1,0,0
62.0,0,77778.92,31,33809.82,484.0,1,105420.87,0,1,0,0,0,0,0,0,1,0,0,2022,4,5,1,0,0,1,0
41.0,1,100759.6,26,29149.27,771.0,0,247704.90777003483,0,0,0,0,0,0,0,1,0,0,0,2022,5,5,3,0,1,0,0
25.0,0,77494.49,16,20871.99,382.0,1,321028.03,1,0,0,0,0,1,1,0,0,0,0,2022,6,5,6,0,1,0,0
68.0,1,81539.58,5,36832.09,472.0,0,247704.90777003483,0,0,0,0,0,0,1,0,0,0,0,2022,7,5,1,0,1,0,0
64.0,1,72091.98,16,36319.85,393.0,0,-42898.14,0,0,0,0,0,1,1,0,0,0,0,2022,8,5,4,0,1,0,0
36.0,1,50482.45,27,22070.29,530.0,0,144209.4,0,0,0,0,0,1,0,0,0,1,0,2022,9,5,0,1,0,0,0
37.0,0,20788.26,10,45286.2,670.0,1,263433.93,0,0,0,0,0,1,0,0,0,0,0,2022,10,5,2,0,0,0,0
34.0,1,121524.56,2,38081.99,420.0,1,190967.79,0,0,1,0,0,0,0,1,0,0,0,2022,11,5,5,1,0,0,0
26.0,1,115234.05,0,25696.63,542.0,1,262016.15,1,0,0,0,1,0,0,0,0,0,0,2022,12,5,0,0,1,0,0
41.0,1,92332.35,11,29779.31,443.0,1,74077.57,0,0,0,0,0,0,0,0,0,0,0,2022,5,13,4,0,0,0,1
44.0,1,101842.55,15,30066.42,674.0,0,168175.47,0,0,0,0,0,1,0,0,0,0,0,2022,5,14,5,0,1,0,0
57.0,1,91507.47,7,21212.07,626.0,1,295075.11,0,0,0,0,1,0,1,0,0,0,0,2022,5,15,6,0,0,0,0
28.0,0,84754.95,8,26570.25,423.0,0,348441.06,0,0,0,1,0,0,0,0,1,0,0,2022,5,16,0,0,1,0,0
42.0,1,80301.42,22,31728.35,540.0,1,182081.23,1,0,0,1,0,0,0,1,0,0,0,2022,5,17,1,0,0,0,0
18.0,1,113948.49,13,16433.62,701.0,0,152785.09,0,0,1,0,0,0,0,0,0,0,0,2022,5,18,2,1,0,0,0
47.0,0,72993.29,23,34589.87,660.0,1,198926.34,0,0,0,0,0,0,0,0,1,0,0,2022,5,19,3,1,0,0,0
41.0,1,45022.95,33,44755.01,421.0,1,290146.47,0,0,0,0,1,0,0,0,0,1,0,2022,5,20,4,0,1,0,0
58.0,1,83676.28,34,8405.02,454.0,1,136370.13,1,0,0,0,0,0,1,0,0,0,0,2022,5,21,5,0,1,0,0
50.0,1,152948.04,27,41561.86,648.0,1,331467.22,0,0,1,0,0,0,0,1,0,0,0,2022,5,22,6,0,1,0,0
19.0,0,112204.93,19,70425.32,683.0,1,332785.99,0,0,0,0,0,1,1,0,0,0,0,2022,5,23,0,1,0,0,0
25.0,1,93644.14,33,28621.09,834.0,1,328896.52,0,0,0,1,0,0,0,0,0,0,0,2022,5,24,1,0,0,0,0
25.0,1,80333.6,12,34798.72,553.0,0,360287.94,0,0,1,0,0,0,0,1,0,0,0,2022,5,25,2,0,0,0,1
65.0,1,85494.38,21,29893.9,330.0,1,202401.16,0,0,0,0,0,1,0,0,0,1,0,2022,5,26,3,0,0,0,1
27.0,1,70904.45,21,37714.18,518.0,1,133041.36,0,0,0,0,1,0,0,1,0,0,0,2022,5,28,5,0,0,1,0
69.0,0,90492.22,24,36738.48,848.0,1,381504.64,0,0,0,0,1,0,1,0,0,0,0,2022,5,29,6,0,0,0,1
48.0,0,61483.38,8,38964.38,471.0,0,167914.81,0,0,0,1,0,0,0,1,0,0,0,2022,5,30,0,0,0,0,0
67.0,1,83248.68,20,15940.89,559.0,1,424464.5,1,0,0,0,0,0,1,0,0,0,0,2022,5,31,1,0,0,0,0
29.0,1,80931.64,4,30720.11,309.0,1,561960.95,0,0,0,1,0,0,0,1,0,0,0,2022,1,6,3,0,0,0,1
58.0,0,72808.49,20,56675.15,328.0,1,236917.76,0,0,0,1,0,0,0,0,1,0,0,2022,2,6,6,0,0,0,1
54.0,1,64710.3,19,34798.72,314.0,1,304696.63,0,0,0,0,1,0,0,1,0,0,0,2022,3,6,6,0,0,0,1
73.0,1,135293.04,2,38897.67,848.0,1,247704.90777003483,0,0,0,0,1,0,1,0,0,0,0,2022,4,6,2,0,1,0,0
42.0,1,85476.32999999999,20,8431.93,323.0,1,201656.84,0,0,0,0,0,1,1,0,0,0,0,2022,5,6,4,0,0,0,0
66.0,1,85476.32999999999,31,6708.79,654.0,1,26454.75,0,0,0,1,0,0,0,0,1,0,0,2022,6,6,0,0,0,0,1
21.0,1,95550.79,4,27172.6,841.0,1,238623.71,0,0,0,1,0,0,0,0,0,1,0,2022,7,6,2,0,0,0,0
57.0,1,70372.07,1,25925.1,467.0,1,309973.96,1,0,0,0,0,1,1,0,0,0,0,2022,8,6,5,1,0,0,0
49.0,0,87609.58,7,30687.38,379.0,1,31627.17,0,0,0,1,0,0,0,0,0,0,1,2022,9,6,1,0,0,0,0
54.0,0,85476.32999999999,11,32826.22,308.0,0,534570.41,1,0,0,0,0,1,0,1,0,0,0,2022,10,6,3,1,0,0,0
63.0,1,67782.56,8,36740.55,805.0,1,167833.89,0,0,0,0,0,0,0,0,0,0,0,2022,11,6,6,0,0,0,1
66.0,0,102150.13,20,34798.72,470.0,0,190893.64,0,0,0,0,1,0,1,0,0,0,0,2022,12,6,1,0,0,1,0
22.0,1,104470.51,12,59066.42,766.0,1,63159.02,0,0,0,0,0,0,0,0,1,0,0,2022,6,13,0,0,1,0,0
68.0,1,56056.19,21,23718.3,339.0,1,201241.08,1,0,1,0,0,0,0,0,0,0,0,2022,6,14,1,0,0,1,0
44.0,1,116121.39,1,44225.48,806.0,0,203826.24,0,0,1,0,0,0,1,0,0,0,0,2022,6,15,2,1,0,0,0
33.0,0,83381.76,22,38053.76,437.0,0,433786.58,1,0,0,0,0,0,1,0,0,0,0,2022,6,16,3,0,1,0,0
21.0,0,123543.46,23,57794.1,729.0,1,30605.85,0,0,1,0,0,0,0,0,1,0,0,2022,6,17,4,0,0,0,1
66.0,0,82936.14,0,17095.51,589.0,0,260482.01,0,0,0,1,0,0,0,1,0,0,0,2022,6,18,5,0,1,0,0
58.0,0,106618.8,0,12408.68,459.0,1,363881.78,0,0,1,0,0,0,0,0,0,1,0,2022,6,19,6,0,1,0,0
51.0,0,75672.28,2,32502.69,333.0,0,140164.47,0,0,0,0,1,0,0,0,0,1,0,2022,6,20,0,0,0,1,0
20.0,1,153435.81,34,39545.22,523.0,1,326098.95,0,0,0,0,0,1,0,0,0,1,0,2022,6,21,1,0,0,0,1
18.0,1,94683.31,6,53803.17,624.0,0,268742.17,0,0,0,1,0,0,0,0,0,0,0,2024,2,15,3,0,0,0,1
34.0,0,111736.05,7,19789.32,791.0,1,254353.19,0,0,0,0,1,0,0,0,1,0,0,2022,6,23,3,0,0,1,0
29.0,1,47912.51,23,26845.55,695.0,1,215609.21,0,0,0,0,0,0,0,0,0,0,0,2022,6,24,4,0,0,0,1
61.0,0,102840.24,20,58277.74,706.0,0,165199.54,0,0,0,1,0,0,0,1,0,0,0,2022,6,25,5,0,0,0,0
62.0,0,136530.26,11,34798.72,678.0,1,213368.99,0,0,0,1,0,0,0,0,0,1,0,2022,6,26,6,0,0,0,1
29.0,1,116958.63,31,36042.4,666.0,1,143262.9,0,0,0,1,0,0,0,1,0,0,0,2022,6,27,0,0,1,0,0
37.0,1,37509.16,24,12879.6,433.0,1,343778.45,1,0,0,1,0,0,0,1,0,0,0,2022,6,28,1,0,0,1,0
21.0,1,84470.99,0,41143.7,748.0,1,196275.64,0,0,1,0,0,0,0,0,0,1,0,2022,6,29,2,1,0,0,0
66.0,1,110145.07,29,18321.07,417.0,1,206612.1,0,0,0,0,1,0,0,0,0,0,0,2022,6,30,3,1,0,0,0
20.0,0,85577.68,4,52240.01,436.0,0,-36583.34,0,0,0,0,0,0,0,0,1,0,0,2022,1,7,4,0,1,0,0
52.0,0,49328.01,30,32610.15,780.0,0,487168.96,0,0,0,1,0,0,0,1,0,0,0,2022,2,7,0,0,0,1,0
53.0,0,121660.09,34,39245.78,654.0,0,226721.93,0,0,0,0,0,0,0,0,0,1,0,2022,3,7,0,0,1,0,0
46.22862068965517,0,85488.43,18,41837.64,739.0,1,314865.02,0,0,0,1,0,0,0,0,0,0,0,2022,4,7,3,0,0,0,0
43.0,0,85476.32999999999,12,26272.04,806.0,0,446613.56,0,0,0,0,0,0,1,0,0,0,0,2022,5,7,5,0,0,0,1
61.0,1,32878.09,1,38234.14,789.0,1,176885.22,1,0,1,0,0,0,0,0,0,0,0,2022,6,7,1,0,0,0,0
33.0,1,50532.8,25,34798.72,354.0,1,139222.64,1,0,0,0,0,0,0,1,0,0,0,2022,7,7,3,0,0,0,1
23.0,0,52747.15,33,55462.07,771.0,1,340538.25,0,0,0,0,0,1,1,0,0,0,0,2022,8,7,6,0,1,0,0
65.0,1,55334.69,26,23289.27,773.0,1,294965.89,0,0,0,0,0,0,1,0,0,0,0,2022,9,7,2,0,1,0,0
65.0,0,86224.18,11,8490.42,760.0,0,354171.3,0,0,0,0,1,0,0,0,1,0,0,2022,10,7,4,0,0,0,1
70.0,0,86000.78,3,34798.72,521.0,0,461896.64,1,0,0,0,0,0,0,0,0,0,0,2022,11,7,0,0,0,0,0
55.0,0,21932.4,12,31277.21,503.0,0,222154.35,1,0,0,0,0,1,1,0,0,0,0,2022,12,7,2,0,0,0,1
24.0,1,6230.25,33,27522.13,372.0,1,56992.06,0,0,0,0,0,1,0,1,0,0,0,2022,7,13,2,0,1,0,0
30.0,0,76802.8,31,32597.56,706.0,0,208071.99,0,0,0,0,0,1,0,0,0,1,0,2022,7,14,3,0,0,1,0
50.0,0,85476.32999999999,4,39674.27,710.0,1,266664.43,1,0,1,0,0,0,0,0,1,0,0,2022,7,15,4,0,0,0,1
47.0,0,27718.83,1,42478.84,539.0,1,247704.90777003483,1,0,0,0,0,1,0,0,1,0,0,2022,7,16,5,1,0,0,0
23.0,1,92603.22,12,35672.18,672.0,1,197418.56,0,0,1,0,0,0,0,0,1,0,0,2022,7,17,6,0,0,0,1
27.0,0,89047.75,15,10094.15,314.0,1,39197.6,0,0,0,0,0,1,0,0,0,1,0,2022,7,18,0,1,0,0,0
53.0,0,44341.33,2,23613.13,812.0,1,96113.96,0,0,1,0,0,0,0,0,1,0,0,2022,7,19,1,0,0,0,0
39.0,1,114023.84,1,56498.58,315.0,1,287929.63,1,0,0,0,1,0,0,1,0,0,0,2022,7,20,2,1,0,0,0
69.0,0,85476.32999999999,31,46802.57,506.0,1,313775.62,0,0,0,0,1,0,0,1,0,0,0,2022,7,21,3,0,0,1,0
60.0,0,116973.92,1,25105.47,756.0,0,42155.47,0,0,0,0,1,0,1,0,0,0,0,2022,7,22,4,0,0,0,0
44.0,0,23803.22,25,60056.43,549.0,1,152948.26,1,0,1,0,0,0,0,0,0,1,0,2022,7,23,5,0,0,0,1
43.0,0,71976.75,17,63924.77,834.0,1,113965.01,1,0,1,0,0,0,1,0,0,0,0,2022,7,24,6,1,0,0,0
23.0,1,90899.03,31,10601.01,469.0,1,136446.39,1,0,0,1,0,0,1,0,0,0,0,2022,7,25,0,0,0,0,1
55.0,1,85476.32999999999,14,21735.08,561.0,1,412321.4,1,0,0,0,0,0,0,0,1,0,0,2022,7,26,1,1,0,0,0
64.0,0,53946.69,28,15907.84,436.0,1,310271.95,0,0,1,0,0,0,1,0,0,0,0,2022,7,27,2,0,0,1,0
69.0,0,60207.16,9,39948.09,357.0,1,162109.42,0,0,1,0,0,0,0,0,0,1,0,2022,7,28,3,0,0,0,1
31.0,1,102153.3,15,13581.96,358.0,1,276999.96,0,0,0,0,0,0,0,1,0,0,0,2022,7,29,4,0,0,1,0
57.0,0,71230.66,20,41553.91,400.0,1,420120.88,0,0,0,0,0,1,0,0,0,1,0,2022,7,30,5,1,0,0,0
39.0,1,56800.72,33,70569.14,605.0,1,156173.7,0,0,0,0,0,1,1,0,0,0,0,2022,7,31,6,0,0,1,0
23.0,0,102673.58,26,8904.73,304.0,0,188737.08,0,0,1,0,0,0,1,0,0,0,0,2022,1,8,5,0,0,1,0
26.0,1,75640.81,11,23413.49,592.0,1,332630.41,1,0,1,0,0,0,1,0,0,0,0,2022,2,8,1,0,0,0,1
41.0,0,105473.49,6,44169.02,312.0,1,329337.47,1,0,0,0,0,0,0,1,0,0,0,2022,3,8,1,1,0,0,0
18.0,1,36954.18,20,15678.18,406.0,1,107821.95,1,0,0,0,0,0,0,0,0,0,0,2022,4,8,4,1,0,0,0
36.0,1,157928.1,31,39425.2,335.0,1,289901.85,1,0,0,0,1,0,0,1,0,0,0,2022,5,8,6,0,0,1,0
45.0,1,114389.14,10,19097.83,355.0,0,310352.31,0,0,1,0,0,0,0,0,0,1,0,2022,6,8,2,0,0,1,0
45.0,1,99884.93,31,42968.77,650.0,0,74727.23,0,0,0,1,0,0,1,0,0,0,0,2022,7,8,4,0,0,0,0
67.0,1,63316.23,5,29791.08,609.0,0,157039.1,1,0,1,0,0,0,1,0,0,0,0,2022,8,8,0,1,0,0,0
69.0,0,85476.32999999999,30,26799.54,357.0,0,247704.90777003483,0,0,0,1,0,0,0,0,1,0,0,2022,9,8,3,0,0,1,0
40.0,1,100897.68,19,42352.41,663.0,1,-25456.61,0,1,0,0,0,0,1,0,0,0,0,2022,10,8,5,0,0,1,0
37.0,0,90871.21,17,61377.71,723.0,1,320392.69,0,0,0,0,0,0,1,0,0,0,0,2022,11,8,1,0,0,1,0
73.0,1,42162.73,3,23821.35,518.0,0,402278.17,1,0,0,0,0,1,0,0,0,0,0,2022,12,8,3,0,0,1,0
60.0,1,97217.26,24,33399.68,517.0,1,218461.78,1,0,1,0,0,0,0,1,0,0,0,2022,8,13,5,0,0,0,1
27.0,1,97504.66,1,36781.45,755.0,0,215462.7,0,0,1,0,0,0,0,1,0,0,0,2022,8,14,6,0,0,1,0
44.0,1,92590.57,20,41182.99,803.0,1,381575.02,0,0,0,1,0,0,0,1,0,0,0,2022,8,15,0,1,0,0,0
51.0,1,116308.01,5,18815.12,625.0,1,279236.04,0,0,0,0,1,0,0,0,0,0,0,2022,8,16,1,0,0,0,0
65.0,1,143294.37,23,76972.34,623.0,1,121827.04,0,0,0,1,0,0,0,0,1,0,0,2022,8,17,2,0,0,0,1
47.0,1,128419.23,19,37680.77,724.0,0,231540.06,0,0,0,0,0,0,0,0,1,0,0,2022,8,18,3,0,1,0,0
31.0,0,82918.42,15,10921.44,827.0,1,353949.76,1,0,0,0,0,0,0,0,0,0,0,2022,8,19,4,0,0,0,0
72.0,0,77277.49,2,19201.58,533.0,0,347297.96,0,0,0,0,1,0,0,0,0,0,0,2022,8,20,5,0,1,0,0
47.0,0,99830.6,8,20329.34,835.0,1,233274.98,0,0,1,0,0,0,1,0,0,0,0,2022,8,21,6,1,0,0,0
49.0,1,85476.32999999999,21,16018.08,811.0,1,258699.61,0,0,1,0,0,0,0,0,0,1,0,2022,8,22,0,0,0,1,0
54.0,1,115353.15,10,33214.75,767.0,1,282526.22,0,1,0,0,0,0,0,0,0,1,0,2022,8,23,1,0,1,0,0
71.0,1,49472.63,5,16576.84,500.0,0,123168.43,0,1,0,0,0,0,0,0,1,0,0,2022,8,24,2,0,0,0,1
39.0,1,100761.94,17,48060.39,629.0,1,276082.08,0,0,0,0,1,0,0,0,1,0,0,2022,8,25,3,0,1,0,0
67.0,1,84913.78,33,52770.66,723.0,0,178878.02,1,0,1,0,0,0,0,1,0,0,0,2022,8,26,4,0,1,0,0
50.0,1,79179.41,14,32938.27,713.0,1,262025.96,0,0,1,0,0,0,1,0,0,0,0,2022,8,27,5,0,0,1,0
68.0,1,69350.65,26,34043.96,315.0,0,282132.94,1,0,1,0,0,0,0,0,0,1,0,2022,8,28,6,0,1,0,0
34.0,1,95014.85,7,34931.84,564.0,1,249100.06,0,0,1,0,0,0,0,0,0,1,0,2022,8,29,0,0,0,1,0
67.0,0,24109.5,7,25749.65,674.0,0,231024.66,1,0,0,0,0,1,1,0,0,0,0,2022,8,30,1,0,1,0,0
74.0,0,54773.07,17,61415.28,742.0,1,282127.9,0,0,0,1,0,0,0,1,0,0,0,2022,8,31,2,0,0,0,0
46.0,0,91430.7,29,61796.43,424.0,1,272258.67,1,0,0,1,0,0,0,0,0,1,0,2022,1,9,6,1,0,0,0
57.0,1,75365.97,24,46331.84,680.0,1,376899.65,0,0,0,1,0,0,0,0,0,1,0,2022,2,9,2,0,0,1,0
65.0,1,67369.63,26,10706.59,650.0,1,222250.72,0,0,0,0,0,0,0,0,1,0,0,2022,3,9,2,0,1,0,0
53.0,0,65160.63,15,34879.12,733.0,0,264424.73,0,0,1,0,0,0,0,1,0,0,0,2022,4,9,5,1,0,0,0
71.0,0,86233.21,17,72034.8,764.0,1,21164.56,0,0,0,0,1,0,0,0,1,0,0,2022,5,9,0,0,1,0,0
71.0,1,102211.8,31,34351.44,418.0,1,241982.9,0,0,0,0,1,0,0,0,0,1,0,2022,6,9,3,0,1,0,0
27.0,0,43620.57,11,34798.72,326.0,0,404053.91,0,0,0,1,0,0,0,0,1,0,0,2022,7,9,5,0,0,0,1
43.0,0,76431.24,9,41960.3,705.0,1,400527.55,1,0,1,0,0,0,0,0,1,0,0,2022,8,9,1,0,0,1,0
64.0,1,93138.46,25,56025.43,574.3770154373927,0,200856.37,0,0,0,0,1,0,0,1,0,0,0,2022,9,9,4,0,0,1,0
73.0,1,57882.42,34,40873.36,368.0,1,247704.90777003483,0,0,1,0,0,0,0,0,0,0,0,2022,10,9,6,1,0,0,0
69.0,0,98454.84,22,45847.01,344.0,1,160442.01,1,0,0,0,0,0,0,1,0,0,0,2022,11,9,2,1,0,0,0
23.0,1,47850.54,13,27829.13,496.0,0,143350.57,0,0,1,0,0,0,1,0,0,0,0,2022,12,9,4,1,0,0,0
64.0,1,111242.55,12,43523.43,605.0,0,300904.08,0,0,0,0,0,1,0,0,0,1,0,2022,9,13,1,1,0,0,0
74.0,0,70017.26,24,45310.58,735.0,0,406343.81,0,0,0,1,0,0,0,1,0,0,0,2022,9,14,2,0,0,0,1
24.0,0,63072.89,24,63898.47,505.0,1,289942.44,0,0,0,0,0,1,1,0,0,0,0,2022,9,15,3,0,0,0,0
59.0,1,99894.85,20,55183.65,788.0,1,10899.48,1,0,0,1,0,0,0,0,0,0,0,2022,9,16,4,0,0,0,0
44.0,1,65305.77,34,23016.83,782.0,1,237897.42,0,0,0,0,1,0,0,0,0,1,0,2022,9,17,5,0,1,0,0
51.0,1,91758.27,26,34290.07,346.0,1,293328.77,0,0,0,1,0,0,0,0,0,0,0,2022,9,18,6,0,0,0,1
73.0,0,58855.55,27,25954.1,531.0,0,300853.55,0,0,0,1,0,0,0,0,0,1,0,2022,9,19,0,0,0,0,1
38.0,0,99763.37,13,37982.74,574.3770154373927,0,313932.32,0,0,0,1,0,0,0,0,0,1,0,2022,9,20,1,0,1,0,0
33.0,1,83670.49,12,23884.02,407.0,1,313245.63,1,0,0,1,0,0,0,1,0,0,0,2022,9,21,2,0,1,0,0
29.0,0,64009.24,29,48947.36,358.0,0,169010.95,0,0,1,0,0,0,0,0,1,0,0,2022,9,22,3,1,0,0,0
29.0,0,118575.53,17,63627.14,381.0,1,1485.53,0,0,0,0,1,0,0,0,0,1,0,2022,9,23,4,0,0,0,1
74.0,1,13612.47,6,36311.73,528.0,0,142272.22,0,0,0,0,0,0,0,0,0,1,0,2022,9,24,5,1,0,0,0
32.0,1,66878.68,12,48513.04,574.3770154373927,1,-11909.37,0,0,0,0,0,0,0,0,1,0,0,2022,9,25,6,0,0,1,0
31.0,1,71617.72,10,52448.15,346.0,1,302669.24,0,0,0,1,0,0,0,1,0,0,0,2022,9,26,0,0,1,0,0
46.0,0,71938.07,3,44696.53,574.3770154373927,1,42759.7,0,0,1,0,0,0,0,0,0,1,0,2022,9,27,1,0,0,0,1
68.0,1,121896.46,0,26770.69,748.0,0,265249.97,0,0,1,0,0,0,0,0,1,0,0,2022,9,28,2,0,0,1,0
65.0,0,67693.73,3,37313.03,401.0,0,471300.24,0,0,0,0,0,0,0,1,0,0,0,2022,9,29,3,0,0,1,0
21.0,0,116005.27,28,49244.15,698.0,1,327960.79,0,0,0,1,0,0,0,0,1,0,0,2022,9,30,4,0,0,0,0
24.0,0,85476.32999999999,7,22385.48,715.0,1,159510.78,0,0,0,0,0,1,0,0,0,1,0,2022,1,10,0,0,0,0,1
63.0,0,61243.52,28,34798.72,736.0,1,179300.08,0,0,0,1,0,0,0,0,1,0,0,2022,2,10,3,0,0,0,0
59.0,1,43539.68,19,21098.64,574.3770154373927,1,353678.71,1,0,0,0,0,0,1,0,0,0,0,2022,3,10,3,0,0,0,0
67.0,1,84602.33,28,54322.78,640.0,0,207868.14,0,0,0,1,0,0,0,0,0,0,0,2022,4,10,6,0,0,0,0
28.0,0,61859.43,11,19942.01,808.0,1,129037.33,0,0,0,0,1,0,0,0,0,1,0,2022,5,10,1,0,0,1,0
31.0,1,89667.8,23,42590.2,671.0,0,399794.06,1,0,0,0,1,0,1,0,0,0,0,2022,6,10,4,0,0,0,0
74.0,0,60230.03,24,50439.64,467.0,0,449263.35,0,0,0,0,0,1,0,0,1,0,0,2022,7,10,6,0,1,0,0
73.0,0,140185.15,26,34798.72,523.0,1,245295.81,1,0,0,1,0,0,1,0,0,0,0,2022,8,10,2,0,0,1,0
55.0,0,75741.11,34,33992.64,435.0,1,271154.69,1,0,0,0,1,0,0,1,0,0,0,2022,9,10,5,0,1,0,0
39.0,0,82717.97,24,37811.21,574.3770154373927,1,202092.04,0,0,0,0,0,1,0,0,1,0,0,2022,10,10,0,0,0,0,1
61.0,1,104817.33,25,49438.32,430.0,0,192065.4,0,0,1,0,0,0,0,0,0,1,0,2022,11,10,3,0,0,0,0
27.0,1,50784.25,3,23785.29,481.0,1,279536.72,1,0,0,1,0,0,0,0,0,1,0,2022,12,10,5,0,1,0,0
54.0,0,72678.3,26,34798.72,554.0,1,249494.75,0,0,0,1,0,0,0,0,1,0,0,2022,10,13,3,0,1,0,0
41.0,1,106448.87,11,59030.68,522.0,0,243505.24,0,0,0,0,1,0,0,0,0,1,0,2022,10,14,4,0,0,0,1
66.0,0,73482.7,29,42449.94,668.0,0,226789.17,1,0,0,0,0,1,0,0,1,0,0,2022,10,15,5,1,0,0,0
73.0,1,63343.96,31,15674.2,519.0,1,610093.01,0,0,0,0,0,1,1,0,0,0,0,2022,10,16,6,0,0,0,0
42.0,0,72544.67,25,9746.81,545.0,1,123859.95,0,0,0,1,0,0,1,0,0,0,0,2022,10,17,0,0,0,0,1
24.0,0,95225.16,32,33381.09,404.0,1,239968.71,0,0,0,1,0,0,0,0,0,1,0,2022,10,18,1,0,1,0,0
74.0,1,108767.41,21,37395.89,808.0,0,285739.58,0,0,0,0,0,1,1,0,0,0,0,2022,10,19,2,0,0,0,0
57.0,1,55371.64,6,36770.97,642.0,0,147911.48,0,0,0,0,1,0,1,0,0,0,0,2022,10,20,3,0,0,0,0
32.0,1,115083.37,30,58913.43,659.0,1,224332.99,0,0,0,1,0,0,0,0,0,0,0,2022,10,21,4,1,0,0,0
25.0,1,117448.46,29,43224.56,335.0,1,397701.19,1,0,0,0,1,0,0,0,1,0,0,2022,10,22,5,0,0,1,0
39.0,0,84343.63,10,39203.93,578.0,1,184995.09,0,0,0,0,1,0,1,0,0,0,0,2022,10,23,6,0,0,0,0
57.0,1,157032.13,5,62560.51,394.0,0,353032.28,0,0,0,1,0,0,0,0,1,0,0,2022,10,24,0,0,0,1,0
35.0,0,110853.27,28,34522.31,306.0,0,298758.39,0,0,0,0,0,0,0,0,1,0,0,2022,10,25,1,0,0,1,0
26.0,1,81379.54,26,40278.7,609.0,1,228749.99,0,0,1,0,0,0,0,0,1,0,0,2022,10,26,2,1,0,0,0
39.0,1,104559.43,4,42994.17,528.0,1,227536.52,0,0,0,0,0,0,0,0,0,0,0,2022,10,27,3,0,0,0,1
71.0,1,49323.46,14,36853.32,370.0,1,268553.4,1,0,0,1,0,0,0,1,0,0,0,2022,10,28,4,0,0,0,1
35.0,0,85476.32999999999,14,34798.72,670.0,1,128894.28,1,0,0,1,0,0,0,0,0,0,1,2022,10,29,5,0,0,0,0
70.0,0,86055.91,22,47499.16,830.0,1,350685.27,0,0,0,0,0,0,0,0,0,0,0,2022,10,30,6,0,0,0,0
41.0,0,63352.16,33,6837.27,839.0,1,309936.61,1,0,0,0,0,0,0,1,0,0,0,2022,10,31,0,0,0,0,0
74.0,1,73266.34,4,19543.4,490.0,0,250603.19,0,0,0,0,0,0,0,1,0,0,0,2022,1,11,1,0,1,0,0
71.0,0,87057.5,20,48423.26,551.0,1,209813.51,0,0,0,0,0,0,0,0,0,1,0,2022,2,11,4,0,0,1,0
68.0,1,102288.15,16,44582.29,326.0,1,96935.07,0,0,0,0,1,0,0,0,1,0,0,2022,3,11,4,0,0,0,1
21.0,1,52209.75,14,21186.88,363.0,1,330444.5,0,0,0,1,0,0,0,0,0,1,0,2022,4,11,0,0,0,1,0
39.0,1,122452.79,11,34798.72,374.0,1,242206.02,0,0,0,0,1,0,0,1,0,0,0,2022,5,11,2,0,0,0,0
64.0,1,120629.92,13,51645.04,695.0,1,161269.22,0,0,0,0,1,0,0,0,0,0,0,2022,6,11,5,0,0,0,1
44.0,0,94623.78,10,10805.22,374.0,0,171560.49,0,0,0,0,0,0,0,1,0,0,0,2025,6,15,6,0,0,0,1
52.0,0,126533.79,26,35041.74,471.0,1,290884.13,0,0,1,0,0,0,1,0,0,0,0,2022,8,11,3,0,1,0,0
35.0,1,79038.25,6,28864.84,495.0,1,313840.14,0,0,0,0,0,1,1,0,0,0,0,2022,9,11,6,0,0,0,0
54.0,1,54062.13,18,31879.1,574.3770154373927,1,125151.13,0,0,1,0,0,0,1,0,0,0,0,2022,10,11,1,1,0,0,0
46.0,0,99794.85,15,27120.45,679.0,1,158968.25,0,0,0,1,0,0,1,0,0,0,0,2022,11,11,4,1,0,0,0
65.0,0,108569.07,17,41965.75,481.0,0,175598.2,0,0,1,0,0,0,1,0,0,0,0,2022,12,11,6,0,1,0,0
31.0,1,94091.01,11,32773.43,789.0,0,295799.57,0,0,1,0,0,0,0,0,0,0,1,2022,11,13,6,0,0,1,0
29.0,1,79734.38,19,35300.96,453.0,0,158459.3,0,1,0,0,0,0,0,0,0,1,0,2022,11,14,0,0,1,0,0
72.0,1,86446.06,3,49468.22,411.0,0,239023.44,0,0,0,1,0,0,0,0,0,0,0,2022,11,15,1,1,0,0,0
46.0,0,87606.42,11,37988.19,631.0,1,247704.90777003483,0,0,0,1,0,0,0,0,0,1,0,2022,11,16,2,1,0,0,0
41.0,0,80983.58,18,34798.72,771.0,1,299316.01,0,0,1,0,0,0,1,0,0,0,0,2022,11,17,3,0,0,1,0
25.0,0,96183.67,17,13202.7,727.0,1,155704.16,0,0,0,0,1,0,1,0,0,0,0,2022,11,18,4,0,0,0,0
37.0,1,71869.03,7,54706.64,492.0,1,308880.38,1,0,0,1,0,0,0,0,1,0,0,2022,11,19,5,0,0,1,0
63.0,1,85476.32999999999,33,13297.86,796.0,1,249120.67,0,0,0,0,0,1,1,0,0,0,0,2022,11,20,6,0,0,0,1
71.0,0,125300.75,32,49192.86,658.0,1,247704.90777003483,0,0,0,0,1,0,1,0,0,0,0,2022,11,21,0,0,0,0,1
22.0,1,124359.34,23,38102.25,843.0,1,152368.71,0,0,1,0,0,0,0,0,0,1,0,2022,11,22,1,0,0,0,1
37.0,0,84723.61,16,65132.9,632.0,1,243081.05,0,0,0,0,1,0,1,0,0,0,0,2022,11,23,2,1,0,0,0
24.0,0,120377.63,12,69674.4,709.0,1,206145.77,1,0,0,0,1,0,0,1,0,0,0,2022,11,24,3,0,0,1,0
46.22862068965517,0,109350.96,22,34798.72,470.0,0,178833.91,0,0,0,0,1,0,0,0,1,0,0,2022,11,25,4,1,0,0,0
21.0,1,90573.42,29,11124.0,421.0,0,148790.64,0,0,0,1,0,0,0,0,0,0,0,2022,11,26,5,0,1,0,0
53.0,0,114218.72,28,32965.14,508.0,0,126674.22,1,0,0,0,0,1,0,0,0,1,0,2022,11,27,6,1,0,0,0
44.0,1,42993.71,16,34300.29,667.0,0,333290.64,0,0,0,1,0,0,0,0,0,1,0,2022,11,28,0,0,0,1,0
59.0,0,110048.21,17,26035.39,683.0,1,197756.69,0,0,0,0,0,1,0,0,0,1,0,2022,11,29,1,0,0,0,0
24.0,1,85476.32999999999,9,60139.88,764.0,0,489519.98,1,0,0,0,1,0,0,0,1,0,0,2022,11,30,2,0,0,0,0
42.0,1,45316.91,31,14907.86,468.0,1,233713.54,1,1,0,0,0,0,0,1,0,0,0,2022,1,12,2,1,0,0,0
61.0,1,89198.5,9,37251.0,601.0,0,-324.82,0,0,0,0,1,0,0,0,0,0,0,2022,2,12,5,0,1,0,0
30.0,0,49832.2,3,37630.15,589.0,1,245348.85,0,1,0,0,0,0,0,0,0,0,1,2022,3,12,5,0,0,0,0
34.0,0,85476.32999999999,27,36398.46,695.0,0,270977.5,0,0,0,0,1,0,0,0,1,0,0,2022,4,12,1,0,0,0,1
53.0,1,114112.45,18,34798.72,702.0,1,261487.6,0,0,0,0,0,0,0,1,0,0,0,2022,5,12,3,1,0,0,0
62.0,1,86070.34,9,32024.66,311.0,0,416470.84,0,0,0,0,0,1,1,0,0,0,0,2022,6,12,6,0,0,1,0
27.0,1,85721.2,19,28207.83,301.0,0,247704.90777003483,0,0,1,0,0,0,0,0,0,1,0,2022,7,12,1,0,1,0,0
40.0,0,70705.91,32,45787.8,340.0,0,403797.64,1,0,0,0,0,0,0,0,0,0,0,2022,8,12,4,0,0,0,1
53.0,1,85476.32999999999,34,31180.71,693.0,0,230353.41,0,0,0,0,0,0,0,0,1,0,0,2022,9,12,0,0,0,0,1
70.0,0,32091.8,12,39385.97,507.0,0,162857.21,1,0,1,0,0,0,0,0,0,1,0,2022,10,12,2,0,0,0,1
54.0,0,44180.21,3,42556.2,358.0,0,391021.96,0,0,0,0,1,0,0,0,0,0,0,2022,11,12,5,0,0,0,1
47.0,1,48154.37,4,61706.15,719.0,1,315808.99,0,0,0,0,0,0,1,0,0,0,0,2022,12,12,0,0,0,0,1
54.0,1,122531.97,2,64885.55,720.0,1,163344.13,0,0,0,0,0,1,0,0,1,0,0,2022,12,13,1,1,0,0,0
23.0,0,59229.05,28,58904.56,823.0,1,357437.19,1,0,0,1,0,0,0,1,0,0,0,2022,12,14,2,0,0,1,0
38.0,1,86816.84,31,37034.03,791.0,1,-42516.29,0,0,0,0,0,0,0,1,0,0,0,2022,12,15,3,0,0,0,1
50.0,0,75109.37,11,32443.78,456.0,0,230072.0,0,0,0,0,1,0,0,1,0,0,0,2022,12,16,4,0,0,0,1
40.0,1,73933.11,20,26779.4,663.0,0,267586.84,0,0,1,0,0,0,0,0,0,0,0,2022,12,17,5,0,0,0,1
23.0,0,34535.13,18,18952.15,551.0,1,240000.35,0,0,0,0,1,0,0,0,0,0,0,2022,12,18,6,0,0,0,1
33.0,1,103021.64,14,34451.06,843.0,1,374394.02,1,0,0,0,0,0,0,0,1,0,0,2022,12,19,0,0,0,0,0
20.0,0,37536.54,11,268.81,842.0,1,359923.43,0,0,0,0,0,0,1,0,0,0,0,2022,12,20,1,0,1,0,0
62.0,1,64925.36,11,23299.84,580.0,0,190812.9,0,0,0,0,0,1,0,1,0,0,0,2022,12,21,2,0,0,1,0
51.0,1,69426.54,7,39649.23,324.0,0,266014.67,0,0,0,0,0,1,0,0,0,0,0,2022,12,22,3,0,0,0,0
58.0,1,114467.42,2,30653.91,684.0,0,268691.25,0,0,0,1,0,0,1,0,0,0,0,2022,12,23,4,0,1,0,0
46.22862068965517,1,83105.07,6,34798.72,798.0,0,321363.84,0,0,0,0,0,1,1,0,0,0,0,2022,12,24,5,0,0,1,0
57.0,1,114156.39,24,34082.13,393.0,1,140055.25,0,0,1,0,0,0,0,1,0,0,0,2022,12,25,6,0,0,0,1
51.0,1,55474.77,25,26431.21,653.0,1,164275.29,0,0,0,0,0,1,0,0,0,1,0,2022,12,26,0,0,1,0,0
73.0,0,112271.47,28,40188.51,831.0,1,247704.90777003483,0,0,0,0,1,0,0,0,0,1,0,2022,12,27,1,0,0,0,0
36.0,1,77446.73,31,33323.02,689.0,1,236292.89,0,0,0,1,0,0,0,0,0,0,0,2022,12,28,2,0,0,0,0
68.0,0,87650.3,25,53039.23,315.0,0,349053.83,0,0,0,0,0,1,1,0,0,0,0,2022,12,29,3,0,0,0,1
23.0,0,85476.32999999999,9,17096.37,520.0,1,367039.88,0,0,0,0,0,0,0,0,1,0,0,2022,12,30,4,0,0,0,0
42.0,0,100475.9,18,44637.57,309.0,1,198718.6,0,0,0,1,0,0,0,0,0,1,0,2022,12,31,5,0,0,1,0
72.0,1,135820.84,5,21648.16,769.0,1,354058.53,0,0,0,1,0,0,0,0,1,0,0,2023,1,1,6,0,1,0,0
61.0,0,85476.32999999999,11,30818.19,560.0,1,183849.26,0,0,1,0,0,0,1,0,0,0,0,2023,2,1,2,0,0,0,1
47.0,0,114812.1,16,23825.59,514.0,1,169798.71,0,0,0,0,0,0,0,0,0,0,0,2023,3,1,2,0,0,0,1
54.0,1,82524.96,18,29867.12,509.0,1,322677.9,1,0,1,0,0,0,0,0,0,0,0,2023,4,1,5,0,1,0,0
60.0,1,107203.32,1,25918.24,387.0,0,91927.26,1,0,0,1,0,0,1,0,0,0,0,2023,5,1,0,0,0,0,1
48.0,0,65849.21,28,24974.58,645.0,1,79829.03,0,0,0,0,0,1,1,0,0,0,0,2023,6,1,3,0,1,0,0
64.0,1,87250.58,14,13680.77,724.0,1,240441.57,0,0,0,0,0,0,0,1,0,0,0,2023,7,1,5,0,0,0,1
25.0,1,64367.96,8,34260.43,774.0,1,286069.18,0,0,0,0,1,0,0,1,0,0,0,2023,8,1,1,0,1,0,0
57.0,1,83777.67,23,19160.92,843.0,0,131686.49,0,0,0,0,1,0,0,0,0,0,0,2023,9,1,4,1,0,0,0
46.0,1,145449.9,33,44381.85,661.0,1,358235.43,0,0,0,0,0,1,0,0,0,1,0,2023,10,1,6,0,0,0,0
58.0,0,85476.32999999999,17,42370.37,658.0,0,58774.17,0,0,1,0,0,0,0,1,0,0,0,2023,11,1,2,0,0,1,0
30.0,0,73135.71,1,53221.36,464.0,1,82837.82,0,0,0,0,0,1,0,0,0,1,0,2023,12,1,4,0,0,0,0
19.0,0,40915.49,8,49702.77,776.0,0,124505.63,0,0,0,1,0,0,1,0,0,0,0,2023,1,13,4,1,0,0,0
64.0,0,101496.18,6,41083.45,767.0,0,163391.73,0,0,0,1,0,0,1,0,0,0,0,2023,1,14,5,0,0,1,0
20.0,1,47367.1,30,71104.68,540.0,1,323593.17,0,0,0,0,0,1,1,0,0,0,0,2023,1,15,6,0,0,0,0
60.0,0,106482.66,10,39448.71,462.0,0,285959.35,0,0,0,0,0,0,0,0,1,0,0,2023,1,16,0,0,0,0,0
35.0,1,84460.83,31,37945.05,440.0,1,198414.08,0,0,1,0,0,0,0,0,0,0,1,2023,1,17,1,0,0,1,0
28.0,0,58026.99,9,24319.81,580.0,1,139771.82,0,0,0,0,0,1,0,0,0,1,0,2023,1,18,2,0,0,0,0
45.0,1,53987.22,7,35764.95,570.0,1,222921.94,0,0,0,0,0,0,0,0,0,0,0,2023,1,19,3,0,0,1,0
23.0,1,109270.79,7,56909.94,596.0,1,295697.49,0,0,0,1,0,0,0,0,0,0,0,2023,1,20,4,0,1,0,0
60.0,1,106599.45,17,44675.0,484.0,0,306999.24,0,0,0,0,0,0,0,0,0,1,0,2023,1,21,5,1,0,0,0
24.0,0,94766.65,23,40697.25,527.0,0,212355.83,1,0,0,0,0,1,0,0,1,0,0,2023,1,22,6,0,0,1,0
61.0,1,130736.06,20,11602.25,334.0,0,226590.56,0,0,1,0,0,0,0,0,0,0,0,2023,1,23,0,1,0,0,0
62.0,0,120356.17,26,34798.72,804.0,0,400898.26,1,0,0,0,1,0,0,0,0,1,0,2023,1,24,1,0,1,0,0
42.0,0,71649.18,22,15256.16,387.0,1,139601.67,1,0,0,0,1,0,1,0,0,0,0,2023,1,25,2,0,0,1,0
71.0,1,74893.17,1,27494.63,809.0,1,223030.72,0,0,1,0,0,0,0,1,0,0,0,2023,1,26,3,1,0,0,0
66.0,0,103051.73,16,72393.79,395.0,1,339891.95,0,0,0,1,0,0,0,1,0,0,0,2023,1,27,4,0,0,0,0
34.0,0,83014.73,34,55416.78,733.0,1,268388.46,0,1,0,0,0,0,0,0,1,0,0,2023,1,28,5,0,0,1,0
70.0,0,102401.75,16,14390.31,313.0,1,400816.08,0,0,0,0,0,0,0,0,1,0,0,2023,1,29,6,0,0,1,0
24.0,0,105640.39,33,26915.45,443.0,1,281424.68,0,0,0,0,0,0,0,0,0,0,0,2023,1,30,0,0,0,0,0
68.0,1,66572.78,1,31717.79,406.0,1,271217.61,0,0,0,0,1,0,0,0,0,1,0,2023,1,31,1,1,0,0,0
58.0,1,102004.66,33,46923.22,685.0,1,514462.27,0,0,1,0,0,0,0,0,1,0,0,2023,1,2,0,0,0,1,0
36.0,0,73889.37,26,51153.2,403.0,1,171507.99,0,0,0,0,1,0,0,0,0,1,0,2023,2,2,3,0,0,0,0
47.0,0,134920.57,8,16922.07,621.0,1,263238.77,0,1,0,0,0,0,0,1,0,0,0,2023,3,2,3,1,0,0,0
31.0,1,84309.76,10,44851.41,740.0,1,311126.67,0,0,0,0,0,0,0,0,0,0,0,2023,4,2,6,0,0,1,0
52.0,1,46808.12,0,49932.03,433.0,1,247704.90777003483,0,0,0,0,0,1,1,0,0,0,0,2023,5,2,1,0,0,1,0
21.0,0,111407.66,34,36280.1,383.0,1,386238.88,1,0,1,0,0,0,0,1,0,0,0,2023,6,2,4,0,0,0,1
46.0,1,64573.98,7,35158.48,424.0,1,252225.94,0,0,0,0,0,0,0,0,0,1,0,2023,7,2,6,0,1,0,0
58.0,1,121711.72,12,25687.19,825.0,1,56409.08,1,0,0,0,1,0,0,0,1,0,0,2023,8,2,2,1,0,0,0
64.0,0,127848.51,18,33234.42,702.0,0,59498.2,0,0,0,0,0,0,0,0,0,0,0,2023,9,2,5,0,0,0,1
20.0,0,48385.62,24,26157.89,566.0,0,176557.77,0,0,0,0,0,0,0,0,0,1,0,2023,10,2,0,0,0,0,0
51.0,0,69575.28,21,37671.15,714.0,1,225196.12,1,0,0,1,0,0,0,0,0,1,0,2023,11,2,3,0,1,0,0
65.0,0,151415.86,15,40867.81,696.0,0,178827.79,0,0,0,0,1,0,0,0,0,1,0,2023,12,2,5,0,1,0,0
63.0,0,93555.74,15,66040.13,428.0,0,276509.65,1,0,0,1,0,0,0,1,0,0,0,2023,2,13,0,0,0,1,0
70.0,0,86138.67,26,48153.82,672.0,1,268730.11,0,0,0,0,0,1,1,0,0,0,0,2023,2,14,1,0,1,0,0
55.0,0,91723.75,14,48679.82,534.0,1,144664.01,0,0,1,0,0,0,0,1,0,0,0,2023,2,15,2,0,0,1,0
37.0,0,85786.83,19,28939.96,610.0,1,20721.01,0,0,0,0,0,1,0,0,0,0,0,2023,2,16,3,0,0,0,1
57.0,1,100633.64,11,82535.91,413.0,0,253999.26,0,0,1,0,0,0,0,0,0,1,0,2023,2,17,4,1,0,0,0
31.0,0,78985.61,17,49336.69,658.0,1,420456.71,0,0,0,0,0,1,0,0,1,0,0,2023,2,18,5,0,0,0,1
59.0,0,83170.01,17,29632.78,830.0,1,307224.56,0,0,0,0,0,1,1,0,0,0,0,2023,2,19,6,1,0,0,0
31.0,1,124516.96,11,30429.67,797.0,1,175215.2,0,0,0,0,0,0,1,0,0,0,0,2023,2,20,0,0,1,0,0
50.0,0,61099.59,16,37545.72,650.0,1,338318.33,0,0,1,0,0,0,1,0,0,0,0,2023,2,21,1,0,0,0,1
42.0,1,74849.27,19,31922.15,669.0,1,329271.92,0,0,1,0,0,0,1,0,0,0,0,2023,2,22,2,0,1,0,0
38.0,1,65449.54,18,63989.78,353.0,0,439766.0,0,0,0,0,0,1,0,0,1,0,0,2023,2,23,3,1,0,0,0
67.0,0,122672.92,7,38977.35,765.0,0,313899.41,0,0,0,1,0,0,0,0,0,1,0,2023,2,24,4,1,0,0,0
40.0,1,74479.04,29,74222.75,407.0,1,49385.58,0,0,0,1,0,0,0,1,0,0,0,2023,2,25,5,0,0,0,1
54.0,0,85476.32999999999,20,27647.31,572.0,1,268994.4,0,0,0,0,0,1,0,0,0,0,0,2023,2,26,6,0,1,0,0
19.0,0,46336.24,4,38376.85,309.0,1,446927.67,0,0,0,0,0,1,1,0,0,0,0,2023,2,27,0,0,1,0,0
58.0,0,89739.41,18,48245.17,459.0,1,407898.26,1,0,0,0,0,1,1,0,0,0,0,2023,2,28,1,1,0,0,0
20.0,0,116192.23,28,17232.33,322.0,1,239696.45,0,0,0,0,0,0,0,1,0,0,0,2023,1,3,1,0,0,0,1
50.0,0,57043.03,17,12034.66,470.0,1,207506.91,0,0,1,0,0,0,0,0,0,0,0,2023,2,3,4,1,0,0,0
44.0,1,84862.61,29,30358.18,769.0,0,216702.31,0,0,0,1,0,0,0,1,0,0,0,2023,3,3,4,0,0,1,0
63.0,1,85476.32999999999,2,34798.72,784.0,0,129968.1,0,0,1,0,0,0,1,0,0,0,0,2023,4,3,0,0,0,1,0
63.0,0,42083.32,27,71071.83,700.0,1,39727.14,0,0,0,1,0,0,0,0,1,0,0,2023,5,3,2,0,1,0,0
47.0,1,103745.34,34,49948.57,664.0,1,183702.52,0,0,0,0,0,0,0,1,0,0,0,2023,6,3,5,0,1,0,0
58.0,0,112262.37,8,38926.55,535.0,0,318672.96,0,0,0,1,0,0,0,0,0,0,0,2023,7,3,0,0,0,0,1
23.0,1,104151.78,7,24871.32,321.0,1,212323.51,0,0,0,1,0,0,0,1,0,0,0,2023,8,3,3,1,0,0,0
39.0,1,67622.83,4,999999.0,344.0,1,66802.3,0,0,0,1,0,0,1,0,0,0,0,2023,9,3,6,0,0,0,0
51.0,0,74413.33,0,56273.01,383.0,1,98760.33,1,0,1,0,0,0,1,0,0,0,0,2023,10,3,1,0,0,0,1
45.0,1,125877.96,1,42214.94,332.0,1,263368.08,1,0,0,0,1,0,1,0,0,0,0,2023,11,3,4,0,1,0,0
35.0,1,86554.62,7,31569.85,844.0,0,206989.44,0,0,0,0,0,1,0,1,0,0,0,2023,12,3,6,0,0,0,0
65.0,1,74221.27,25,13423.71,744.0,0,400461.75,0,0,0,0,0,1,0,1,0,0,0,2023,3,13,0,0,0,1,0
46.22862068965517,0,49990.74,32,53208.14,548.0,1,489192.56,1,0,0,1,0,0,0,0,0,1,0,2023,3,14,1,0,0,0,1
62.0,0,27270.11,11,42983.36,492.0,1,131325.76,0,0,1,0,0,0,0,0,0,1,0,2023,3,15,2,0,0,0,0
30.0,1,86451.23,24,13027.9,629.0,0,242322.37,0,0,0,1,0,0,0,0,0,0,0,2023,3,16,3,1,0,0,0
52.0,0,102362.52,5,31224.39,519.0,0,376134.47,1,0,0,0,1,0,0,0,0,0,0,2023,3,17,4,1,0,0,0
49.0,1,44453.08,33,34798.72,343.0,0,394032.84,0,0,0,1,0,0,0,0,0,0,0,2023,3,18,5,0,0,1,0
66.0,0,118025.85,19,33176.46,850.0,1,241122.05,0,0,0,1,0,0,1,0,0,0,0,2023,3,19,6,0,0,0,0
42.0,0,91863.37,29,16547.49,324.0,1,102295.04,0,0,1,0,0,0,0,0,0,0,1,2023,3,20,0,0,0,0,1
73.0,1,112181.96,24,16262.86,701.0,1,258670.41,0,0,0,0,0,1,0,0,1,0,0,2023,3,21,1,1,0,0,0
23.0,1,124348.43,0,40785.79,609.0,1,175679.62,1,0,0,1,0,0,0,0,1,0,0,2023,3,22,2,0,1,0,0
53.0,1,107884.47,21,55635.4,344.0,0,199308.27,0,0,0,0,1,0,0,1,0,0,0,2023,3,23,3,0,0,0,0
27.0,0,155085.8,7,40853.7,448.0,0,371117.92,0,0,0,0,0,1,0,1,0,0,0,2023,3,24,4,0,0,0,0
73.0,1,82660.52,25,67108.51,358.0,1,318033.12,0,0,0,0,0,1,0,1,0,0,0,2023,3,25,5,1,0,0,0
60.0,0,78880.67,28,23102.76,585.0,0,252281.12,0,0,0,0,1,0,0,0,1,0,0,2023,3,26,6,0,0,1,0
22.0,1,66924.15,0,22885.46,633.0,0,153289.38,1,0,1,0,0,0,1,0,0,0,0,2023,3,27,0,0,0,0,0
64.0,1,128582.45,9,38353.66,301.0,1,138525.38,1,0,0,0,0,1,0,0,0,1,0,2023,3,28,1,0,0,0,0
62.0,1,105568.25,17,31125.78,746.0,1,181470.65,0,0,1,0,0,0,0,0,0,0,0,2023,3,29,2,1,0,0,0
31.0,1,63667.87,27,15381.54,343.0,1,379638.2,0,0,0,0,1,0,1,0,0,0,0,2023,3,30,3,1,0,0,0
23.0,1,107248.56,27,13050.28,376.0,0,162260.67,0,0,0,0,0,0,0,0,1,0,0,2023,3,31,4,0,0,0,1
23.0,1,97562.06,5,33852.96,517.0,1,209654.89,1,0,0,1,0,0,0,0,1,0,0,2024,10,3,3,0,0,1,0
30.0,1,36116.29,21,34798.72,535.0,1,219378.48,0,0,0,1,0,0,0,1,0,0,0,2023,2,4,5,0,0,1,0
24.0,0,127857.78,5,38375.74,807.0,1,292946.38,0,0,0,0,0,1,0,0,1,0,0,2023,3,4,5,0,0,0,0
37.0,1,70683.62,24,29484.57,660.0,1,48483.3,0,0,0,1,0,0,0,0,1,0,0,2023,4,4,1,0,0,1,0
52.0,0,85476.32999999999,7,23794.64,633.0,1,302257.06,0,0,0,0,0,0,0,1,0,0,0,2023,5,4,3,0,0,1,0
24.0,1,106498.59,29,21006.37,550.0,1,270601.21,0,0,0,0,1,0,0,1,0,0,0,2023,6,4,6,0,1,0,0
49.0,1,108662.52,10,44376.83,585.0,0,337267.88,0,0,0,0,1,0,0,0,0,0,0,2023,7,4,1,0,0,0,0
58.0,1,108092.32,18,39540.18,840.0,1,197621.07,1,0,1,0,0,0,0,1,0,0,0,2023,8,4,4,0,1,0,0
27.0,1,117021.34,21,33776.13,532.0,1,272044.12,0,0,1,0,0,0,1,0,0,0,0,2023,9,4,0,0,0,0,0
37.0,0,113456.18,27,47980.24,625.0,1,497024.2,0,0,0,1,0,0,0,0,0,1,0,2023,10,4,2,0,0,0,0
68.0,0,108252.98,26,31660.61,625.0,0,141747.89,0,0,0,0,0,1,0,0,1,0,0,2023,11,4,5,0,1,0,0
27.0,0,68326.9,13,20556.76,793.0,1,280795.32,0,0,0,0,0,0,0,1,0,0,0,2023,12,4,0,0,0,0,1
46.22862068965517,0,68314.38,22,36822.34,745.0,1,98097.64,1,0,0,0,1,0,0,0,0,0,0,2023,4,13,3,0,1,0,0
30.0,1,126780.73,5,30928.93,797.0,0,167943.28,0,0,0,1,0,0,0,0,0,1,0,2023,4,14,4,1,0,0,0
47.0,0,68400.47,5,18838.26,628.0,1,136429.03,0,0,0,0,0,0,0,0,0,1,0,2023,4,15,5,0,0,0,0
19.0,1,85476.32999999999,4,33451.75,614.0,1,315339.63,0,0,0,0,0,0,0,0,0,0,1,2023,4,16,6,0,0,0,1
58.0,0,85476.32999999999,24,37563.47,577.0,1,253658.71,0,0,0,0,0,0,0,0,1,0,0,2023,4,17,0,0,0,0,1
72.0,1,79769.72,6,41060.57,418.0,1,131581.1,1,0,0,0,0,1,0,1,0,0,0,2023,4,18,1,0,1,0,0
42.0,0,119848.68,25,53065.62,690.0,1,355212.38,0,0,0,1,0,0,0,0,1,0,0,2023,4,19,2,1,0,0,0
72.0,1,99344.6,9,46004.76,361.0,0,433568.89,0,0,0,1,0,0,0,0,1,0,0,2023,4,20,3,0,0,1,0
35.0,1,68128.34,33,41518.85,549.0,1,223701.72,0,0,0,0,0,0,0,0,0,1,0,2023,4,21,4,0,0,0,1
32.0,1,120149.0,26,10082.01,617.0,0,136643.94,0,0,0,0,1,0,0,1,0,0,0,2023,4,22,5,0,1,0,0
62.0,0,76083.55,34,58861.96,771.0,0,247704.90777003483,0,0,0,0,0,0,1,0,0,0,0,2023,4,23,6,0,1,0,0
57.0,0,65791.21,11,66731.02,661.0,1,265030.74,0,0,0,0,0,0,0,0,0,0,1,2023,4,24,0,0,0,1,0
21.0,1,108909.73,29,33140.56,566.0,0,387413.61,0,0,0,0,1,0,0,0,0,1,0,2023,4,25,1,0,0,0,0
20.0,0,112505.26,21,24016.8,614.0,0,392835.8,0,0,0,0,0,0,0,0,0,1,0,2023,4,26,2,0,0,0,0
19.0,1,119723.62,15,57924.14,797.0,1,268737.7,0,0,0,0,0,0,0,0,0,1,0,2023,4,27,3,0,0,0,1
37.0,1,68589.34,19,49438.64,324.0,0,220810.75,0,0,0,0,0,0,0,0,0,1,0,2023,4,28,4,0,1,0,0
48.0,0,79597.72,15,17734.81,617.0,1,295414.5,0,0,1,0,0,0,0,0,1,0,0,2023,4,29,5,1,0,0,0
56.0,0,41588.36,34,40653.37,444.0,1,323325.88,0,0,1,0,0,0,0,0,0,0,0,2023,4,30,6,1,0,0,0
21.0,0,30320.4,22,12510.85,621.0,1,336093.81,1,0,0,1,0,0,0,0,0,0,0,2023,1,5,3,0,0,1,0
30.0,1,54514.53,19,37279.97,829.0,1,368563.05,0,0,0,0,1,0,0,1,0,0,0,2023,2,5,6,1,0,0,0
68.0,0,66715.5,18,33410.8,606.0,1,160454.44,0,0,0,0,0,0,0,0,1,0,0,2023,3,5,6,1,0,0,0
37.0,1,91593.38,15,52954.95,686.0,0,238725.44,0,0,0,0,1,0,1,0,0,0,0,2023,4,5,2,0,0,0,0
18.0,0,72384.77,31,46359.87,357.0,1,247704.90777003483,1,0,0,0,0,1,0,0,0,1,0,2023,5,5,4,0,1,0,0
25.0,1,30329.27,28,14473.14,720.0,0,-44892.37,1,0,0,1,0,0,0,0,0,0,0,2023,6,5,0,1,0,0,0
65.0,0,99989.05,8,26823.13,700.0,0,247704.90777003483,1,0,0,0,0,0,0,0,0,0,0,2023,7,5,2,0,0,0,1
26.0,0,81972.01,20,17246.5,406.0,0,193397.44,1,0,0,0,0,1,0,0,0,0,0,2023,8,5,5,0,1,0,0
58.0,0,85476.32999999999,33,36284.32,468.0,1,396854.37,0,0,1,0,0,0,0,0,0,0,0,2023,9,5,1,0,0,1,0
18.0,1,104850.12,28,27158.61,427.0,1,169148.23,0,0,0,0,1,0,0,1,0,0,0,2023,10,5,3,0,0,1,0
53.0,0,25962.24,13,55171.62,331.0,0,452232.29,1,0,0,1,0,0,0,0,1,0,0,2023,11,5,6,0,0,0,0
37.0,0,111519.69,28,49801.14,315.0,1,277767.14,0,0,1,0,0,0,0,0,0,1,0,2023,12,5,1,0,0,0,1
45.0,0,56656.43,32,23341.47,421.0,1,198748.69,1,0,0,0,0,0,0,0,0,1,0,2023,5,13,5,1,0,0,0
42.0,0,87677.86,31,62520.54,824.0,1,42400.84,0,0,0,0,0,1,0,1,0,0,0,2023,5,14,6,0,0,0,1
46.22862068965517,1,104029.39,7,21938.6,508.0,1,296103.67,0,0,0,1,0,0,0,0,0,0,0,2023,5,15,0,0,0,0,0
42.0,0,112685.2,2,50069.27,349.0,1,263286.75,1,0,0,0,0,1,0,1,0,0,0,2023,5,16,1,0,0,0,1
73.0,1,105191.02,33,25956.19,658.0,1,189169.24,0,0,0,0,0,0,0,0,1,0,0,2023,5,17,2,0,0,0,0
34.0,0,89799.28,10,32335.13,493.0,1,102054.96,0,0,0,1,0,0,0,0,1,0,0,2023,5,18,3,0,0,1,0
57.0,0,95990.26,34,9627.48,490.0,1,-80101.98,1,0,0,1,0,0,0,1,0,0,0,2023,5,19,4,0,0,0,1
48.0,0,132117.6,18,42406.55,331.0,1,307241.35,0,0,1,0,0,0,0,0,0,0,0,2023,5,20,5,0,0,0,0
49.0,1,85476.32999999999,34,25763.15,487.0,0,263683.09,1,0,0,0,1,0,1,0,0,0,0,2023,5,21,6,0,1,0,0
19.0,1,58958.33,5,29011.57,845.0,1,104374.59,0,0,0,0,1,0,0,0,1,0,0,2023,5,22,0,0,0,1,0
28.0,0,60075.92,17,29066.38,371.0,0,57907.29,1,0,0,1,0,0,0,0,0,1,0,2023,5,23,1,0,0,1,0
41.0,1,115766.35,8,46209.9,338.0,1,351949.59,0,0,0,0,0,1,0,1,0,0,0,2023,5,24,2,1,0,0,0
38.0,0,77385.98,24,37935.14,395.0,0,248824.93,1,0,0,0,0,1,0,0,0,0,0,2023,5,25,3,0,1,0,0
52.0,1,85476.32999999999,5,21651.97,645.0,1,455379.41,0,0,1,0,0,0,1,0,0,0,0,2023,5,26,4,1,0,0,0
18.0,0,99155.48,0,38090.16,574.3770154373927,0,335315.49,1,0,0,0,0,1,0,0,0,1,0,2023,5,27,5,0,0,1,0
61.0,0,69768.12,26,38915.7,574.3770154373927,1,354484.66,1,0,0,0,1,0,0,1,0,0,0,2023,5,28,6,0,1,0,0
23.0,1,48147.69,27,36697.12,482.0,1,307160.85,0,0,0,1,0,0,0,0,1,0,0,2023,5,29,0,0,0,0,1
74.0,1,82860.01,15,35579.82,509.0,1,254300.96,0,0,0,1,0,0,0,1,0,0,0,2023,5,30,1,0,0,0,0
30.0,1,85367.37,34,23715.21,378.0,1,354719.38,1,0,0,0,1,0,1,0,0,0,0,2023,5,31,2,1,0,0,0
43.0,0,87820.1,31,57370.93,374.0,0,349922.47,0,0,1,0,0,0,0,1,0,0,0,2023,1,6,4,1,0,0,0
40.0,1,50525.42,7,24103.53,711.0,1,164721.54,0,0,0,0,0,0,0,0,0,0,0,2023,2,6,0,0,0,0,1
71.0,1,75836.05,1,35038.35,581.0,0,235217.06,0,0,0,0,0,0,0,0,0,0,0,2023,3,6,0,1,0,0,0
70.0,1,94157.8,33,59261.67,431.0,1,253025.07,0,0,0,0,1,0,1,0,0,0,0,2023,4,6,3,0,0,1,0
70.0,1,58134.44,16,56565.71,325.0,1,226293.65,0,0,1,0,0,0,1,0,0,0,0,2023,5,6,5,1,0,0,0
62.0,0,73771.96,0,39938.17,574.3770154373927,1,469388.53,1,0,0,1,0,0,0,0,0,0,0,2023,6,6,1,0,0,0,1
25.0,0,111068.49,2,24219.28,844.0,0,187986.22,0,0,0,0,1,0,0,0,0,1,0,2023,7,6,3,1,0,0,0
33.0,0,72542.11,18,10042.23,422.0,1,314578.06,0,0,0,1,0,0,0,1,0,0,0,2023,8,6,6,0,0,1,0
46.0,0,114841.18,18,31408.2,610.0,0,536124.55,0,0,0,1,0,0,0,1,0,0,0,2023,9,6,2,0,0,0,1
50.0,1,80787.75,9,38187.49,391.0,1,115305.27,0,0,0,0,1,0,0,0,0,1,0,2023,10,6,4,1,0,0,0
30.0,0,95207.95,10,54250.72,675.0,1,440252.95,0,0,0,0,0,0,0,1,0,0,0,2023,11,6,0,0,0,0,0
61.0,1,128589.6,6,50220.42,339.0,0,-8625.84,0,0,0,0,0,1,0,1,0,0,0,2023,12,6,2,0,0,0,1
63.0,1,114844.82,32,42351.88,579.0,1,248173.64,0,0,0,0,1,0,0,0,1,0,0,2023,6,13,1,1,0,0,0
59.0,0,125497.44,27,36779.0,632.0,1,262295.05,0,0,0,1,0,0,0,0,1,0,0,2023,6,14,2,0,1,0,0
59.0,0,57957.5,16,58931.72,506.0,1,71680.65,1,0,0,0,0,1,0,1,0,0,0,2023,6,15,3,0,1,0,0
66.0,1,91454.21,5,31868.1,377.0,1,465694.68,1,0,0,0,0,0,1,0,0,0,0,2023,6,16,4,0,0,1,0
73.0,0,108821.87,30,24807.48,384.0,0,296806.42,0,0,0,0,1,0,0,0,1,0,0,2023,6,17,5,0,0,1,0
43.0,1,106371.09,4,11472.92,322.0,0,563655.51,0,0,0,0,0,0,0,1,0,0,0,2023,6,18,6,0,0,1,0
21.0,1,87399.46,8,45268.71,447.0,1,-38900.5,1,0,0,1,0,0,0,0,0,1,0,2023,6,19,0,0,0,1,0
71.0,0,124913.92,7,13525.76,612.0,1,238012.43,0,0,0,0,0,1,0,1,0,0,0,2023,6,20,1,0,1,0,0
42.0,0,84425.95,13,33892.88,559.0,1,300668.7,0,0,0,0,1,0,0,1,0,0,0,2023,6,21,2,0,1,0,0
46.0,1,96182.46,26,15534.05,327.0,0,423911.72,1,0,0,0,0,1,0,0,0,0,0,2023,6,22,3,0,0,0,0
38.0,0,97866.24,10,63284.94,492.0,1,221021.88,1,0,0,0,0,0,0,0,0,0,1,2023,6,23,4,0,0,0,1
60.0,1,86556.98,17,34197.88,353.0,1,294524.83,0,1,0,0,0,0,1,0,0,0,0,2023,6,24,5,1,0,0,0
55.0,1,85329.85,19,56818.5,318.0,1,286134.2,0,0,0,1,0,0,0,0,0,0,0,2023,6,25,6,0,0,0,1
26.0,1,85476.32999999999,15,48414.11,743.0,0,189401.02,0,0,0,1,0,0,0,1,0,0,0,2023,6,26,0,0,1,0,0
48.0,0,111218.64,3,34798.72,363.0,1,407082.05,0,0,0,1,0,0,0,0,0,1,0,2023,6,27,1,0,1,0,0
56.0,0,143348.57,7,43412.46,353.0,0,247704.90777003483,1,0,1,0,0,0,0,1,0,0,0,2023,6,28,2,0,0,0,0
50.0,1,86346.16,6,14614.16,690.0,1,170408.77,0,0,0,1,0,0,0,0,0,0,0,2023,6,29,3,0,1,0,0
47.0,0,62322.38,13,16220.97,550.0,1,311569.62,0,0,0,0,1,0,0,1,0,0,0,2023,6,30,4,0,0,0,0
26.0,1,74027.77,27,58233.84,554.0,0,295911.68,0,0,1,0,0,0,1,0,0,0,0,2023,1,7,5,0,0,0,0
36.0,0,69191.65,8,3584.79,563.0,0,352857.63,1,0,0,0,1,0,0,0,0,0,0,2023,2,7,1,0,0,0,1
71.0,0,113218.77,16,71407.09,774.0,1,310437.95,0,0,0,0,0,1,0,0,0,0,0,2023,3,7,1,1,0,0,0
59.0,0,55429.8,26,46799.76,676.0,0,223764.21,0,0,0,1,0,0,0,1,0,0,0,2023,4,7,4,1,0,0,0
36.0,0,56049.61,32,39722.1,459.0,0,237504.25,0,0,1,0,0,0,1,0,0,0,0,2023,5,7,6,0,0,1,0
39.0,0,81198.32,19,14381.8,711.0,1,314599.26,0,0,1,0,0,0,0,0,0,1,0,2023,6,7,2,0,0,0,0
40.0,0,8337.13,5,42164.87,312.0,1,294844.99,1,0,0,0,0,1,0,1,0,0,0,2023,7,7,4,0,1,0,0
31.0,0,76090.36,0,38310.58,754.0,0,145541.93,0,0,0,1,0,0,0,1,0,0,0,2023,8,7,0,0,0,1,0
31.0,1,78879.94,8,57584.12,831.0,1,389678.87,0,0,0,0,0,1,0,0,1,0,0,2023,9,7,3,0,0,0,1
28.0,1,8076.08,23,37797.9,755.0,1,192963.36,0,0,0,1,0,0,0,0,0,0,0,2023,10,7,5,1,0,0,0
35.0,0,129596.78,28,14790.79,301.0,0,239800.54,0,0,1,0,0,0,0,0,0,1,0,2023,11,7,1,0,1,0,0
29.0,0,63318.82,4,75430.18,630.0,1,88059.88,0,0,1,0,0,0,1,0,0,0,0,2023,12,7,3,0,0,0,0
39.0,1,108182.51,34,54433.76,699.0,1,126390.14,0,0,0,0,0,0,0,0,0,0,0,2023,7,13,3,0,0,1,0
46.22862068965517,0,80919.41,29,41697.84,601.0,0,190715.21,0,0,0,0,1,0,0,1,0,0,0,2023,7,15,5,0,0,0,1
69.0,1,54147.13,33,42361.96,608.0,1,60813.45,1,0,0,0,1,0,0,0,1,0,0,2023,7,16,6,0,1,0,0
43.0,1,105774.03,27,34798.72,326.0,1,113400.86,0,0,0,0,0,0,0,0,1,0,0,2023,7,17,0,0,0,0,1
52.0,0,90401.57,34,25978.61,737.0,0,181125.33,0,0,0,0,0,0,0,0,0,0,0,2023,7,18,1,0,1,0,0
65.0,0,94375.29,14,37835.07,326.0,1,528112.79,1,0,0,0,0,1,0,0,0,1,0,2023,7,19,2,0,0,1,0
30.0,1,70928.31,21,21685.01,778.0,1,148940.26,0,0,0,1,0,0,0,0,0,1,0,2023,7,20,3,1,0,0,0
66.0,1,53076.86,2,25936.25,521.0,1,148482.88,1,0,0,0,1,0,0,0,0,1,0,2023,7,21,4,0,1,0,0
73.0,1,97027.24,32,27949.94,702.0,1,402085.87,0,0,1,0,0,0,0,1,0,0,0,2023,7,22,5,0,1,0,0
52.0,1,72464.02,20,14790.07,818.0,0,247704.90777003483,0,0,0,0,0,0,1,0,0,0,0,2023,7,23,6,1,0,0,0
55.0,1,98408.31,15,32472.78,751.0,1,332329.84,0,0,0,1,0,0,0,0,1,0,0,2023,7,24,0,1,0,0,0
49.0,1,69326.32,4,3772.11,468.0,1,247704.90777003483,1,0,0,1,0,0,0,0,0,0,0,2023,7,25,1,0,0,1,0
37.0,0,38811.18,7,17244.92,495.0,1,222831.37,0,0,0,1,0,0,0,1,0,0,0,2023,7,26,2,0,1,0,0
52.0,0,49507.94,17,54606.54,418.0,1,242654.94,1,0,1,0,0,0,0,0,0,0,0,2023,7,27,3,1,0,0,0
41.0,0,102273.43,28,48067.45,511.0,1,274696.27,0,0,0,0,0,1,0,0,1,0,0,2023,7,28,4,0,0,1,0
46.0,1,85476.32999999999,1,25363.55,351.0,0,127394.28,1,0,0,0,1,0,0,0,0,0,0,2023,7,29,5,0,0,0,1
22.0,1,66848.45,15,38732.85,699.0,0,292096.2,0,0,0,1,0,0,0,0,0,1,0,2023,7,31,0,1,0,0,0
46.22862068965517,1,84025.63,27,34798.72,524.0,1,172238.71,0,0,0,0,0,1,0,1,0,0,0,2023,1,8,6,0,0,1,0
23.0,0,54161.07,1,57614.87,358.0,1,261630.24,1,0,1,0,0,0,0,0,0,1,0,2023,2,8,2,0,0,0,0
65.0,0,60508.93,30,30417.9,829.0,0,106049.28,0,0,0,0,1,0,0,0,0,1,0,2023,3,8,2,1,0,0,0
45.0,1,85730.78,18,30448.11,348.0,1,250475.12,0,0,0,0,0,1,0,0,0,1,0,2023,4,8,5,0,1,0,0
74.0,1,116435.08,33,35358.17,798.0,1,244498.4,0,0,0,1,0,0,0,0,0,0,0,2023,5,8,0,0,0,0,1
22.0,0,92188.77,6,55005.75,800.0,1,321606.76,0,0,0,0,0,0,0,0,0,1,0,2023,6,8,3,1,0,0,0
46.22862068965517,1,107936.66,20,39262.53,777.0,1,236356.36,0,0,0,1,0,0,0,0,0,1,0,2023,7,8,5,0,0,0,0
25.0,0,79525.6,14,50519.02,310.0,1,359905.88,1,0,0,0,0,1,0,0,0,0,0,2023,8,8,1,1,0,0,0
37.0,0,106396.58,18,23383.69,719.0,0,401383.78,1,0,0,1,0,0,0,0,0,0,0,2023,9,8,4,1,0,0,0
53.0,1,74364.05,8,23361.26,377.0,0,179078.76,0,0,0,0,1,0,1,0,0,0,0,2023,10,8,6,0,1,0,0
38.0,1,135166.99,26,35803.09,762.0,1,209266.3,0,0,0,0,0,1,0,0,0,0,0,2023,11,8,2,0,0,0,0
71.0,0,94925.99,25,25885.16,565.0,1,212406.83,0,0,0,0,0,0,0,1,0,0,0,2023,12,8,4,0,0,1,0
74.0,1,87237.01,15,64817.39,541.0,1,367201.04,1,0,0,0,0,0,0,0,0,1,0,2023,8,13,6,1,0,0,0
19.0,1,170416.77,21,32410.89,333.0,1,351490.3,0,0,0,0,0,1,0,1,0,0,0,2023,8,14,0,0,1,0,0
54.0,1,153155.46,22,55334.27,453.0,0,174773.58,0,0,1,0,0,0,0,0,0,1,0,2023,8,15,1,0,0,1,0
52.0,0,54460.36,1,40065.01,850.0,1,290190.86,0,0,1,0,0,0,1,0,0,0,0,2023,8,16,2,0,0,0,0
66.0,0,117906.53,24,37046.76,632.0,0,329043.25,0,0,0,0,0,1,0,1,0,0,0,2023,8,17,3,0,0,0,1
43.0,0,149899.39,14,44436.05,327.0,0,70512.78,0,0,0,0,0,0,0,0,0,0,0,2023,8,18,4,0,0,1,0
23.0,1,96805.8,31,31885.27,551.0,1,243377.19,0,0,0,0,1,0,1,0,0,0,0,2023,8,19,5,0,1,0,0
20.0,0,44769.21,6,16812.18,431.0,0,273805.59,1,0,0,1,0,0,0,0,1,0,0,2023,8,20,6,0,1,0,0
27.0,1,70262.09,26,56476.9,542.0,0,109778.91,0,0,0,0,0,1,0,1,0,0,0,2023,8,21,0,0,1,0,0
62.0,0,52888.78,21,31721.96,677.0,1,337589.26,0,0,0,1,0,0,0,0,0,1,0,2023,8,22,1,0,0,0,0
23.0,1,107655.51,11,31466.71,384.0,1,357718.52,1,0,0,0,0,1,0,0,1,0,0,2023,8,23,2,1,0,0,0
58.0,1,109591.9,5,18990.45,329.0,0,293806.28,0,0,0,1,0,0,0,0,0,0,0,2023,8,24,3,0,0,0,1
25.0,0,56178.6,33,52761.57,815.0,0,322936.08,1,0,0,0,1,0,1,0,0,0,0,2023,8,25,4,1,0,0,0
71.0,0,107382.99,15,19704.13,614.0,0,400479.86,1,0,0,0,0,1,0,0,0,1,0,2023,8,26,5,0,0,1,0
24.0,0,56360.51,5,40254.7,437.0,1,369784.39,0,0,0,0,0,1,0,0,0,1,0,2023,8,27,6,0,0,1,0
55.0,1,97506.2,18,34798.72,739.0,1,378285.5,0,0,0,0,1,0,0,0,0,1,0,2023,8,28,0,0,0,0,0
18.0,0,67962.23,1,28706.11,770.0,0,360743.66,1,0,0,0,1,0,0,0,0,1,0,2023,8,29,1,0,0,1,0
58.0,1,119058.76,13,34798.72,574.3770154373927,1,175356.65,0,0,0,1,0,0,0,0,1,0,0,2023,8,30,2,0,0,0,1
21.0,1,82569.27,6,34814.38,324.0,1,73926.89,0,0,0,0,0,1,0,0,0,0,0,2023,8,31,3,0,1,0,0
38.0,0,109250.17,28,34798.72,552.0,0,164869.8,0,0,0,0,1,0,0,1,0,0,0,2023,1,9,0,0,0,0,0
66.0,1,45018.45,10,25352.95,574.0,0,421624.43,1,0,1,0,0,0,0,0,1,0,0,2023,2,9,3,0,1,0,0
51.0,1,118916.59,1,23727.88,501.0,0,426010.35,1,0,0,1,0,0,1,0,0,0,0,2023,3,9,3,1,0,0,0
37.0,0,52202.41,17,25134.62,724.0,1,77689.77,0,0,0,0,1,0,1,0,0,0,0,2023,4,9,6,0,0,0,0
53.0,0,95286.15,34,23381.49,544.0,0,291776.65,0,1,0,0,0,0,0,0,0,0,0,2023,5,9,1,0,0,0,0
53.0,1,125659.1,26,49239.75,312.0,1,155423.71,0,0,0,0,0,0,0,0,0,0,0,2023,6,9,4,0,0,0,1
24.0,1,80035.99,11,37274.79,757.0,0,256933.67,0,0,0,0,0,1,0,0,0,0,0,2023,7,9,6,1,0,0,0
44.0,0,121575.82,33,5312.68,315.0,1,439965.87,0,0,0,0,1,0,1,0,0,0,0,2023,8,9,2,0,1,0,0
29.0,1,88965.67,25,23688.02,308.0,1,246715.31,0,0,1,0,0,0,0,0,0,1,0,2023,9,9,5,0,0,1,0
45.0,1,118064.99,9,46894.57,787.0,0,328200.53,0,0,0,0,1,0,0,1,0,0,0,2023,10,9,0,0,0,1,0
31.0,1,131559.42,0,49571.8,758.0,1,154292.67,1,0,1,0,0,0,1,0,0,0,0,2023,11,9,3,1,0,0,0
32.0,0,104485.59,21,51543.46,525.0,1,430031.78,1,0,0,1,0,0,0,0,0,0,0,2023,12,9,5,0,0,0,0
52.0,0,120928.8,30,22301.85,488.0,1,102991.84,0,0,0,1,0,0,0,1,0,0,0,2023,9,13,2,1,0,0,0
44.0,0,152918.47,6,39734.12,475.0,0,190050.04,0,0,1,0,0,0,0,0,0,1,0,2023,9,14,3,1,0,0,0
48.0,1,85476.32999999999,22,28678.56,613.0,1,219581.6,0,0,0,0,0,1,0,0,0,1,0,2023,9,15,4,0,0,0,0
24.0,1,56056.4,14,55699.22,645.0,1,324520.19,0,0,0,1,0,0,0,0,1,0,0,2023,9,16,5,0,0,0,1
36.0,0,98199.33,4,32632.66,573.0,1,262395.14,0,0,0,0,0,0,0,1,0,0,0,2023,9,17,6,0,0,0,0
37.0,1,94731.57,9,32082.73,778.0,1,287459.64,0,0,0,1,0,0,0,0,0,0,0,2023,9,18,0,0,0,1,0
63.0,0,60044.52,29,6300.03,567.0,0,307247.91,0,0,1,0,0,0,0,0,0,0,0,2023,9,19,1,0,0,0,1
39.0,1,76498.07,17,27461.26,650.0,1,224352.22,0,0,1,0,0,0,0,1,0,0,0,2023,9,20,2,0,0,1,0
46.22862068965517,0,24481.31,10,30068.84,594.0,0,291615.44,0,0,0,0,0,1,0,0,0,1,0,2023,9,21,3,1,0,0,0
66.0,0,34766.97,22,49453.3,541.0,1,8331.91,0,0,0,0,1,0,1,0,0,0,0,2023,9,22,4,0,0,0,1
25.0,0,105504.36,32,46817.69,805.0,1,79614.38,0,0,0,0,1,0,0,0,1,0,0,2023,9,23,5,0,0,0,1
22.0,1,77352.53,33,32467.41,741.0,0,368762.82,0,0,0,0,0,0,0,0,0,1,0,2023,9,24,6,0,0,0,0
63.0,0,78829.77,2,10584.14,798.0,1,271453.24,0,0,0,0,0,0,1,0,0,0,0,2023,9,25,0,0,0,0,1
35.0,0,78332.28,22,51790.5,574.3770154373927,1,247704.90777003483,0,0,0,0,1,0,0,0,0,0,0,2023,9,26,1,0,1,0,0
35.0,1,70626.98,25,30126.06,478.0,0,269164.77,0,0,0,0,1,0,1,0,0,0,0,2023,9,27,2,0,0,0,0
46.22862068965517,1,61863.89,15,8846.01,576.0,0,194458.5,0,0,0,0,0,0,0,0,0,0,1,2023,9,28,3,0,1,0,0
44.0,0,104855.64,26,20688.29,343.0,1,298435.17,0,0,0,0,0,0,0,0,1,0,0,2023,9,29,4,0,1,0,0
53.0,0,79840.01,12,9211.92,404.0,1,491085.16,0,0,0,0,1,0,0,0,0,0,0,2023,9,30,5,1,0,0,0
28.0,0,124337.33,24,13845.63,671.0,1,135313.5,0,0,1,0,0,0,0,0,1,0,0,2023,1,10,1,0,0,1,0
32.0,1,52763.5,8,29711.17,604.0,1,194808.31,0,0,1,0,0,0,1,0,0,0,0,2023,2,10,4,0,1,0,0
40.0,0,103136.78,6,29851.9,832.0,1,-53889.76,0,0,0,0,0,1,1,0,0,0,0,2023,3,10,4,1,0,0,0
19.0,1,108989.9,32,31938.96,769.0,1,256686.63,0,0,0,0,0,0,0,0,1,0,0,2023,4,10,0,1,0,0,0
31.0,1,76806.74,26,13048.85,816.0,1,247704.90777003483,0,0,0,1,0,0,0,0,0,0,1,2023,5,10,2,0,0,0,1
74.0,0,60599.68,23,48934.61,408.0,1,350184.29,1,0,0,0,0,1,0,0,0,0,0,2023,6,10,5,0,1,0,0
59.0,0,118715.3,23,74467.17,615.0,0,285622.24,0,0,0,0,0,0,0,0,1,0,0,2023,7,10,0,0,0,1,0
51.0,0,113276.1,25,29059.2,766.0,0,291820.26,0,0,0,0,1,0,1,0,0,0,0,2023,8,10,3,0,0,1,0
51.0,1,113550.65,22,34625.88,836.0,0,247704.90777003483,0,0,0,0,0,0,0,0,1,0,0,2023,9,10,6,1,0,0,0
37.0,0,109494.33,1,52262.62,507.0,0,169257.25,0,0,0,0,0,1,0,0,0,0,0,2023,10,10,1,0,0,0,0
68.0,0,97680.77,34,34245.66,455.0,0,274554.55,1,0,1,0,0,0,0,1,0,0,0,2023,11,10,4,0,0,0,0
44.0,0,78937.44,19,24227.14,830.0,1,130031.75,0,0,0,0,1,0,0,1,0,0,0,2023,12,10,6,0,0,1,0
27.0,1,128183.9,24,42074.67,816.0,1,327961.5,0,0,0,0,1,0,0,1,0,0,0,2023,10,13,4,0,1,0,0
21.0,0,143810.8,11,59174.25,601.0,1,381959.4,1,0,1,0,0,0,0,0,0,1,0,2023,10,14,5,0,1,0,0
50.0,1,118735.69,7,18476.62,644.0,1,30941.19,0,0,1,0,0,0,0,0,0,0,0,2023,10,15,6,1,0,0,0
24.0,1,85476.32999999999,1,34824.1,674.0,1,318807.24,0,0,0,0,1,0,0,0,0,1,0,2023,10,16,0,0,1,0,0
44.0,1,35963.73,19,41204.65,380.0,1,168126.62,1,0,0,1,0,0,0,0,0,1,0,2023,10,17,1,0,0,0,0
65.0,0,86196.2,32,58569.97,697.0,0,249692.52,0,0,1,0,0,0,1,0,0,0,0,2023,10,18,2,0,0,1,0
45.0,1,85476.32999999999,25,39052.45,515.0,1,402549.02,1,0,0,0,0,0,0,0,0,0,0,2023,10,19,3,0,1,0,0
52.0,1,53018.94,26,43837.11,447.0,1,68981.4,0,0,1,0,0,0,0,0,1,0,0,2023,10,20,4,0,0,0,1
61.0,1,23358.67,2,40438.93,546.0,1,224299.48,1,0,1,0,0,0,0,0,1,0,0,2023,10,21,5,0,0,0,0
41.0,1,110212.67,30,27237.51,500.0,1,452447.5,1,0,0,0,1,0,0,0,0,1,0,2023,10,22,6,0,0,1,0
41.0,0,113699.31,22,46150.28,491.0,1,247704.90777003483,1,0,0,0,0,1,1,0,0,0,0,2023,10,23,0,0,0,1,0
22.0,1,61774.77,12,34798.72,474.0,1,102673.28,1,0,0,0,1,0,1,0,0,0,0,2023,10,24,1,0,0,0,1
57.0,1,71753.76,6,18950.39,348.0,1,408069.9,0,0,0,0,0,0,0,0,1,0,0,2023,10,25,2,0,1,0,0
18.0,1,62185.67,5,63729.17,830.0,1,105131.46,0,0,0,1,0,0,0,0,0,0,0,2023,10,26,3,1,0,0,0
33.0,0,85476.32999999999,14,40819.2,667.0,1,103492.45,1,0,0,0,0,0,0,0,1,0,0,2023,10,27,4,0,1,0,0
33.0,0,79896.09,23,60775.09,314.0,1,183619.3,0,0,0,1,0,0,1,0,0,0,0,2023,10,28,5,0,1,0,0
25.0,0,147804.37,32,34798.72,666.0,0,134528.88,0,0,0,0,1,0,0,1,0,0,0,2023,10,29,6,0,0,1,0
61.0,0,76843.2,1,50257.34,492.0,1,117650.48,0,0,0,1,0,0,0,0,0,1,0,2023,10,30,0,1,0,0,0
63.0,0,91652.74,25,9657.26,587.0,1,144727.43,0,0,1,0,0,0,0,0,1,0,0,2023,10,31,1,0,0,1,0
25.0,1,94566.14,17,40009.78,850.0,1,197716.26,0,0,0,0,0,0,0,0,1,0,0,2023,1,11,2,0,1,0,0
47.0,0,77056.44,29,25875.03,695.0,1,63006.26,1,0,0,1,0,0,1,0,0,0,0,2023,2,11,5,0,0,0,1
31.0,1,102673.53,14,51588.55,310.0,1,355128.47,0,0,0,0,1,0,0,0,1,0,0,2023,3,11,5,0,0,0,1
32.0,0,85476.32999999999,4,39808.77,659.0,1,152442.05,0,0,0,0,0,0,0,0,1,0,0,2023,4,11,1,1,0,0,0
26.0,0,102104.92,10,56923.3,749.0,1,157725.68,0,0,0,1,0,0,0,0,0,0,0,2023,5,11,3,1,0,0,0
43.0,1,78250.24,3,16633.31,662.0,0,432165.57,0,0,0,0,0,1,0,1,0,0,0,2023,6,11,6,0,0,0,0
72.0,1,52106.03,11,38028.23,814.0,1,262735.69,0,0,0,1,0,0,0,0,0,1,0,2023,7,11,1,0,0,0,1
54.0,1,87058.91,3,30058.15,576.0,1,211885.96,0,0,0,0,1,0,0,0,1,0,0,2023,8,11,4,0,0,0,0
18.0,1,101595.97,31,36177.49,432.0,1,446501.87,1,0,1,0,0,0,0,0,0,0,0,2023,9,11,0,0,0,1,0
32.0,1,53360.61,28,44107.05,388.0,0,291591.16,0,1,0,0,0,0,0,1,0,0,0,2023,10,11,2,0,0,0,0
35.0,1,40634.76,17,19092.62,751.0,0,394524.53,1,0,0,0,1,0,0,0,0,0,0,2023,11,11,5,0,0,0,1
46.22862068965517,0,92200.83,13,34798.72,376.0,1,247704.90777003483,0,0,0,0,0,1,0,0,0,0,1,2023,12,11,0,0,0,1,0
27.0,1,79332.07,16,58350.04,654.0,0,391097.86,0,0,0,0,0,0,0,0,1,0,0,2023,11,13,0,0,0,0,1
74.0,0,78428.67,2,46344.44,626.0,1,21051.35,0,0,0,0,1,0,0,0,0,1,0,2023,11,14,1,0,1,0,0
55.0,0,75693.19,16,21266.88,560.0,1,39171.26,0,0,0,1,0,0,0,1,0,0,0,2023,11,15,2,0,1,0,0
28.0,1,58621.36,33,32072.26,493.0,0,327262.78,1,0,0,0,0,0,0,0,0,1,0,2023,11,16,3,0,0,0,0
47.0,1,133484.39,0,40300.29,503.0,1,455453.38,1,0,0,0,1,0,0,0,0,0,0,2023,11,17,4,1,0,0,0
37.0,0,16044.48,33,61569.78,486.0,1,247704.90777003483,0,0,0,0,1,0,0,0,1,0,0,2023,11,18,5,0,0,0,0
36.0,1,83775.43,23,40354.87,528.0,0,215503.23,1,0,1,0,0,0,0,1,0,0,0,2023,11,19,6,0,0,1,0
40.0,1,79337.89,4,29826.44,409.0,1,272819.13,1,0,0,0,0,0,0,0,0,0,0,2023,11,20,0,1,0,0,0
71.0,1,102710.0,13,25206.45,327.0,1,444730.63,1,0,1,0,0,0,0,0,1,0,0,2023,11,21,1,0,1,0,0
67.0,1,96000.69,21,46681.2,310.0,1,275496.81,1,0,0,0,0,1,0,0,0,1,0,2023,11,22,2,0,1,0,0
49.0,1,93782.24,10,35313.35,570.0,1,192036.11,0,0,1,0,0,0,0,1,0,0,0,2023,11,23,3,0,1,0,0
33.0,1,51534.82,23,45923.58,413.0,1,174726.02,0,0,0,1,0,0,0,1,0,0,0,2023,11,24,4,0,1,0,0
68.0,1,49620.59,22,26346.23,731.0,1,247704.90777003483,1,0,0,0,0,0,0,0,0,0,0,2023,11,25,5,0,1,0,0
30.0,1,99777.64,7,54404.4,804.0,0,165263.73,0,0,0,0,0,1,0,0,0,1,0,2023,11,26,6,0,1,0,0
19.0,0,73840.93,10,22838.63,729.0,1,-57245.27,0,0,0,0,1,0,0,1,0,0,0,2023,11,27,0,0,0,0,0
25.0,1,79352.75,2,27367.28,580.0,0,333930.95,0,0,0,0,0,0,0,0,0,1,0,2023,11,28,1,0,0,0,1
48.0,1,115750.9,22,45318.55,749.0,0,375086.7,0,0,0,1,0,0,1,0,0,0,0,2023,11,29,2,1,0,0,0
61.0,0,99012.44,1,50633.4,337.0,1,210050.13,0,0,0,0,0,0,0,0,1,0,0,2023,11,30,3,0,0,1,0
31.0,1,35012.53,27,42402.61,435.0,1,218775.06,1,0,0,0,1,0,0,0,0,0,1,2023,1,12,3,0,0,0,0
50.0,0,117633.73,16,32807.42,582.0,0,324299.48,1,0,0,1,0,0,0,0,0,0,0,2023,2,12,6,0,0,0,1
34.0,1,69102.19,10,40863.29,574.3770154373927,0,274933.88,0,0,1,0,0,0,1,0,0,0,0,2023,3,12,6,1,0,0,0
23.0,0,74554.55,14,54159.02,722.0,0,145894.18,1,0,1,0,0,0,0,0,1,0,0,2023,4,12,2,0,0,1,0
54.0,0,78415.34,13,28287.31,614.0,1,247704.90777003483,0,0,0,1,0,0,0,1,0,0,0,2023,5,12,4,0,1,0,0
43.0,1,150059.38,3,301.95,373.0,0,375050.87,1,0,0,0,0,0,0,0,0,1,0,2023,6,12,0,0,0,0,0
39.0,0,111812.52,31,19135.82,571.0,1,350226.72,0,0,0,0,1,0,0,0,1,0,0,2023,7,12,2,1,0,0,0
74.0,0,85476.32999999999,0,34798.72,346.0,1,286102.57,0,0,0,1,0,0,0,0,0,0,0,2023,8,12,5,0,0,1,0
72.0,1,95799.25,17,38626.58,772.0,1,355792.81,0,0,0,0,0,1,0,0,0,0,0,2023,9,12,1,0,0,1,0
70.0,0,84996.55,25,29848.79,610.0,0,398532.6,0,0,1,0,0,0,0,0,0,0,0,2023,10,12,3,0,0,0,0
29.0,0,116973.01,31,27080.09,504.0,1,15744.2,1,0,0,1,0,0,0,1,0,0,0,2023,11,12,6,0,1,0,0
50.0,1,93171.23,17,14729.06,697.0,0,144115.52,0,0,1,0,0,0,1,0,0,0,0,2023,12,12,1,0,0,1,0
40.0,1,80721.1,1,33643.66,719.0,1,193477.52,0,0,0,1,0,0,0,0,0,0,1,2023,12,13,2,0,0,0,0
31.0,0,60161.81,16,20066.65,570.0,1,202668.86,0,0,0,0,1,0,0,0,0,1,0,2023,12,14,3,0,0,0,0
48.0,1,113847.67,22,17312.45,434.0,0,396654.78,0,0,0,1,0,0,0,1,0,0,0,2023,12,15,4,0,0,1,0
51.0,1,121943.25,17,6845.41,515.0,1,197072.79,0,0,0,0,0,1,1,0,0,0,0,2023,12,16,5,0,0,0,0
65.0,0,79014.22,8,37200.43,631.0,0,194313.84,0,0,0,1,0,0,0,0,0,0,0,2023,12,17,6,0,0,1,0
47.0,0,85476.32999999999,1,30782.89,617.0,0,247954.26,0,0,0,0,0,1,0,0,0,1,0,2023,12,18,0,0,1,0,0
51.0,0,101600.04,34,33266.12,555.0,1,425290.93,0,0,0,0,0,0,0,0,1,0,0,2023,12,19,1,0,0,0,1
73.0,0,52765.39,26,15103.01,602.0,1,239925.93,0,0,0,1,0,0,0,0,1,0,0,2023,12,20,2,1,0,0,0
26.0,1,61034.74,30,35777.45,510.0,1,363290.93,0,0,0,1,0,0,0,1,0,0,0,2023,12,21,3,0,0,1,0
18.0,0,66299.74,33,21111.23,668.0,1,-41829.8,0,0,1,0,0,0,0,0,1,0,0,2023,12,22,4,1,0,0,0
27.0,0,95471.06,0,38110.69,534.0,1,326421.77,0,0,0,1,0,0,0,0,0,0,0,2023,12,23,5,0,1,0,0
35.0,0,120813.31,27,38729.56,477.0,0,146251.13,1,0,1,0,0,0,0,0,1,0,0,2023,12,24,6,0,0,1,0
34.0,0,85476.32999999999,0,23230.35,574.3770154373927,1,111906.3,0,0,1,0,0,0,0,0,0,1,0,2023,12,25,0,0,0,0,0
40.0,1,154050.07,17,20368.91,625.0,0,223388.11,0,0,0,1,0,0,0,0,1,0,0,2023,12,26,1,0,1,0,0
55.0,0,112806.72,28,48317.83,574.3770154373927,1,224170.1,0,0,0,0,0,1,0,0,0,0,0,2023,12,27,2,0,0,1,0
59.0,0,104301.8,13,61844.12,439.0,0,167555.85,0,0,0,0,0,0,0,0,0,0,0,2023,12,28,3,0,0,0,1
46.22862068965517,0,61996.75,0,10451.21,501.0,0,103887.03,1,0,0,0,0,1,0,1,0,0,0,2023,12,29,4,0,0,0,1
60.0,0,107300.24,25,44275.61,503.0,1,224222.92,0,0,1,0,0,0,0,0,1,0,0,2023,12,30,5,0,0,1,0
47.0,0,84832.59,33,29209.66,534.0,1,171328.88,1,0,0,1,0,0,0,1,0,0,0,2023,12,31,6,0,1,0,0
59.0,1,155049.96,13,34161.99,679.0,1,272632.97,0,0,0,1,0,0,0,0,1,0,0,2024,1,1,0,0,0,0,0
67.0,1,137768.5,5,52906.38,507.0,1,156745.97,1,0,1,0,0,0,0,1,0,0,0,2024,2,1,3,0,0,0,1
50.0,0,93687.17,17,1.0,755.0,1,-27565.11,0,0,0,0,1,0,1,0,0,0,0,2024,3,1,4,0,0,1,0
63.0,1,107370.7,16,46430.45,725.0,1,296022.95,0,0,1,0,0,0,0,0,1,0,0,2024,4,1,0,0,0,0,1
49.0,0,39886.96,11,64781.83,537.0,1,156438.02,0,0,0,0,0,0,0,0,0,1,0,2024,5,1,2,0,0,1,0
38.0,1,117085.55,34,34798.72,301.0,1,422005.2,0,0,0,1,0,0,0,0,0,1,0,2024,6,1,5,0,0,0,0
34.0,1,84450.41,23,28118.37,758.0,1,234371.01,0,0,0,1,0,0,0,0,0,1,0,2024,7,1,0,0,1,0,0
66.0,1,72735.86,1,39266.17,737.0,0,246189.39,1,0,0,0,1,0,0,0,0,1,0,2024,8,1,3,0,0,1,0
67.0,1,92906.47,12,27566.59,763.0,0,97002.39,0,0,0,0,1,0,0,0,0,0,0,2024,9,1,6,0,1,0,0
29.0,1,85476.32999999999,6,23709.71,773.0,1,-820.19,0,0,0,0,0,1,0,0,0,1,0,2024,10,1,1,0,0,0,1
42.0,1,111790.88,24,28493.44,640.0,1,192522.43,0,0,0,0,1,0,1,0,0,0,0,2024,11,1,4,0,0,0,1
53.0,1,49244.57,31,52204.19,698.0,0,335696.92,0,0,0,0,1,0,0,0,0,0,0,2024,12,1,6,1,0,0,0
38.0,0,41539.48,15,26454.51,388.0,1,128548.77,0,0,1,0,0,0,0,0,0,0,0,2024,1,13,5,0,0,1,0
47.0,0,76631.49,0,13139.31,654.0,1,-78948.9,0,0,0,0,0,0,0,1,0,0,0,2024,1,14,6,0,0,1,0
63.0,0,91013.37,26,23509.61,789.0,0,217580.7,0,0,1,0,0,0,0,0,1,0,0,2024,1,15,0,0,0,1,0
32.0,1,36736.08,10,18969.33,746.0,1,150089.02,1,0,0,0,0,0,0,0,0,0,0,2024,1,16,1,0,0,0,1
59.0,0,98150.42,26,15190.32,728.0,1,218400.56,0,0,1,0,0,0,0,0,1,0,0,2024,1,17,2,0,0,1,0
41.0,0,96095.37,2,43358.13,667.0,1,445898.91,1,0,1,0,0,0,0,0,1,0,0,2024,1,18,3,0,0,0,1
36.0,1,42220.14,34,15047.93,465.0,1,196317.48,0,0,0,1,0,0,1,0,0,0,0,2024,1,19,4,0,0,0,1
21.0,1,85476.32999999999,31,26228.7,413.0,1,301939.83,0,0,0,0,0,0,0,0,1,0,0,2024,1,20,5,0,0,0,0
19.0,0,51485.29,9,34044.44,369.0,0,335727.42,0,0,0,0,1,0,0,0,0,0,0,2024,1,21,6,0,0,0,0
29.0,1,22042.8,5,32073.2,638.0,1,303949.0,0,0,0,0,0,0,0,0,0,0,0,2024,1,22,0,0,0,0,1
46.22862068965517,0,42543.12,1,27268.78,494.0,0,296791.47,0,0,0,0,0,0,1,0,0,0,0,2024,1,23,1,0,0,0,1
48.0,1,44323.65,2,25791.24,371.0,0,-19954.45,0,0,0,1,0,0,0,0,0,0,0,2024,1,24,2,0,0,0,0
66.0,0,88088.65,7,13159.34,655.0,1,356879.9,0,0,1,0,0,0,0,0,0,0,0,2024,1,25,3,0,1,0,0
19.0,0,130516.66,12,58646.63,490.0,1,106592.54,0,0,1,0,0,0,0,1,0,0,0,2024,1,26,4,0,0,1,0
26.0,1,106885.17,33,25294.79,690.0,0,140544.66,0,0,1,0,0,0,0,0,1,0,0,2024,1,27,5,0,0,1,0
67.0,1,122959.16,19,44763.71,677.0,1,247704.90777003483,0,0,0,0,0,0,0,0,1,0,0,2024,1,28,6,0,0,1,0
52.0,1,108279.64,26,34798.72,632.0,1,255630.89,0,0,0,0,0,1,1,0,0,0,0,2024,1,29,0,0,0,0,1
61.0,1,49686.09,18,24532.57,520.0,1,262034.84,1,0,0,1,0,0,0,0,0,0,0,2024,1,30,1,0,0,0,0
51.0,1,62038.74,7,43670.8,632.0,1,291073.49,1,0,0,0,0,0,1,0,0,0,0,2024,1,31,2,0,1,0,0
72.0,1,84541.02,17,16713.9,305.0,1,473014.4,0,0,1,0,0,0,0,0,0,1,0,2024,1,2,1,0,1,0,0
30.0,0,92877.39,31,61623.17,804.0,1,145767.94,0,0,0,0,0,1,0,1,0,0,0,2024,2,2,4,1,0,0,0
65.0,0,64298.13,6,39100.64,507.0,0,141927.26,1,0,0,0,0,1,0,0,0,1,0,2024,3,2,5,0,0,0,0
43.0,0,51552.04,15,57233.35,591.0,0,325349.34,0,0,0,0,0,0,0,1,0,0,0,2024,4,2,1,0,0,0,0
19.0,0,30633.26,34,33150.11,752.0,0,164753.0,0,0,0,1,0,0,0,0,1,0,0,2024,5,2,3,0,0,1,0
41.0,0,90513.9,22,34798.72,574.3770154373927,0,422371.35,1,0,1,0,0,0,0,0,0,0,0,2024,6,2,6,0,1,0,0
41.0,0,98586.26,23,60695.09,583.0,0,218955.67,0,0,0,0,1,0,1,0,0,0,0,2024,7,2,1,0,1,0,0
46.0,0,134626.25,24,13927.77,686.0,0,172157.05,0,0,1,0,0,0,0,0,0,0,0,2024,8,2,4,0,0,1,0
27.0,0,60434.52,15,44034.97,498.0,1,349864.25,0,0,1,0,0,0,0,0,1,0,0,2024,9,2,0,0,0,0,0
66.0,1,76558.83,21,44124.35,710.0,1,247704.90777003483,1,0,0,0,0,1,1,0,0,0,0,2024,10,2,2,0,0,1,0
35.0,0,52976.95,1,43179.56,834.0,1,327053.09,1,0,0,0,0,0,0,0,1,0,0,2024,11,2,5,0,0,0,1
70.0,1,73999.07,19,35619.61,825.0,0,307299.6,0,0,0,0,0,0,0,1,0,0,0,2024,12,2,0,0,0,0,1
74.0,1,106528.4,3,33956.95,746.0,1,216086.11,0,0,0,0,0,0,0,1,0,0,0,2024,2,13,1,0,1,0,0
22.0,1,90605.05,34,34094.54,677.0,1,202027.25,0,0,0,0,0,0,0,1,0,0,0,2024,2,14,2,0,0,0,0
59.0,0,95719.44,9,18646.18,636.0,1,317765.41,0,0,0,0,1,0,0,0,1,0,0,2024,2,15,3,0,1,0,0
42.0,0,84913.05,14,35617.28,417.0,1,147844.33,0,0,0,0,1,0,0,0,0,0,0,2024,10,3,3,0,0,0,0
46.22862068965517,0,67431.99,10,32697.33,454.0,1,79513.15,0,0,0,0,0,0,0,0,0,0,0,2024,2,17,5,0,0,0,0
34.0,0,105599.57,15,16540.07,681.0,1,170362.94,0,0,1,0,0,0,0,0,1,0,0,2024,2,18,6,0,0,0,0
40.0,0,55058.21,3,33246.54,301.0,1,107786.76,0,0,0,0,0,0,0,0,0,1,0,2024,2,19,0,1,0,0,0
62.0,1,105408.74,8,41661.89,497.0,1,85046.58,0,0,1,0,0,0,1,0,0,0,0,2024,2,20,1,1,0,0,0
51.0,0,68963.51,9,37210.18,683.0,1,172417.83,0,0,1,0,0,0,0,1,0,0,0,2024,2,21,2,0,1,0,0
37.0,1,86847.13,13,34798.72,707.0,0,274907.46,0,0,0,0,0,0,0,0,0,1,0,2024,2,22,3,0,0,0,1
58.0,1,51689.47,5,27316.09,747.0,0,247704.90777003483,0,0,1,0,0,0,1,0,0,0,0,2024,2,23,4,0,0,0,1
45.0,1,33995.34,12,19120.83,783.0,0,322235.38,0,0,0,0,0,1,0,0,0,0,0,2024,2,24,5,0,1,0,0
58.0,0,102640.13,14,19393.21,706.0,0,174558.83,0,0,0,0,1,0,0,0,0,1,0,2024,2,25,6,0,0,1,0
58.0,0,140826.93,21,24542.59,535.0,1,49241.17,0,0,0,1,0,0,0,0,0,1,0,2024,2,26,0,0,0,0,0
67.0,0,147635.59,24,39672.05,762.0,0,118071.22,0,0,0,1,0,0,0,0,1,0,0,2024,2,27,1,1,0,0,0
54.0,0,155611.12,9,31460.89,499.0,1,174686.01,1,0,1,0,0,0,0,0,0,0,0,2024,2,28,2,0,0,1,0
60.0,1,97835.13,26,22126.22,522.0,0,407163.48,0,0,0,0,0,0,0,0,0,0,0,2024,2,29,3,0,0,0,0
60.0,1,98880.0,21,36992.35,460.0,0,296352.8,1,0,0,0,1,0,0,0,0,1,0,2024,1,3,2,1,0,0,0
63.0,1,85476.32999999999,13,10281.21,334.0,1,228911.6,1,0,0,0,0,1,0,0,0,1,0,2024,2,3,5,1,0,0,0
42.0,1,98057.17,32,60543.72,491.0,0,163906.66,0,0,0,0,0,0,1,0,0,0,0,2024,3,3,6,0,0,0,1
32.0,1,96049.98,4,28772.51,675.0,0,431668.9,1,0,0,0,0,0,0,0,0,1,0,2024,4,3,2,0,0,0,1
48.0,0,63721.69,33,51248.56,504.0,0,137722.81,0,0,0,1,0,0,0,0,0,0,0,2024,5,3,4,0,0,1,0
46.22862068965517,1,138545.41,27,39737.17,845.0,0,247704.90777003483,0,0,0,1,0,0,0,0,0,0,0,2024,6,3,0,1,0,0,0
33.0,1,94394.59,10,20136.7,613.0,1,383027.31,1,0,0,0,0,0,0,1,0,0,0,2024,7,3,2,0,0,0,1
31.0,1,71939.58,9,40576.89,537.0,1,328054.32,0,0,1,0,0,0,0,0,1,0,0,2024,8,3,5,0,0,1,0
62.0,1,34851.77,15,32160.18,783.0,1,475623.49,1,0,0,0,1,0,0,0,0,0,0,2024,9,3,1,0,0,0,0
51.0,0,160394.8,7,11051.06,508.0,1,427433.08,1,0,0,0,1,0,1,0,0,0,0,2024,10,3,3,0,0,0,1
67.0,1,85476.32999999999,6,17183.55,577.0,1,179900.58,0,0,1,0,0,0,0,0,0,0,1,2024,11,3,6,0,0,0,0
48.0,0,98171.18,27,34584.43,495.0,1,279581.66,0,0,0,0,0,1,0,0,0,0,0,2024,12,3,1,0,1,0,0
35.0,1,65726.37,9,39249.11,371.0,1,472291.98,0,0,1,0,0,0,0,0,0,0,1,2024,3,13,2,0,1,0,0
66.0,1,93298.16,34,27199.39,560.0,1,306038.5,0,0,0,1,0,0,0,0,1,0,0,2024,3,14,3,0,0,0,1
46.0,0,89314.93,18,22516.49,431.0,1,313190.54,0,0,0,0,1,0,1,0,0,0,0,2024,3,15,4,0,0,0,0
18.0,0,85476.32999999999,34,58983.92,573.0,1,387645.32,1,0,1,0,0,0,0,0,1,0,0,2024,3,16,5,0,0,0,0
23.0,0,42790.19,17,40353.07,302.0,1,317699.92,0,0,1,0,0,0,0,0,1,0,0,2024,3,17,6,0,0,0,0
47.0,1,76865.21,0,42199.81,554.0,0,13646.95,0,0,0,0,0,0,0,1,0,0,0,2024,3,18,0,0,0,0,0
24.0,1,85476.32999999999,20,35117.41,577.0,0,294589.44,0,0,0,1,0,0,0,0,0,0,0,2024,3,19,1,0,0,0,0
64.0,0,82477.94,8,43947.26,752.0,1,347318.4,0,0,0,0,0,1,1,0,0,0,0,2024,3,20,2,0,0,0,0
26.0,0,58936.9,25,54100.45,588.0,1,350007.07,0,0,0,0,0,0,0,0,0,1,0,2024,3,21,3,0,0,1,0
44.0,1,85476.32999999999,13,28893.89,559.0,1,251731.16,0,0,0,0,1,0,1,0,0,0,0,2024,3,22,4,0,0,0,1
53.0,1,119638.61,6,28314.22,670.0,1,379479.18,0,0,0,0,1,0,0,0,0,1,0,2024,3,23,5,0,1,0,0
19.0,1,124601.75,33,40351.59,817.0,0,263022.82,0,0,0,0,0,1,0,1,0,0,0,2024,3,24,6,0,1,0,0
62.0,0,99881.23,13,41274.09,424.0,1,247704.90777003483,1,0,0,0,1,0,0,0,0,0,0,2024,3,25,0,0,0,1,0
22.0,0,82816.22,9,10367.4,353.0,0,250220.87,0,0,0,1,0,0,0,0,0,0,0,2024,3,26,1,0,0,1,0
25.0,0,70744.53,24,26559.0,692.0,1,309409.23,0,0,0,0,0,1,0,0,1,0,0,2024,3,27,2,0,0,0,1
20.0,1,51726.52,6,36743.05,471.0,1,71695.08,0,0,0,0,1,0,1,0,0,0,0,2024,3,28,3,1,0,0,0
74.0,0,60226.48,5,57088.82,681.0,1,205214.46,0,0,0,1,0,0,1,0,0,0,0,2024,3,29,4,0,0,1,0
42.0,0,91643.56,14,43485.41,333.0,1,430114.71,1,0,0,1,0,0,1,0,0,0,0,2024,3,30,5,0,0,0,0
38.0,0,87791.07,25,60245.21,438.0,0,410069.58,0,1,0,0,0,0,0,0,1,0,0,2024,3,31,6,0,0,0,1
30.0,0,77048.15,16,3850.79,572.0,1,211484.27,0,0,0,0,0,0,0,0,0,0,0,2024,1,4,3,0,0,1,0
68.0,0,61496.47,4,15087.15,326.0,1,193795.9,0,0,0,0,0,0,0,0,0,0,0,2024,2,4,6,0,0,0,1
52.0,1,52068.29,10,22168.45,426.0,0,396760.59,0,0,0,0,0,1,0,0,0,0,0,2024,3,4,0,0,0,0,0
74.0,1,88440.38,16,38097.02,469.0,1,324438.45,1,0,1,0,0,0,0,0,0,1,0,2024,4,4,3,1,0,0,0
74.0,1,51504.59,34,59308.49,647.0,1,198540.72,0,0,1,0,0,0,1,0,0,0,0,2024,5,4,5,0,0,0,0
65.0,1,120095.35,32,30602.54,818.0,0,688174.17,0,0,0,0,1,0,0,0,0,0,0,2024,6,4,1,0,0,0,0
62.0,1,101373.05,26,23472.15,326.0,1,513206.17,1,0,0,0,1,0,0,0,0,0,0,2024,7,4,3,0,1,0,0
39.0,1,146648.09,12,15977.69,411.0,1,123362.29,0,0,0,1,0,0,1,0,0,0,0,2024,8,4,6,0,1,0,0
37.0,1,97985.37,5,53444.47,559.0,1,315631.4,1,0,1,0,0,0,0,0,0,0,0,2024,9,4,2,0,0,0,0
19.0,1,104370.45,9,65131.48,440.0,1,218145.99,0,0,0,0,0,0,0,0,0,1,0,2024,10,4,4,1,0,0,0
63.0,1,92986.62,31,26338.06,613.0,1,319081.36,0,0,0,1,0,0,0,0,0,0,1,2024,11,4,0,0,1,0,0
46.0,0,92040.88,5,23003.67,624.0,0,300487.5,0,0,0,0,1,0,1,0,0,0,0,2024,12,4,2,1,0,0,0
67.0,0,105257.88,18,37360.96,556.0,1,143428.98,0,0,1,0,0,0,0,1,0,0,0,2024,4,13,5,1,0,0,0
45.0,1,80823.36,1,49111.43,591.0,0,217360.11,0,0,1,0,0,0,0,1,0,0,0,2024,4,14,6,0,1,0,0
46.22862068965517,0,141740.76,32,39725.39,453.0,0,162731.79,0,0,0,0,0,0,0,0,0,0,0,2024,4,15,0,0,0,0,0
18.0,1,101313.87,8,27336.41,454.0,1,316054.43,1,0,0,0,0,0,0,0,0,1,0,2024,4,16,1,0,0,0,1
0.0,1,93309.31,31,34798.72,368.0,0,265575.78,0,0,0,1,0,0,0,0,1,0,0,2024,4,17,2,1,0,0,0
67.0,0,17021.11,3,12571.78,730.0,1,120791.94,0,0,0,0,1,0,0,0,0,1,0,2024,4,18,3,1,0,0,0
38.0,1,42600.71,3,47832.52,383.0,0,134553.98,1,0,1,0,0,0,0,0,0,0,0,2024,4,19,4,0,0,0,0
26.0,0,85476.32999999999,20,46885.0,372.0,0,326119.76,0,0,0,1,0,0,1,0,0,0,0,2024,4,20,5,1,0,0,0
21.0,0,86756.17,34,18028.01,344.0,1,370684.42,0,0,0,1,0,0,1,0,0,0,0,2024,4,21,6,0,0,0,1
53.0,0,70004.46,33,32390.69,720.0,0,461864.82,0,0,0,0,0,0,1,0,0,0,0,2024,4,22,0,0,0,0,1
65.0,1,111414.54,0,16840.44,736.0,1,98340.09,1,0,0,0,1,0,0,0,1,0,0,2024,4,23,1,0,1,0,0
32.0,0,76174.25,12,37464.15,377.0,0,155349.54,0,0,0,0,0,1,0,0,0,0,0,2024,4,24,2,0,1,0,0
46.22862068965517,1,84184.8,11,13237.05,574.3770154373927,1,446349.44,1,0,0,0,0,1,1,0,0,0,0,2024,4,25,3,0,0,0,0
41.0,1,50171.27,21,31762.34,725.0,1,37460.93,0,0,0,1,0,0,0,1,0,0,0,2024,4,26,4,0,0,0,1
62.0,1,55772.87,32,56611.53,604.0,0,95003.7,0,0,0,0,0,1,0,1,0,0,0,2024,4,27,5,0,0,0,0
44.0,0,75321.46,10,64191.88,574.3770154373927,1,36328.81,0,0,0,0,0,1,0,0,0,0,0,2024,4,28,6,0,0,0,1
47.0,1,85476.32999999999,1,18313.48,788.0,1,375567.87,0,0,1,0,0,0,0,0,0,0,0,2024,4,29,0,0,1,0,0
51.0,0,131065.59,30,46039.93,566.0,1,31392.08,1,0,0,0,1,0,0,0,1,0,0,2024,4,30,1,0,0,1,0
48.0,1,53862.76,13,25658.23,788.0,1,284458.16,0,0,0,0,0,0,0,0,0,0,0,2024,1,5,4,0,0,0,0
47.0,1,71811.68,6,43493.14,417.0,1,295057.42,0,0,0,1,0,0,0,1,0,0,0,2024,2,5,0,0,0,0,0
22.0,1,98805.64,7,45868.27,322.0,1,312725.42,0,0,0,0,0,0,0,1,0,0,0,2024,3,5,1,1,0,0,0
38.0,0,80880.81,18,39833.19,561.0,1,193409.57,0,0,0,0,0,0,0,0,1,0,0,2024,4,5,4,0,0,0,1
52.0,0,100957.19,8,22583.82,513.0,1,213764.29,0,0,1,0,0,0,1,0,0,0,0,2024,5,5,6,0,1,0,0
20.0,0,79808.53,12,34828.16,626.0,0,158947.83,0,0,0,0,0,1,0,1,0,0,0,2024,6,5,2,0,0,0,1
46.22862068965517,1,80797.11,31,28410.79,684.0,1,278493.96,0,1,0,0,0,0,1,0,0,0,0,2024,7,5,4,1,0,0,0
25.0,1,50709.34,7,2892.26,698.0,0,391865.37,1,1,0,0,0,0,0,0,0,0,0,2024,8,5,0,1,0,0,0
18.0,0,111342.2,0,26638.86,514.0,1,247704.90777003483,0,0,1,0,0,0,0,1,0,0,0,2024,9,5,3,0,0,0,1
53.0,0,115636.98,3,32615.17,388.0,0,250899.2,0,0,0,0,1,0,1,0,0,0,0,2024,10,5,5,0,1,0,0
54.0,0,80362.4,24,34888.26,370.0,1,186740.51,0,0,0,0,0,0,1,0,0,0,0,2024,11,5,1,1,0,0,0
52.0,1,123094.64,26,36996.67,356.0,1,120238.88,0,0,0,0,0,0,0,0,0,0,0,2024,12,5,3,0,0,0,0
50.0,1,93383.66,16,51309.78,436.0,1,209510.04,0,0,0,0,0,1,0,0,0,0,0,2024,5,13,0,0,1,0,0
56.0,1,101614.63,5,23261.87,679.0,1,247704.90777003483,0,0,0,0,0,1,0,0,0,1,0,2024,5,14,1,0,0,0,0
38.0,1,55371.59,14,31709.26,474.0,1,139822.25,1,0,0,0,0,1,1,0,0,0,0,2024,5,15,2,0,0,0,0
22.0,0,20413.2,4,6611.24,629.0,1,282918.73,1,0,0,0,0,1,0,0,1,0,0,2024,5,16,3,0,0,0,0
59.0,0,107933.53,1,36915.64,327.0,1,247704.90777003483,1,0,0,0,1,0,0,0,1,0,0,2024,5,17,4,0,0,0,0
32.0,1,163287.67,0,38495.87,780.0,1,238628.48,0,0,0,1,0,0,1,0,0,0,0,2024,5,18,5,1,0,0,0
22.0,0,67246.69,22,51446.75,428.0,1,437147.25,1,0,0,0,0,1,0,1,0,0,0,2024,5,19,6,0,0,0,1
31.0,1,87089.54,13,24477.5,773.0,0,260068.61,0,0,0,0,0,1,0,0,0,1,0,2024,5,20,0,0,1,0,0
68.0,1,105293.69,17,45021.41,401.0,1,271959.85,0,0,0,1,0,0,0,0,0,1,0,2024,5,21,1,0,0,1,0
64.0,0,123380.23,11,59534.87,763.0,0,255808.67,1,0,0,0,0,0,0,0,0,1,0,2024,5,22,2,0,0,0,0
24.0,1,88251.35,9,29279.6,319.0,0,434094.56,0,0,0,1,0,0,0,1,0,0,0,2024,5,23,3,1,0,0,0
61.0,1,106385.27,24,38902.23,660.0,1,212355.21,0,0,1,0,0,0,1,0,0,0,0,2024,5,24,4,1,0,0,0
49.0,1,66040.68,32,37501.03,362.0,0,279496.96,1,0,0,0,1,0,0,0,0,0,0,2024,5,25,5,0,0,1,0
60.0,0,75911.84,10,27697.15,350.0,1,146661.08,0,0,1,0,0,0,0,0,0,1,0,2024,5,26,6,0,1,0,0
73.0,0,92843.02,33,19145.33,420.0,0,322160.21,0,0,0,0,0,1,0,0,1,0,0,2024,5,28,1,0,1,0,0
52.0,1,19315.37,19,47993.63,679.0,1,274544.59,0,0,0,1,0,0,0,0,0,0,0,2024,5,29,2,0,0,0,0
70.0,0,84922.07,27,34798.72,413.0,1,176218.74,1,0,0,0,0,0,0,1,0,0,0,2024,5,30,3,1,0,0,0
62.0,1,140628.0,13,61003.13,821.0,1,109817.03,0,0,0,0,0,0,0,0,0,0,0,2024,5,31,4,0,1,0,0
54.0,1,82629.35,11,34645.92,388.0,1,379981.23,0,0,0,0,0,0,1,0,0,0,0,2024,1,6,5,0,0,0,0
46.22862068965517,1,96823.1,1,24928.02,716.0,0,392785.79,0,0,0,1,0,0,0,0,0,0,1,2024,2,6,1,0,0,1,0
47.0,1,21055.78,14,155.17,407.0,0,74130.62,1,0,0,0,1,0,0,1,0,0,0,2024,3,6,2,0,1,0,0
70.0,0,74367.34,14,30624.65,625.0,1,332810.32,0,0,0,0,0,0,1,0,0,0,0,2024,4,6,5,0,0,0,0
64.0,0,88405.51,30,65769.93,719.0,0,358497.55,0,0,0,1,0,0,0,0,0,1,0,2024,5,6,0,0,1,0,0
45.0,0,89000.97,3,45624.82,457.0,0,139255.82,1,0,0,0,0,0,0,0,0,0,0,2024,6,6,3,0,1,0,0
49.0,0,70825.78,5,31423.89,660.0,1,267446.51,1,0,0,0,0,0,0,0,0,1,0,2024,7,6,5,0,0,0,1
53.0,0,74810.56,26,25922.28,813.0,1,473304.11,0,0,0,0,0,1,0,0,0,0,0,2024,8,6,1,0,0,0,1
61.0,0,39251.94,22,34798.72,617.0,0,279731.79,0,1,0,0,0,0,0,0,1,0,0,2024,9,6,4,0,0,1,0
31.0,1,54419.68,1,31473.46,419.0,1,200468.45,1,0,1,0,0,0,0,1,0,0,0,2024,10,6,6,0,0,0,0
28.0,1,73189.72,26,49719.33,745.0,1,182797.53,0,0,0,1,0,0,0,0,0,0,0,2024,11,6,2,1,0,0,0
59.0,0,100032.85,1,32711.38,676.0,1,225783.54,0,0,0,1,0,0,1,0,0,0,0,2024,12,6,4,0,0,1,0
47.0,0,84374.45,30,30008.34,574.3770154373927,0,323792.97,0,0,0,1,0,0,0,1,0,0,0,2024,6,13,3,0,1,0,0
49.0,0,106002.55,1,4072.61,393.0,0,330979.34,0,0,0,1,0,0,0,1,0,0,0,2024,6,14,4,1,0,0,0
45.0,1,119276.28,4,22528.0,461.0,1,365226.21,0,0,0,0,0,0,0,1,0,0,0,2024,6,15,5,0,0,0,0
57.0,0,69937.19,5,42395.04,667.0,1,205839.48,0,0,0,0,1,0,0,0,0,1,0,2024,6,16,6,1,0,0,0
45.0,1,69612.82,17,61988.74,538.0,0,240181.64,0,0,0,0,0,1,0,1,0,0,0,2024,6,17,0,0,0,0,1
56.0,0,129935.69,33,27711.01,631.0,1,347073.24,0,0,0,1,0,0,0,0,0,0,0,2024,6,18,1,0,1,0,0
47.0,0,55332.99,8,31927.19,432.0,0,196555.8,0,0,0,1,0,0,0,0,1,0,0,2024,6,19,2,1,0,0,0
20.0,0,46156.67,4,45920.16,609.0,1,375106.3,0,0,1,0,0,0,0,0,1,0,0,2024,6,20,3,0,0,0,0
52.0,1,62477.97,20,44542.25,309.0,1,247704.90777003483,0,0,0,1,0,0,0,0,1,0,0,2024,6,21,4,1,0,0,0
22.0,1,40009.8,27,45328.99,312.0,0,153568.03,0,0,0,0,0,0,0,1,0,0,0,2024,6,22,5,0,1,0,0
52.0,1,44113.17,16,37067.13,648.0,1,65632.29,0,0,1,0,0,0,1,0,0,0,0,2024,6,23,6,0,0,0,0
22.0,0,50241.25,24,35996.06,591.0,0,261544.71,1,0,0,0,0,0,0,1,0,0,0,2024,6,24,0,0,0,0,1
72.0,1,71556.91,11,57855.94,382.0,1,247704.90777003483,0,0,0,0,0,1,0,0,0,1,0,2024,6,25,1,1,0,0,0
31.0,1,101786.19,20,64760.15,497.0,1,88248.98,0,0,0,1,0,0,0,0,0,0,0,2024,6,26,2,0,0,0,1
30.0,0,80232.81,11,38240.83,412.0,0,190342.08,0,0,0,1,0,0,0,0,0,0,0,2024,6,27,3,0,0,0,0
18.0,1,60897.91,12,27269.52,398.0,1,248014.31,0,0,0,1,0,0,0,1,0,0,0,2024,6,28,4,1,0,0,0
26.0,1,142104.04,12,62278.34,447.0,1,94386.45,0,0,1,0,0,0,0,0,0,0,0,2024,6,29,5,0,0,0,1
19.0,1,73867.1,8,48727.92,552.0,0,216752.87,0,0,0,0,0,0,0,0,1,0,0,2024,6,30,6,0,0,1,0
59.0,0,98554.16,7,21529.74,681.0,1,247704.90777003483,0,0,0,0,0,1,0,1,0,0,0,2024,1,7,6,0,1,0,0
25.0,0,85476.32999999999,29,21510.61,783.0,1,253560.63,0,0,0,0,0,0,1,0,0,0,0,2024,2,7,2,0,0,0,1
31.0,1,75725.07,30,58181.82,658.0,1,349266.05,0,0,0,1,0,0,1,0,0,0,0,2024,3,7,3,0,0,1,0
69.0,0,98739.73,7,28228.0,775.0,1,369581.54,1,0,0,1,0,0,0,0,0,1,0,2024,4,7,6,0,1,0,0
33.0,1,91521.39,27,12214.07,517.0,0,444153.95,1,0,0,0,0,0,0,0,0,1,0,2024,5,7,1,0,0,0,0
53.0,1,71227.63,14,60491.09,567.0,1,571639.56,0,0,0,0,0,1,0,1,0,0,0,2024,6,7,4,0,0,0,0
28.0,0,67454.43,4,49157.47,378.0,1,224947.4,0,0,0,1,0,0,0,1,0,0,0,2024,7,7,6,0,0,0,1
39.0,1,84023.48,28,60790.21,540.0,1,86867.17,0,0,0,0,1,0,0,1,0,0,0,2024,8,7,2,0,0,1,0
45.0,1,30478.54,2,47363.01,562.0,1,349556.81,0,0,1,0,0,0,0,1,0,0,0,2024,9,7,5,0,1,0,0
66.0,1,86410.11,32,15173.48,691.0,0,175043.89,0,0,0,0,0,1,0,0,1,0,0,2024,10,7,0,0,1,0,0
41.0,0,89577.53,1,34694.69,505.0,0,480459.66,0,0,0,1,0,0,0,0,1,0,0,2024,11,7,3,0,1,0,0
40.0,0,95621.85,0,45026.48,659.0,1,247704.90777003483,0,0,0,0,0,0,0,0,0,1,0,2024,12,7,5,0,0,0,0
73.0,1,94389.84,16,24771.25,614.0,1,208522.72,0,0,0,0,0,0,0,0,0,1,0,2024,7,13,5,0,0,0,0
38.0,1,74214.91,13,16538.07,834.0,1,149687.5,0,0,0,0,0,0,0,0,0,1,0,2024,7,14,6,0,1,0,0
56.0,1,85476.32999999999,14,29435.24,420.0,1,204780.07,1,0,0,0,0,1,1,0,0,0,0,2024,7,15,0,1,0,0,0
71.0,0,55063.89,3,49985.22,362.0,1,312277.28,0,0,1,0,0,0,0,1,0,0,0,2024,7,16,1,1,0,0,0
51.0,1,60000.64,6,43235.8,538.0,0,127014.75,1,0,0,0,0,1,0,0,1,0,0,2024,7,17,2,0,1,0,0
59.0,1,83564.39,34,41577.65,680.0,1,-8544.62,0,0,0,0,0,1,0,0,1,0,0,2024,7,18,3,1,0,0,0
50.0,0,134165.56,3,8059.52,454.0,1,391815.16,1,0,0,1,0,0,0,0,0,1,0,2024,7,19,4,0,0,1,0
59.0,0,117520.93,0,8852.7,381.0,0,527069.41,0,0,1,0,0,0,1,0,0,0,0,2024,7,20,5,0,0,0,1
34.0,1,120938.78,25,34798.72,583.0,1,367916.05,0,0,0,0,1,0,0,0,1,0,0,2024,7,21,6,0,1,0,0
50.0,1,135079.6,11,43413.7,673.0,0,304460.46,0,0,1,0,0,0,0,1,0,0,0,2024,7,22,0,0,0,1,0
68.0,0,59702.4,3,34798.72,574.3770154373927,1,334540.26,0,0,1,0,0,0,0,0,0,0,0,2024,7,23,1,0,0,0,1
28.0,1,1761.48,33,34861.15,658.0,0,-21872.81,1,0,0,0,1,0,0,0,1,0,0,2024,7,24,2,0,1,0,0
24.0,0,102984.25,31,35369.65,837.0,1,63568.14,0,1,0,0,0,0,1,0,0,0,0,2024,7,25,3,1,0,0,0
40.0,1,53662.28,13,8330.45,444.0,1,364369.79,1,0,1,0,0,0,0,0,1,0,0,2024,7,26,4,0,0,1,0
59.0,1,76795.83,23,37903.63,833.0,1,415353.15,0,0,0,0,0,0,0,0,0,1,0,2024,7,27,5,0,0,1,0
64.0,1,107021.2,13,31786.11,595.0,0,199626.41,0,0,0,0,0,0,0,0,1,0,0,2024,7,28,6,0,0,1,0
25.0,0,52070.43,22,61351.47,560.0,1,37396.54,0,0,0,0,1,0,0,0,1,0,0,2024,7,29,0,0,1,0,0
54.0,0,74819.65,9,29552.34,322.0,0,401385.85,1,0,0,0,0,1,1,0,0,0,0,2024,7,30,1,1,0,0,0
46.0,1,115705.48,27,41884.31,754.0,0,188466.1,0,0,0,0,0,1,1,0,0,0,0,2024,7,31,2,0,0,1,0
50.0,0,120064.49,8,24258.91,647.0,1,-3111.87,0,1,0,0,0,0,0,1,0,0,0,2024,1,8,0,0,0,0,1
30.0,0,110395.02,18,61540.87,801.0,0,231718.06,0,0,0,0,1,0,0,0,1,0,0,2024,2,8,3,0,0,0,1
28.0,0,126328.17,15,56701.92,450.0,1,320622.03,1,0,1,0,0,0,0,0,1,0,0,2024,3,8,4,1,0,0,0
49.0,1,69819.96,12,37772.48,832.0,0,178225.4,0,0,0,0,0,0,0,0,0,1,0,2024,4,8,0,1,0,0,0
50.0,0,79116.74,16,21375.98,563.0,1,247704.90777003483,0,0,0,1,0,0,0,0,1,0,0,2024,5,8,2,1,0,0,0
29.0,0,114114.12,7,45796.75,555.0,1,344489.1,0,0,0,0,0,0,0,1,0,0,0,2024,6,8,5,0,0,1,0
30.0,0,113397.54,1,40901.81,662.0,1,395432.61,0,0,0,0,1,0,0,0,0,1,0,2024,7,8,0,0,0,0,1
46.0,1,115790.39,4,59869.85,727.0,1,461008.6,0,0,0,0,0,1,0,1,0,0,0,2024,8,8,3,0,1,0,0
52.0,1,117350.2,24,3809.68,622.0,1,119045.53,0,0,0,0,1,0,1,0,0,0,0,2024,9,8,6,0,0,0,0
19.0,1,148843.83,29,19702.2,756.0,1,380010.87,0,0,0,1,0,0,1,0,0,0,0,2024,10,8,1,1,0,0,0
59.0,0,105120.92,26,44513.23,706.0,1,261280.56,0,0,0,0,1,0,0,0,0,1,0,2024,11,8,4,0,0,0,1
32.0,0,53291.05,31,56073.68,337.0,0,243442.16,0,0,0,0,0,1,0,0,0,1,0,2024,12,8,6,1,0,0,0
61.0,0,96683.34,6,46833.68,313.0,1,232803.22,0,0,1,0,0,0,0,1,0,0,0,2024,8,13,1,0,0,0,1
59.0,0,70211.1,0,47874.09,698.0,0,480714.92,0,0,0,0,0,0,1,0,0,0,0,2024,8,14,2,0,0,0,1
67.0,0,61583.12,14,36728.24,424.0,1,336756.55,1,0,0,0,0,1,0,0,1,0,0,2024,8,15,3,0,0,0,1
47.0,1,121323.8,33,51839.34,303.0,0,310086.84,0,0,0,0,0,1,0,0,0,0,0,2024,8,16,4,0,1,0,0
57.0,0,139179.54,0,62574.08,435.0,1,118704.02,1,0,1,0,0,0,0,0,1,0,0,2024,8,17,5,0,0,0,0
46.0,0,99655.9,6,50692.61,825.0,0,312185.92,0,0,0,1,0,0,0,1,0,0,0,2024,8,18,6,0,0,1,0
36.0,1,98488.21,20,43449.7,512.0,0,220091.78,0,0,0,0,1,0,1,0,0,0,0,2024,8,19,0,1,0,0,0
54.0,1,73288.11,11,9427.24,817.0,1,310256.6,0,0,0,0,0,0,0,0,1,0,0,2024,8,20,1,0,1,0,0
56.0,0,72389.45,16,34798.72,578.0,1,390128.59,0,0,0,0,1,0,0,0,1,0,0,2024,8,21,2,0,0,0,0
47.0,0,34279.13,14,20419.35,374.0,1,165316.08,0,0,0,1,0,0,0,1,0,0,0,2024,8,22,3,0,0,1,0
33.0,0,108806.63,23,11175.95,491.0,0,247704.90777003483,0,0,0,0,0,0,0,0,0,1,0,2024,8,23,4,0,0,1,0
32.0,1,72076.71,1,25446.69,382.0,0,322291.26,1,0,0,1,0,0,0,0,0,1,0,2024,8,24,5,0,0,0,0
70.0,1,103531.71,34,57489.67,539.0,0,335254.9,0,0,0,0,0,0,0,0,0,1,0,2024,8,25,6,0,0,1,0
68.0,0,99260.63,7,41124.82,593.0,1,173095.4,0,0,1,0,0,0,1,0,0,0,0,2024,8,26,0,0,0,0,0
61.0,1,25685.86,1,34798.72,590.0,0,252211.64,1,0,0,0,1,0,0,0,0,0,0,2024,8,27,1,0,0,0,0
35.0,0,122559.58,21,48964.71,752.0,0,462332.87,0,0,1,0,0,0,0,0,0,1,0,2024,8,28,2,0,1,0,0
44.0,1,94966.39,0,63016.45,828.0,0,408704.23,0,0,1,0,0,0,0,0,0,1,0,2024,8,29,3,0,0,0,1
19.0,1,98069.43,13,26265.81,419.0,1,264133.46,0,0,0,0,0,1,0,0,0,0,0,2024,8,30,4,1,0,0,0
50.0,1,43415.83,13,73634.79,476.0,1,205322.89,1,0,0,0,0,0,0,1,0,0,0,2024,8,31,5,0,1,0,0
28.0,0,89603.18,19,35233.45,667.0,1,387398.63,0,0,0,0,1,0,0,1,0,0,0,2024,1,9,1,1,0,0,0
74.0,1,62696.31,25,53436.78,604.0,0,246339.18,0,0,0,1,0,0,0,0,0,0,0,2024,2,9,4,1,0,0,0
41.0,1,86377.87,4,66538.33,650.0,1,619683.69,0,0,0,0,0,1,1,0,0,0,0,2024,3,9,5,0,0,0,0
20.0,0,145553.18,5,42918.77,563.0,1,573425.08,1,0,1,0,0,0,0,0,0,1,0,2024,4,9,1,0,0,0,0
18.0,1,53545.66,31,40492.52,847.0,0,319643.71,0,0,0,0,0,1,0,0,1,0,0,2024,5,9,3,0,1,0,0
56.0,1,35978.94,20,43048.13,806.0,0,34636.88,0,0,0,0,1,0,0,0,0,0,0,2024,6,9,6,0,0,0,0
49.0,1,83010.08,32,34972.68,698.0,0,355784.02,1,0,0,1,0,0,0,0,0,0,0,2024,7,9,1,0,1,0,0
57.0,1,84426.9,19,33272.01,678.0,1,156701.64,0,0,0,1,0,0,0,0,0,0,0,2024,8,9,4,0,1,0,0
72.0,0,95375.31,8,15918.46,612.0,1,104687.68,0,0,0,0,0,0,1,0,0,0,0,2024,9,9,0,0,0,0,1
35.0,0,129807.13,25,3762.84,718.0,1,434776.72,0,0,0,0,1,0,0,1,0,0,0,2024,10,9,2,0,0,0,1
49.0,0,63647.8,9,18397.79,574.3770154373927,1,123769.4,0,0,0,1,0,0,0,0,0,0,0,2024,11,9,5,1,0,0,0
26.0,0,98594.23,11,39410.22,537.0,0,115774.1,0,0,1,0,0,0,0,1,0,0,0,2024,12,9,0,0,0,0,1
29.0,1,49453.65,9,23046.6,837.0,0,272120.28,0,0,0,0,1,0,0,0,0,1,0,2024,9,13,4,1,0,0,0
35.0,0,46704.42,19,50833.79,803.0,1,304278.4,1,0,0,0,0,1,0,0,0,0,0,2024,9,14,5,0,0,0,1
21.0,1,95101.78,20,52912.16,700.0,1,247704.90777003483,0,0,1,0,0,0,1,0,0,0,0,2024,9,15,6,0,0,0,0
24.0,0,109222.08,12,32547.13,574.3770154373927,1,202285.34,0,0,0,0,0,0,0,0,1,0,0,2024,9,16,0,1,0,0,0
48.0,1,72621.64,15,33163.71,370.0,1,496022.45,0,0,0,0,1,0,0,0,1,0,0,2024,9,17,1,0,0,1,0
46.0,0,51520.58,0,36876.93,587.0,1,429715.58,1,0,0,1,0,0,0,0,0,1,0,2024,9,18,2,0,0,0,0
57.0,0,45716.23,25,56831.99,826.0,1,397922.95,0,0,0,1,0,0,0,1,0,0,0,2024,9,19,3,0,0,1,0
54.0,0,71342.06,19,23028.02,389.0,1,247704.90777003483,0,0,1,0,0,0,0,0,0,1,0,2024,9,20,4,0,0,0,0
54.0,0,85476.32999999999,24,45202.81,792.0,0,34442.61,0,0,1,0,0,0,0,0,0,0,0,2024,9,21,5,0,0,0,1
32.0,0,103628.37,21,39759.88,696.0,1,199330.79,0,0,0,1,0,0,1,0,0,0,0,2024,9,22,6,1,0,0,0
50.0,1,62885.05,7,19410.72,621.0,1,164374.32,0,0,0,0,0,1,0,0,0,1,0,2024,9,23,0,0,1,0,0
37.0,0,43806.92,16,28791.86,456.0,1,290980.21,0,0,0,0,0,0,0,0,0,1,0,2024,9,24,1,0,0,1,0
38.0,0,49112.5,10,5205.93,770.0,0,87300.37,1,0,0,0,0,1,0,0,1,0,0,2024,9,25,2,1,0,0,0
46.0,0,34109.81,32,25205.66,798.0,1,397060.97,0,0,1,0,0,0,1,0,0,0,0,2024,9,26,3,1,0,0,0
40.0,1,85476.32999999999,15,30694.12,501.0,1,228581.46,0,0,0,1,0,0,0,0,1,0,0,2024,9,27,4,0,1,0,0
25.0,0,82000.01,19,28687.24,571.0,1,343793.91,1,0,0,1,0,0,0,0,1,0,0,2024,9,28,5,0,0,0,0
67.0,1,119994.92,22,43212.22,486.0,1,273763.88,1,0,0,0,0,1,0,0,0,0,0,2024,9,29,6,0,0,1,0
40.0,0,126522.03,17,3595.08,638.0,0,420762.81,0,0,0,0,0,1,1,0,0,0,0,2024,9,30,0,0,0,0,1
20.0,0,115656.74,3,22892.38,697.0,1,200371.42,0,0,1,0,0,0,0,0,1,0,0,2024,1,10,2,0,1,0,0
55.0,1,67274.41,26,24194.01,524.0,1,204321.0,0,0,0,0,1,0,0,1,0,0,0,2024,2,10,5,0,0,0,0
35.0,1,77540.11,21,18553.82,421.0,1,126989.75,0,0,1,0,0,0,0,0,0,0,0,2024,3,10,6,0,0,0,0
63.0,0,104599.04,22,22315.98,479.0,1,101281.24,0,0,0,0,1,0,0,0,0,0,1,2024,4,10,2,0,1,0,0
34.0,0,94361.1,17,43430.94,318.0,0,197516.14,0,0,1,0,0,0,0,0,0,1,0,2024,5,10,4,1,0,0,0
66.0,1,119979.32,29,21237.91,620.0,0,221844.21,0,0,0,0,0,1,0,0,1,0,0,2024,6,10,0,0,0,1,0
73.0,1,56553.21,7,31304.92,629.0,0,201104.77,0,0,0,0,0,0,0,1,0,0,0,2024,7,10,2,0,1,0,0
48.0,1,102088.02,21,54872.66,507.0,1,248799.58,1,0,1,0,0,0,0,1,0,0,0,2024,8,10,5,0,1,0,0
46.0,1,85476.32999999999,29,63711.06,716.0,0,371594.53,0,0,0,1,0,0,0,0,1,0,0,2024,9,10,1,1,0,0,0
26.0,0,85476.32999999999,17,57120.25,580.0,1,299414.98,0,0,0,0,0,1,1,0,0,0,0,2024,10,10,3,0,0,0,0
28.0,0,93845.83,10,65797.77,387.0,0,221262.04,0,0,0,0,0,1,1,0,0,0,0,2024,11,10,6,0,1,0,0
29.0,1,47761.32,3,32862.36,685.0,1,108226.92,1,0,0,0,0,0,0,0,1,0,0,2024,12,10,1,0,0,0,1
66.0,1,97157.92,2,50228.57,657.0,1,31822.86,0,0,0,1,0,0,1,0,0,0,0,2024,10,13,6,0,1,0,0
67.0,0,74341.8,27,42370.67,468.0,1,317632.11,0,0,0,0,1,0,0,1,0,0,0,2024,10,14,0,0,0,0,0
39.0,0,76831.59,14,62040.47,615.0,1,88687.19,0,0,1,0,0,0,1,0,0,0,0,2024,10,15,1,0,1,0,0
65.0,0,77092.49,5,43877.78,379.0,0,288536.75,1,0,0,0,0,1,0,0,0,1,0,2024,10,16,2,0,0,0,0
39.0,0,145087.37,12,13152.09,414.0,1,219725.87,0,0,0,0,1,0,0,0,0,0,0,2024,10,17,3,0,1,0,0
27.0,1,99915.53,12,17538.2,413.0,1,261667.13,0,0,0,0,1,0,0,0,0,0,0,2024,10,18,4,0,0,0,1
37.0,1,85476.32999999999,5,47331.85,597.0,0,85733.56,0,0,0,0,1,0,0,0,0,0,0,2024,10,19,5,0,0,0,0
41.0,1,138783.81,25,34798.72,401.0,0,261141.41,1,0,1,0,0,0,0,0,0,0,0,2024,10,20,6,1,0,0,0
26.0,1,120873.73,18,25844.17,444.0,0,223204.54,0,0,0,1,0,0,1,0,0,0,0,2024,10,21,0,0,0,0,0
56.0,1,120527.37,16,20844.14,502.0,1,247704.90777003483,0,0,0,0,0,1,0,0,0,1,0,2024,10,22,1,0,0,0,0
43.0,1,58063.32,32,48795.65,564.0,1,337226.7,0,0,0,0,0,0,0,0,0,0,0,2024,10,23,2,0,0,1,0
60.0,1,82121.72,5,48781.48,598.0,1,173841.94,0,0,1,0,0,0,0,0,0,1,0,2024,10,24,3,1,0,0,0
49.0,1,82661.02,21,5984.7,559.0,0,278366.5,0,0,0,0,1,0,1,0,0,0,0,2024,10,25,4,0,0,0,0
52.0,1,113570.27,19,46980.43,407.0,1,186147.97,0,0,0,0,1,0,0,0,0,1,0,2024,10,26,5,0,0,0,1
43.0,0,130530.29,3,32038.06,774.0,1,254356.49,0,0,0,1,0,0,1,0,0,0,0,2024,10,27,6,1,0,0,0
51.0,0,105358.88,3,53719.64,487.0,0,107006.86,0,0,0,0,0,0,0,1,0,0,0,2024,10,28,0,0,1,0,0
39.0,1,110237.26,27,43218.88,426.0,1,503118.14,1,0,0,0,1,0,0,0,1,0,0,2024,10,29,1,1,0,0,0
37.0,1,116076.62,25,62513.67,608.0,1,122439.9,0,0,0,0,1,0,0,0,0,0,0,2024,10,30,2,0,1,0,0
31.0,1,100379.64,1,60205.28,337.0,0,130195.2,0,0,0,0,0,0,0,0,0,0,0,2024,10,31,3,0,0,0,1
66.0,1,47625.06,11,35193.85,388.0,1,315265.78,0,0,1,0,0,0,1,0,0,0,0,2024,1,11,3,0,0,0,0
66.0,0,106571.29,13,36186.6,365.0,0,229939.97,1,0,0,1,0,0,1,0,0,0,0,2024,2,11,6,0,0,0,0
65.0,1,64964.78,1,22406.78,368.0,1,446674.62,1,0,0,1,0,0,1,0,0,0,0,2024,3,11,0,1,0,0,0
67.0,0,64606.91,12,37818.35,627.0,1,155997.28,0,0,0,0,1,0,0,0,1,0,0,2024,4,11,3,0,0,0,0
32.0,0,109203.29,30,33490.56,569.0,0,55781.16,0,0,0,1,0,0,0,0,1,0,0,2024,5,11,5,0,0,0,0
50.0,1,85476.32999999999,0,23314.02,552.0,0,268080.21,0,0,0,0,0,1,0,0,1,0,0,2024,6,11,1,0,0,0,0
72.0,0,105397.53,1,32762.94,827.0,0,247704.90777003483,1,0,0,0,0,1,0,0,0,1,0,2024,7,11,3,0,0,0,0
58.0,1,74956.73,26,31258.66,484.0,1,412566.05,1,0,0,0,0,1,0,0,0,0,0,2024,8,11,6,0,0,0,1
26.0,1,84379.16,6,21509.65,673.0,1,227859.63,0,0,0,1,0,0,0,0,0,1,0,2024,9,11,2,0,0,0,1
69.0,1,76545.44,29,33367.29,371.0,1,399507.48,0,0,0,0,1,0,0,0,1,0,0,2024,10,11,4,0,0,0,1
50.0,0,99484.86,11,34798.72,441.0,1,431169.7,0,0,0,0,0,1,0,0,0,0,0,2024,11,11,0,0,1,0,0
27.0,1,77871.03,18,48470.36,453.0,0,-20529.92,0,0,0,1,0,0,0,1,0,0,0,2024,12,11,2,1,0,0,0
27.0,1,77607.94,31,409.0,361.0,0,150101.97,1,0,0,0,1,0,0,1,0,0,0,2024,11,13,2,0,1,0,0
25.0,1,97404.38,31,13965.19,393.0,1,135406.19,1,0,1,0,0,0,0,1,0,0,0,2024,11,14,3,0,0,0,1
30.0,0,80141.67,6,43035.15,475.0,1,277687.35,0,0,1,0,0,0,0,0,1,0,0,2024,11,15,4,0,0,0,1
29.0,0,34710.24,30,37085.23,353.0,1,486060.49,0,0,0,0,1,0,0,0,0,1,0,2024,11,16,5,0,0,0,0
74.0,1,67909.43,5,34798.72,672.0,1,287574.62,1,0,0,0,0,0,1,0,0,0,0,2024,11,17,6,0,0,1,0
51.0,1,57401.91,28,39369.07,633.0,1,259233.97,0,0,0,0,0,0,0,0,1,0,0,2024,11,18,0,0,1,0,0
57.0,0,101032.7,22,40990.0,826.0,1,487254.71,1,0,0,0,0,0,0,0,1,0,0,2024,11,19,1,0,0,1,0
22.0,0,96934.78,12,42988.03,606.0,1,132313.63,0,0,0,0,1,0,1,0,0,0,0,2024,11,20,2,0,0,1,0
58.0,1,103762.5,32,34798.72,303.0,1,175535.48,0,0,1,0,0,0,0,0,0,0,0,2024,11,21,3,0,0,0,0
59.0,0,102971.51,3,15313.86,794.0,1,349499.73,0,0,0,0,1,0,1,0,0,0,0,2024,11,22,4,0,1,0,0
18.0,1,117410.16,5,42321.6,302.0,1,130538.19,0,0,0,0,0,1,0,0,0,1,0,2024,11,23,5,0,1,0,0
20.0,1,89362.72,1,50717.83,812.0,0,139919.85,0,0,0,0,0,0,1,0,0,0,0,2024,11,24,6,0,0,0,1
46.0,1,85476.32999999999,21,46856.35,606.0,1,300070.39,0,0,0,0,0,0,0,0,1,0,0,2024,11,25,0,0,0,0,0
19.0,0,92859.96,32,34487.97,602.0,0,161797.05,0,0,0,0,0,1,0,1,0,0,0,2024,11,26,1,0,0,0,0
38.0,1,81752.68,29,23654.43,566.0,1,228611.32,1,0,0,0,0,0,0,0,0,0,0,2024,11,27,2,1,0,0,0
73.0,0,24079.4,19,44046.51,411.0,0,382051.27,1,0,1,0,0,0,0,0,0,0,0,2024,11,28,3,0,0,1,0
71.0,0,88842.93,3,24964.57,687.0,1,261700.26,0,0,0,1,0,0,0,0,1,0,0,2024,11,29,4,0,0,1,0
38.0,0,85476.32999999999,30,59961.12,325.0,0,221832.06,1,0,0,1,0,0,0,0,1,0,0,2024,11,30,5,0,0,0,0
74.0,1,85476.32999999999,24,59359.37,470.0,1,121946.76,1,0,0,0,0,1,0,1,0,0,0,2024,1,12,4,0,0,0,1
49.0,0,78003.01,16,24898.51,621.0,1,304292.82,0,0,0,0,0,1,0,1,0,0,0,2024,2,12,0,0,0,1,0
47.0,0,85476.32999999999,14,43991.61,711.0,0,145883.43,0,0,0,0,1,0,0,0,1,0,0,2024,3,12,1,0,0,1,0
46.22862068965517,1,41782.6,12,18915.62,417.0,1,348858.46,1,1,0,0,0,0,0,0,0,0,0,2024,4,12,4,0,1,0,0
46.22862068965517,1,100381.94,28,34778.46,459.0,1,137900.42,1,0,1,0,0,0,0,0,0,0,0,2024,5,12,6,0,1,0,0
54.0,0,97468.19,8,39785.72,467.0,0,172196.47,0,0,1,0,0,0,0,0,0,0,0,2024,6,12,2,1,0,0,0
46.22862068965517,0,162334.79,16,26121.13,659.0,1,284853.3,0,0,0,0,0,1,1,0,0,0,0,2024,7,12,4,0,0,0,0
71.0,1,58472.74,29,46040.04,479.0,1,288755.09,1,0,0,1,0,0,0,0,1,0,0,2024,8,12,0,0,0,1,0
35.0,0,49478.2,14,37174.94,511.0,1,151895.84,1,0,1,0,0,0,1,0,0,0,0,2024,9,12,3,0,0,0,0
49.0,0,85476.32999999999,22,32354.55,659.0,1,241882.64,0,0,0,0,0,0,0,1,0,0,0,2024,10,12,5,0,1,0,0
22.0,0,155368.63,4,46644.37,582.0,1,247291.63,0,0,0,0,1,0,1,0,0,0,0,2024,11,12,1,1,0,0,0
36.0,1,91324.42,27,48798.9,422.0,1,123612.26,0,0,0,0,0,1,0,1,0,0,0,2024,12,12,3,0,0,1,0
57.0,1,76422.62,8,49207.27,809.0,1,271547.28,0,0,0,0,1,0,0,0,0,1,0,2024,12,13,4,0,1,0,0
20.0,1,35799.39,10,34038.98,839.0,0,229986.24,0,0,1,0,0,0,0,1,0,0,0,2024,12,14,5,0,0,0,1
47.0,1,73960.64,30,40898.57,340.0,1,339248.26,0,0,0,0,0,1,0,1,0,0,0,2024,12,15,6,0,0,1,0
54.0,1,93208.87,13,35997.43,784.0,1,366279.06,1,1,0,0,0,0,1,0,0,0,0,2024,12,16,0,0,1,0,0
23.0,1,85476.32999999999,18,14910.79,473.0,1,197523.13,0,0,1,0,0,0,1,0,0,0,0,2024,12,17,1,0,0,0,0
41.0,0,85476.32999999999,16,41185.02,442.0,1,345123.52,1,0,0,0,0,0,0,1,0,0,0,2024,12,18,2,0,0,0,1
20.0,1,90038.62,12,8632.79,647.0,1,395308.58,0,0,0,0,0,1,0,1,0,0,0,2024,12,19,3,0,0,1,0
72.0,1,122131.3,21,24533.85,701.0,0,215385.04,0,0,0,0,0,1,0,0,0,1,0,2024,12,20,4,0,1,0,0
71.0,1,68209.77,25,41608.66,511.0,1,208469.41,1,0,0,1,0,0,0,1,0,0,0,2024,12,21,5,1,0,0,0
51.0,1,130867.64,31,28626.63,484.0,1,247446.65,0,0,0,0,0,1,0,0,0,0,0,2024,12,22,6,1,0,0,0
24.0,1,54548.61,27,36445.66,637.0,0,348069.67,0,0,0,0,1,0,0,0,0,1,0,2024,12,23,0,1,0,0,0
54.0,1,105757.8,29,53906.19,642.0,1,173575.98,0,0,0,0,1,0,0,0,0,0,0,2024,12,24,1,0,0,0,0
62.0,1,70905.12,26,34798.72,372.0,1,173247.17,0,0,0,1,0,0,1,0,0,0,0,2024,12,25,2,0,0,0,1
54.0,1,97563.72,6,32990.14,815.0,1,213909.37,0,0,0,0,0,1,0,0,0,0,0,2024,12,26,3,0,0,1,0
62.0,1,106852.14,1,30979.17,310.0,1,480348.23,1,0,0,0,0,0,0,0,1,0,0,2024,12,27,4,1,0,0,0
48.0,0,92994.1,2,50977.87,651.0,0,109005.15,0,0,0,0,0,1,0,1,0,0,0,2024,12,28,5,0,0,1,0
68.0,0,24436.62,18,59934.76,697.0,1,163076.82,0,0,0,1,0,0,0,1,0,0,0,2024,12,29,6,1,0,0,0
40.0,0,122698.25,19,39364.57,584.0,1,54986.29,0,0,0,0,0,1,0,0,1,0,0,2024,12,30,0,0,0,1,0
74.0,1,111919.24,7,14744.64,689.0,1,299283.28,0,0,0,0,1,0,0,1,0,0,0,2024,12,31,1,0,0,0,0
44.0,0,104155.23,26,37475.62,591.0,1,247540.95,0,0,0,0,0,1,0,0,0,1,0,2025,1,1,2,0,0,1,0
73.0,0,75055.97,20,32767.92,794.0,1,163116.37,0,0,0,0,1,0,0,1,0,0,0,2025,2,1,5,0,1,0,0
56.0,1,53346.32,6,2324.48,566.0,0,227795.62,0,0,0,1,0,0,0,0,1,0,0,2025,3,1,5,0,0,1,0
40.0,0,76345.02,27,38079.17,398.0,1,116041.92,1,0,0,0,1,0,1,0,0,0,0,2025,4,1,1,0,0,0,1
31.0,1,37818.97,19,41148.51,678.0,1,142849.02,0,0,1,0,0,0,0,1,0,0,0,2025,5,1,3,0,0,0,1
69.0,0,53753.24,5,41968.33,392.0,1,112352.03,0,0,0,0,1,0,0,0,0,1,0,2025,6,1,6,0,0,1,0
28.0,0,113055.02,0,31207.59,404.0,1,157487.54,0,0,0,1,0,0,0,1,0,0,0,2025,7,1,1,0,1,0,0
71.0,1,85476.32999999999,19,46189.89,604.0,1,247704.90777003483,1,1,0,0,0,0,1,0,0,0,0,2025,8,1,4,0,0,1,0
69.0,1,101920.62,24,34798.72,653.0,0,326239.69,1,0,0,0,1,0,1,0,0,0,0,2025,9,1,0,0,0,1,0
53.0,0,50077.33,10,31432.84,723.0,1,247704.90777003483,0,0,0,0,0,0,0,0,0,0,0,2025,10,1,2,0,0,1,0
56.0,1,105625.89,13,20291.78,327.0,1,378452.22,0,0,0,0,1,0,0,0,0,1,0,2025,11,1,5,1,0,0,0
50.0,1,73252.17,17,20315.54,612.0,0,146790.11,0,0,1,0,0,0,1,0,0,0,0,2025,12,1,0,1,0,0,0
67.0,0,91664.55,14,15604.54,784.0,0,232389.61,0,0,0,0,0,0,0,0,0,1,0,2025,1,13,0,0,0,0,1
26.0,1,44977.7,1,39843.69,466.0,1,174246.13,0,0,0,1,0,0,0,0,1,0,0,2025,1,14,1,1,0,0,0
38.0,1,79193.43,18,50523.0,608.0,1,347066.84,0,0,0,1,0,0,0,0,0,1,0,2025,1,15,2,0,1,0,0
46.22862068965517,1,118796.85,11,21985.14,400.0,1,201241.06,1,0,1,0,0,0,1,0,0,0,0,2025,1,16,3,0,0,1,0
50.0,1,92929.44,14,34798.72,739.0,1,369504.38,0,0,0,0,0,0,0,0,0,1,0,2025,1,17,4,0,0,1,0
46.0,0,56841.63,12,48666.87,620.0,1,270834.87,0,0,0,0,1,0,1,0,0,0,0,2025,1,18,5,0,0,0,0
52.0,0,110607.81,28,20790.05,374.0,1,241249.18,0,0,0,1,0,0,1,0,0,0,0,2025,1,19,6,1,0,0,0
35.0,1,85476.32999999999,12,57033.69,602.0,0,110908.26,0,0,0,1,0,0,0,0,0,0,0,2025,1,20,0,0,0,0,1
68.0,1,85476.32999999999,21,40595.48,739.0,0,120658.81,0,0,1,0,0,0,0,0,0,0,0,2025,1,21,1,0,0,1,0
35.0,0,75595.27,2,4053.65,817.0,1,274229.69,0,0,1,0,0,0,0,1,0,0,0,2025,1,22,2,0,0,0,0
68.0,1,95413.87,30,47779.74,688.0,1,218773.3,0,1,0,0,0,0,0,0,1,0,0,2025,1,23,3,0,0,0,1
23.0,1,60171.82,15,27868.14,488.0,0,357442.71,1,0,1,0,0,0,0,0,0,0,0,2025,1,24,4,1,0,0,0
32.0,1,112910.49,19,14309.75,614.0,1,492292.95,0,0,0,0,1,0,0,0,1,0,0,2025,1,25,5,0,0,1,0
58.0,1,122158.95,3,35616.72,799.0,1,342634.16,0,0,0,1,0,0,0,0,0,1,0,2025,1,26,6,0,0,1,0
73.0,0,90132.17,5,9243.25,596.0,0,60019.75,0,0,0,0,0,0,0,1,0,0,0,2025,1,27,0,0,1,0,0
31.0,0,83145.48,5,44547.29,665.0,1,121231.01,0,1,0,0,0,0,0,0,1,0,0,2025,1,28,1,1,0,0,0
39.0,1,15389.4,3,33525.92,578.0,1,238658.1,1,0,0,1,0,0,0,0,0,1,0,2025,1,29,2,1,0,0,0
71.0,0,144308.56,10,45103.47,735.0,1,294115.84,0,0,0,1,0,0,1,0,0,0,0,2024,2,15,3,1,0,0,0
52.0,0,74378.2,20,22299.53,391.0,0,334622.05,0,0,0,0,0,1,0,1,0,0,0,2025,1,31,4,0,0,0,0
55.0,0,82849.35,28,34798.72,797.0,0,332887.18,0,0,0,1,0,0,0,0,0,1,0,2025,1,2,3,0,0,0,1
74.0,0,166389.99,2,34981.53,643.0,1,252054.44,0,0,0,1,0,0,0,1,0,0,0,2025,2,2,6,1,0,0,0
72.0,1,91572.12,12,26502.86,534.0,1,364319.89,0,0,0,1,0,0,0,1,0,0,0,2025,3,2,6,0,1,0,0
41.0,0,41320.25,4,31690.53,598.0,0,97674.95,0,0,1,0,0,0,0,0,0,0,0,2025,4,2,2,0,0,0,1
51.0,0,81913.5,34,35678.82,591.0,0,9005.17,0,0,0,1,0,0,1,0,0,0,0,2025,5,2,4,0,0,0,1
54.0,1,109924.58,17,46462.68,430.0,1,372111.31,1,0,0,0,1,0,0,0,1,0,0,2025,6,2,0,0,0,1,0
64.0,1,65384.16,9,33689.5,733.0,1,239825.22,0,0,1,0,0,0,0,1,0,0,0,2025,7,2,2,0,0,0,1
74.0,1,67267.18,23,29094.81,755.0,1,69147.28,0,0,1,0,0,0,1,0,0,0,0,2025,8,2,5,0,1,0,0
29.0,0,43899.98,8,34936.99,508.0,0,293536.69,1,0,0,0,0,1,0,0,0,0,0,2025,9,2,1,0,0,1,0
53.0,0,25708.07,21,40619.36,453.0,0,374918.98,1,0,0,1,0,0,0,0,1,0,0,2025,10,2,3,0,1,0,0
37.0,0,76439.9,16,39758.69,769.0,1,376116.15,0,0,0,0,0,0,0,0,0,0,0,2025,11,2,6,0,0,0,0
55.0,1,32974.86,21,49432.75,330.0,0,318004.94,0,0,1,0,0,0,1,0,0,0,0,2025,12,2,1,0,0,1,0
29.0,1,153576.21,1,11928.67,358.0,1,255438.55,1,0,1,0,0,0,0,0,0,1,0,2025,2,13,3,1,0,0,0
62.0,1,43297.18,2,20842.77,728.0,1,104299.63,0,0,0,1,0,0,0,0,0,0,0,2025,2,14,4,0,0,0,1
66.0,1,72769.43,32,33205.35,639.0,0,73776.66,0,0,1,0,0,0,0,0,1,0,0,2025,2,15,5,0,1,0,0
62.0,1,92034.95,25,51192.45,616.0,1,344921.04,0,0,0,0,0,1,0,1,0,0,0,2025,2,16,6,0,0,0,1
63.0,1,93387.51,8,30701.9,830.0,0,177109.21,0,0,0,0,0,0,1,0,0,0,0,2025,2,17,0,0,1,0,0
72.0,1,59203.94,13,31913.99,508.0,0,355687.32,1,0,0,0,1,0,0,0,0,0,0,2025,2,18,1,0,0,0,0
26.0,1,93067.17,4,50533.09,615.0,0,112264.31,0,0,0,0,1,0,0,0,0,1,0,2025,2,19,2,0,0,1,0
54.0,0,107953.46,33,70532.5,433.0,0,347337.15,0,0,0,0,0,1,1,0,0,0,0,2025,2,20,3,0,0,1,0
51.0,0,51156.45,12,54899.57,615.0,1,225761.12,0,0,0,0,0,1,0,0,0,1,0,2025,2,21,4,0,0,0,0
32.0,0,131449.77,26,34798.72,389.0,1,208164.72,0,0,0,0,1,0,1,0,0,0,0,2025,2,22,5,0,0,0,1
58.0,0,81307.75,34,3230.42,765.0,1,423669.65,1,0,0,0,0,0,0,1,0,0,0,2025,2,23,6,1,0,0,0
21.0,0,48830.37,14,44530.23,550.0,0,481747.83,0,0,0,0,0,0,0,0,0,0,0,2025,2,24,0,0,1,0,0
40.0,0,49469.63,30,48403.37,314.0,1,59014.47,1,0,0,0,1,0,0,0,0,0,0,2025,2,25,1,0,0,0,1
22.0,0,46204.38,1,34798.72,721.0,1,193077.86,1,0,0,0,1,0,0,0,0,0,0,2025,2,26,2,1,0,0,0
34.0,1,129080.18,11,17627.65,595.0,1,219451.37,0,0,0,1,0,0,0,0,1,0,0,2025,2,27,3,0,0,0,1
72.0,1,85476.32999999999,26,45824.84,618.0,0,252148.84,0,0,0,0,0,1,0,0,0,0,0,2025,2,28,4,0,1,0,0
63.0,0,101709.11,22,55704.58,631.0,1,191188.8,0,0,0,0,1,0,1,0,0,0,0,2025,1,3,4,1,0,0,0
64.0,0,62434.69,1,26782.49,336.0,1,46956.01,1,0,1,0,0,0,0,1,0,0,0,2025,2,3,0,1,0,0,0
74.0,1,154133.16,17,38693.68,321.0,1,143696.43,0,0,1,0,0,0,0,0,0,1,0,2025,3,3,0,0,0,0,0
51.0,1,52512.68,31,26571.78,351.0,0,204748.26,1,0,0,1,0,0,0,0,0,1,0,2025,4,3,3,0,0,0,0
74.0,0,62168.16,24,34849.1,717.0,0,103872.33,0,0,0,1,0,0,0,0,0,0,0,2025,5,3,5,1,0,0,0
69.0,0,103496.56,15,43248.59,306.0,0,361580.6,0,0,0,0,1,0,0,1,0,0,0,2025,6,3,1,0,0,0,1
46.0,0,131131.21,27,18180.24,523.0,1,334074.67,0,0,1,0,0,0,1,0,0,0,0,2025,7,3,3,0,0,1,0
67.0,1,17299.12,12,31499.4,668.0,1,447805.43,0,0,0,0,0,1,1,0,0,0,0,2025,8,3,6,0,1,0,0
32.0,1,98685.93,32,40006.33,498.0,0,527201.42,0,0,0,1,0,0,1,0,0,0,0,2025,9,3,2,0,0,0,1
38.0,1,60841.6,18,20480.01,557.0,0,247704.90777003483,0,0,0,0,1,0,0,0,0,0,0,2025,10,3,4,1,0,0,0
73.0,1,47408.91,14,34507.96,574.3770154373927,1,110453.56,0,0,0,0,0,1,0,0,0,1,0,2025,11,3,0,1,0,0,0
64.0,1,96835.8,17,51728.59,785.0,1,41008.62,0,0,1,0,0,0,0,1,0,0,0,2025,12,3,2,1,0,0,0
54.0,0,70508.02,11,62770.15,502.0,1,429567.59,1,0,0,1,0,0,0,0,0,1,0,2025,3,13,3,0,0,0,0
29.0,0,89323.09,12,42134.65,545.0,1,207271.5,0,0,0,0,0,1,0,0,0,0,0,2025,3,14,4,0,0,0,0
26.0,0,17345.32,25,30100.41,667.0,1,227916.07,0,0,0,0,0,0,0,1,0,0,0,2025,3,15,5,0,0,0,0
74.0,0,97978.7,14,26402.85,370.0,0,370334.55,0,0,0,0,0,1,1,0,0,0,0,2025,3,16,6,0,1,0,0
63.0,1,120453.45,34,9324.19,560.0,1,183652.12,0,0,0,0,0,0,1,0,0,0,0,2025,3,17,0,0,1,0,0
36.0,0,45123.69,29,39841.21,391.0,0,53075.94,0,0,0,0,0,1,0,0,1,0,0,2025,3,18,1,0,1,0,0
25.0,0,54862.83,7,65493.9,525.0,1,170188.29,1,0,0,0,0,0,0,1,0,0,0,2025,3,19,2,0,0,0,1
33.0,1,105657.39,18,43251.86,425.0,1,2929.62,1,0,0,0,0,0,0,0,0,0,0,2025,3,20,3,1,0,0,0
23.0,1,124780.52,9,53218.15,515.0,1,235723.99,0,0,0,0,1,0,1,0,0,0,0,2025,3,21,4,1,0,0,0
28.0,0,102811.52,21,31392.36,574.3770154373927,1,90577.1,0,0,1,0,0,0,0,0,0,0,0,2025,3,22,5,0,1,0,0
40.0,0,124822.63,34,37825.15,842.0,1,339080.88,0,0,0,0,1,0,0,0,0,0,0,2025,3,23,6,0,1,0,0
49.0,0,11134.52,28,26276.67,686.0,1,376830.87,1,0,0,0,1,0,0,0,0,1,0,2025,3,24,0,0,1,0,0
67.0,1,85476.32999999999,4,80468.22,734.0,1,183369.01,0,0,0,0,0,0,0,1,0,0,0,2025,3,25,1,0,0,0,1
69.0,0,85476.32999999999,34,27089.53,610.0,1,132200.42,0,0,0,0,0,1,0,1,0,0,0,2025,3,26,2,0,0,0,0
33.0,0,95862.09,30,60344.44,463.0,0,247704.90777003483,0,0,1,0,0,0,0,0,1,0,0,2025,3,27,3,0,0,0,1
49.0,1,77534.28,9,24510.55,428.0,0,122971.04,0,0,0,0,0,1,0,1,0,0,0,2025,3,28,4,0,0,1,0
59.0,1,55598.18,24,24138.25,611.0,1,284215.8,0,0,1,0,0,0,0,0,1,0,0,2025,3,29,5,1,0,0,0
20.0,0,79764.14,16,2890.1,527.0,1,329533.29,1,0,0,0,0,0,0,0,0,0,1,2025,3,30,6,0,1,0,0
43.0,1,41486.87,32,21103.66,452.0,0,398226.86,1,0,1,0,0,0,1,0,0,0,0,2025,3,31,0,0,0,0,1
21.0,0,61809.3,12,33718.24,766.0,1,139219.91,0,0,1,0,0,0,0,0,0,1,0,2025,1,4,5,0,0,0,0
29.0,0,27131.9,2,47469.11,354.0,1,303042.61,0,0,0,0,0,0,0,0,0,1,0,2025,2,4,1,0,0,1,0
47.0,1,36911.07,29,50518.81,459.0,1,321963.62,0,0,1,0,0,0,0,0,0,1,0,2025,3,4,1,0,0,1,0
21.0,1,84804.29,23,11445.35,673.0,1,142528.86,0,0,0,0,1,0,0,0,0,1,0,2025,4,4,4,1,0,0,0
68.0,0,113479.86,20,48986.82,426.0,1,128974.18,1,0,0,1,0,0,1,0,0,0,0,2025,5,4,6,1,0,0,0
64.0,1,64548.91,9,28310.68,621.0,1,374162.75,1,0,0,0,0,1,0,1,0,0,0,2025,6,4,2,0,0,0,1
51.0,0,73215.46,0,34798.72,810.0,1,140315.06,1,0,0,0,0,0,0,0,1,0,0,2025,7,4,4,0,0,1,0
35.0,1,137370.97,21,34281.07,839.0,1,208694.87,0,0,1,0,0,0,0,0,0,0,1,2025,8,4,0,0,0,0,1
46.22862068965517,0,34212.34,24,36733.7,827.0,0,385615.82,0,0,0,0,1,0,0,0,1,0,0,2025,9,4,3,1,0,0,0
54.0,1,52409.04,11,37578.25,490.0,1,127590.18,1,0,0,0,0,1,0,1,0,0,0,2025,10,4,5,1,0,0,0
65.0,0,85554.6,19,34798.72,738.0,0,167076.57,0,0,1,0,0,0,0,0,1,0,0,2025,11,4,1,0,1,0,0
69.0,0,75262.65,10,56064.17,471.0,0,247704.90777003483,1,0,0,0,0,1,0,1,0,0,0,2025,12,4,3,1,0,0,0
25.0,0,96278.29,28,25477.3,416.0,1,174301.0,0,0,0,0,1,0,0,0,0,1,0,2025,4,13,6,0,0,0,1
19.0,0,73100.66,1,11123.14,756.0,1,309784.89,1,0,0,0,0,1,0,0,1,0,0,2025,4,14,0,0,0,1,0
42.0,1,127400.83,24,47259.07,844.0,1,405989.01,0,0,0,0,0,1,0,0,0,0,0,2025,4,15,1,0,0,0,1
24.0,1,88485.15,31,31503.59,479.0,0,355475.07,1,0,0,1,0,0,0,0,0,0,0,2025,4,16,2,0,0,0,1
18.0,1,119059.12,6,10321.11,307.0,1,272838.42,0,0,0,0,0,0,0,0,0,1,0,2025,4,17,3,0,0,0,1
39.0,1,83828.64,0,34798.72,681.0,1,131495.34,0,0,1,0,0,0,0,0,0,1,0,2025,4,18,4,0,0,1,0
41.0,0,51594.32,21,35006.12,447.0,1,247704.90777003483,0,0,1,0,0,0,0,1,0,0,0,2025,4,19,5,0,1,0,0
54.0,0,85476.32999999999,11,46290.44,782.0,1,134685.86,0,0,1,0,0,0,0,0,1,0,0,2025,4,20,6,0,1,0,0
66.0,1,97573.6,15,32287.1,454.0,0,187207.81,0,0,0,0,0,0,1,0,0,0,0,2025,4,21,0,1,0,0,0
72.0,1,70678.93,27,11813.07,446.0,1,164820.92,0,0,1,0,0,0,0,1,0,0,0,2025,4,22,1,0,0,0,0
62.0,1,45476.59,32,55698.49,836.0,0,336842.61,0,0,0,1,0,0,1,0,0,0,0,2025,4,23,2,0,0,1,0
72.0,1,38252.36,23,11426.6,774.0,1,190599.67,1,0,0,0,0,1,0,0,0,1,0,2025,4,24,3,0,1,0,0
37.0,1,68279.11,15,11953.65,424.0,0,263836.37,0,0,0,0,0,1,0,0,1,0,0,2025,4,25,4,0,0,1,0
64.0,1,67257.12,21,57057.71,740.0,1,162504.12,0,0,0,0,1,0,1,0,0,0,0,2025,4,26,5,1,0,0,0
46.22862068965517,0,80140.9,13,68599.64,528.0,0,329112.72,1,0,0,0,0,1,1,0,0,0,0,2025,4,27,6,1,0,0,0
74.0,0,80389.53,31,57825.31,737.0,0,393474.71,0,0,1,0,0,0,0,0,0,1,0,2025,4,28,0,0,0,0,0
58.0,1,73420.52,12,30412.07,596.0,1,390333.67,1,1,0,0,0,0,1,0,0,0,0,2025,4,29,1,0,0,0,0
20.0,0,55108.89,29,45484.84,485.0,1,247348.49,0,0,0,0,1,0,1,0,0,0,0,2025,4,30,2,1,0,0,0
46.0,0,113640.04,9,34071.5,527.0,1,140132.8,0,0,0,0,1,0,0,0,0,0,0,2025,1,5,6,0,1,0,0
26.0,0,116842.34,26,55415.88,308.0,0,358305.03,1,0,0,1,0,0,1,0,0,0,0,2025,2,5,2,0,0,0,0
23.0,0,116711.11,32,78207.05,749.0,1,249122.2,0,0,0,0,0,0,0,1,0,0,0,2025,3,5,2,0,0,0,1
67.0,1,104692.48,34,19052.11,308.0,0,243846.85,0,0,0,1,0,0,0,0,0,0,0,2025,4,5,5,0,0,1,0
70.0,1,94960.52,14,26552.07,540.0,0,134227.05,0,0,0,0,0,0,0,0,0,0,0,2025,5,5,0,0,0,0,1
35.0,1,177688.6,24,45251.63,335.0,1,257710.36,1,0,0,0,1,0,0,0,0,1,0,2025,6,5,3,0,0,1,0
46.22862068965517,0,104916.09,1,39540.98,588.0,1,337117.75,0,0,1,0,0,0,1,0,0,0,0,2025,7,5,5,0,1,0,0
62.0,0,68321.2,1,21352.64,387.0,1,583038.21,0,0,0,0,1,0,0,0,0,1,0,2025,8,5,1,0,0,0,1
28.0,0,40544.08,17,34798.72,666.0,1,294269.05,0,0,1,0,0,0,0,0,1,0,0,2025,9,5,4,0,0,1,0
20.0,1,110099.02,8,40755.68,432.0,1,247704.90777003483,1,0,1,0,0,0,0,0,1,0,0,2025,10,5,6,0,1,0,0
56.0,1,81792.08,32,39534.37,468.0,1,203605.39,0,0,0,0,0,0,0,1,0,0,0,2025,11,5,2,1,0,0,0
31.0,1,68142.28,15,34798.72,452.0,0,274443.09,0,0,0,0,0,0,0,0,0,1,0,2025,12,5,4,1,0,0,0
61.0,0,91156.09,9,50292.04,450.0,0,125590.97,0,0,0,1,0,0,0,1,0,0,0,2025,5,13,1,0,0,1,0
74.0,0,55388.79,26,14429.79,691.0,1,403378.86,1,0,0,0,0,1,0,0,1,0,0,2025,5,14,2,1,0,0,0
24.0,1,62271.23,33,24429.64,701.0,0,133719.84,0,0,0,0,1,0,0,0,1,0,0,2025,5,15,3,0,0,0,1
53.0,0,56351.93,25,31428.24,385.0,0,169411.29,1,0,0,1,0,0,1,0,0,0,0,2025,5,16,4,0,0,1,0
42.0,0,67380.59,10,33489.55,313.0,1,32910.51,0,0,0,0,1,0,0,0,0,1,0,2025,5,17,5,0,1,0,0
52.0,0,109881.8,15,9266.57,776.0,0,352860.12,0,0,1,0,0,0,0,0,1,0,0,2025,5,18,6,0,1,0,0
72.0,1,54845.64,5,20987.16,395.0,1,413957.3,0,0,0,1,0,0,0,0,1,0,0,2025,5,19,0,0,0,0,0
63.0,0,98383.29,29,36445.06,600.0,1,372165.8,0,0,0,0,1,0,1,0,0,0,0,2025,5,20,1,0,0,0,1
51.0,0,77497.13,7,45721.46,701.0,1,105745.77,0,0,0,0,0,1,1,0,0,0,0,2025,5,21,2,0,0,0,0
73.0,1,36167.22,16,22475.08,810.0,1,387602.96,1,0,0,0,0,0,0,1,0,0,0,2025,5,22,3,1,0,0,0
46.22862068965517,0,121854.34,0,23506.34,535.0,1,232588.55,1,0,0,0,0,1,1,0,0,0,0,2025,5,23,4,0,0,0,0
66.0,0,107457.88,6,65326.56,338.0,0,173022.46,0,0,0,0,1,0,0,0,0,0,0,2025,5,24,5,1,0,0,0
26.0,1,60470.52,20,3570.72,596.0,0,467335.12,0,0,0,0,0,1,0,0,0,1,0,2025,5,25,6,0,0,1,0
70.0,1,91782.49,33,17425.71,309.0,1,414475.42,1,0,0,1,0,0,0,0,1,0,0,2025,5,26,0,0,0,0,1
33.0,1,53988.15,19,45638.0,442.0,0,615195.33,0,0,0,0,0,1,1,0,0,0,0,2025,5,27,1,0,1,0,0
53.0,0,108729.19,22,16526.86,751.0,0,375056.87,0,0,0,1,0,0,0,0,1,0,0,2025,5,28,2,1,0,0,0
72.0,0,91281.22,22,41150.86,480.0,1,85834.11,0,0,0,0,0,1,0,0,1,0,0,2025,5,29,3,0,1,0,0
73.0,0,96979.57,10,35236.42,323.0,1,505430.44,0,0,0,0,0,1,0,0,1,0,0,2025,5,30,4,0,0,0,0
22.0,1,56576.37,26,43664.82,484.0,1,242564.66,0,0,0,1,0,0,0,0,0,1,0,2025,5,31,5,0,0,1,0
51.0,0,82387.24,5,34798.72,519.0,1,264576.19,0,0,1,0,0,0,1,0,0,0,0,2025,1,6,0,1,0,0,0
68.0,1,72299.09,30,26234.72,815.0,0,448476.59,0,0,0,0,0,1,1,0,0,0,0,2025,2,6,3,0,0,0,0
50.0,1,77597.52,0,44679.17,314.0,1,301549.47,1,0,0,0,1,0,1,0,0,0,0,2025,3,6,3,0,1,0,0
21.0,1,86109.85,19,32731.45,497.0,0,394508.49,0,0,1,0,0,0,1,0,0,0,0,2025,4,6,6,0,0,0,0
49.0,1,21284.74,28,47870.35,684.0,1,282375.2,0,0,0,0,1,0,1,0,0,0,0,2025,5,6,1,1,0,0,0
51.0,0,91481.86,34,29478.11,674.0,1,301140.92,0,0,0,0,1,0,0,0,1,0,0,2025,6,6,4,1,0,0,0
46.22862068965517,0,76615.87,2,44752.44,815.0,1,214838.14,0,0,0,0,0,1,0,0,0,0,0,2025,7,6,6,1,0,0,0
18.0,0,61017.75,2,37911.35,735.0,1,61083.39,0,0,0,0,0,1,0,0,0,1,0,2025,8,6,2,0,0,0,0
30.0,0,134800.2,25,28276.79,773.0,0,138677.39,0,0,1,0,0,0,0,1,0,0,0,2025,9,6,5,1,0,0,0
69.0,1,133711.25,30,62918.89,458.0,0,270444.79,0,0,0,0,0,0,0,0,1,0,0,2025,10,6,0,0,0,0,0
44.0,0,40384.22,22,34202.62,796.0,1,96678.88,0,0,0,0,0,1,0,1,0,0,0,2025,11,6,3,0,1,0,0
48.0,1,58205.67,31,20619.01,349.0,0,300466.63,0,0,0,0,0,0,0,1,0,0,0,2025,12,6,5,0,0,0,1
27.0,0,108645.28,10,34798.72,711.0,0,294224.95,0,0,1,0,0,0,0,0,0,0,0,2025,6,13,4,0,0,0,1
48.0,0,64664.96,5,35634.0,768.0,1,378488.63,0,0,0,1,0,0,0,1,0,0,0,2025,6,14,5,0,0,0,1
34.0,1,80312.74,9,35694.57,417.0,1,255362.75,1,0,0,1,0,0,0,1,0,0,0,2025,6,15,6,0,0,1,0
40.0,0,74871.39,5,38955.95,414.0,1,334252.43,0,0,0,0,0,1,0,0,0,0,0,2025,6,16,0,0,0,0,1
45.0,0,93461.92,31,26181.41,612.0,0,16956.07,0,0,0,0,0,1,0,1,0,0,0,2025,6,17,1,0,0,1,0
46.22862068965517,0,70830.93,11,27943.61,322.0,1,190345.72,1,0,1,0,0,0,0,0,0,0,0,2025,6,18,2,1,0,0,0
18.0,0,85476.32999999999,21,10523.9,567.0,1,247704.90777003483,0,0,0,0,0,1,0,0,0,0,0,2025,6,19,3,0,1,0,0
56.0,1,78541.74,15,21623.51,489.0,1,223183.86,0,0,0,0,0,0,0,0,1,0,0,2025,6,20,4,0,0,1,0
73.0,1,69508.61,0,34798.72,422.0,1,272519.66,1,0,0,0,0,1,0,0,0,0,0,2025,6,21,5,1,0,0,0
52.0,1,91137.61,8,31648.19,580.0,1,131270.02,0,0,0,0,0,1,0,0,0,1,0,2025,6,22,6,0,0,1,0
25.0,1,70815.3,27,38604.22,658.0,1,212162.37,0,0,0,0,1,0,0,0,0,1,0,2025,6,23,0,1,0,0,0
44.0,0,46646.98,11,37658.39,427.0,1,153745.02,1,0,0,0,0,1,1,0,0,0,0,2025,6,24,1,0,0,0,0
61.0,1,82220.47,9,38312.78,466.0,1,356086.1,0,0,1,0,0,0,0,0,1,0,0,2025,6,25,2,0,0,1,0
28.0,1,55408.32,6,28227.19,842.0,1,152244.34,0,0,1,0,0,0,0,0,1,0,0,2025,6,26,3,0,0,1,0
67.0,1,101059.85,13,34798.72,675.0,0,93503.44,0,0,0,0,0,1,1,0,0,0,0,2025,6,27,4,0,0,0,0
51.0,1,79851.58,3,47733.94,402.0,0,157334.49,0,0,0,1,0,0,0,0,1,0,0,2025,6,28,5,0,0,0,1
30.0,0,73636.74,32,40049.69,487.0,1,218513.61,0,0,0,0,0,1,1,0,0,0,0,2025,6,29,6,0,0,0,1
71.0,1,122882.37,25,51044.95,301.0,1,371805.22,0,0,0,0,0,1,0,1,0,0,0,2025,6,30,0,0,0,0,1
25.0,0,85476.32999999999,15,13930.47,842.0,1,321362.03,0,0,0,0,1,0,0,0,1,0,0,2025,1,7,1,0,0,1,0
35.0,0,86449.41,33,56987.76,730.0,1,243916.88,0,0,0,0,0,0,0,0,1,0,0,2025,2,7,4,0,0,0,1
54.0,1,125028.67,6,43094.79,501.0,0,312472.2,0,0,0,0,0,0,0,0,0,1,0,2025,3,7,4,1,0,0,0
44.0,0,107743.96,13,23813.29,724.0,1,211091.34,0,0,0,0,1,0,0,1,0,0,0,2025,4,7,0,0,0,0,0
41.0,0,99423.74,21,25303.77,449.0,1,171603.02,1,0,0,0,0,0,0,0,1,0,0,2025,5,7,2,0,0,0,0
21.0,0,107152.33,3,39811.04,366.0,1,247704.90777003483,0,0,0,0,0,1,0,0,1,0,0,2025,6,7,5,1,0,0,0
28.0,1,82153.13,14,41773.65,586.0,1,388205.88,0,0,0,0,1,0,0,1,0,0,0,2025,7,7,0,0,0,1,0
22.0,0,78346.57,7,18515.79,612.0,0,328557.49,1,0,0,0,0,1,0,0,0,1,0,2025,8,7,3,0,1,0,0
20.0,1,42305.67,20,33912.63,761.0,1,265385.51,0,0,0,0,0,1,0,1,0,0,0,2025,9,7,6,0,1,0,0
29.0,1,60012.05,3,45018.57,537.0,1,387265.98,0,0,0,0,1,0,1,0,0,0,0,2025,10,7,1,0,1,0,0
61.0,0,65699.99,15,16766.07,585.0,0,328147.17,0,0,0,1,0,0,0,0,0,0,1,2025,11,7,4,0,0,0,0
53.0,0,115508.48,18,57162.5,320.0,1,265471.11,1,0,0,0,1,0,0,0,0,0,0,2025,12,7,6,0,0,0,0
21.0,0,60842.43,28,48936.2,357.0,0,187185.45,0,0,0,0,0,0,0,0,0,1,0,2025,7,13,6,0,1,0,0
33.0,0,91884.0,3,24849.69,524.0,0,107415.15,0,0,0,0,1,0,0,0,0,0,0,2025,7,14,0,0,0,0,1
70.0,0,96019.48,17,34710.27,617.0,0,392478.14,0,0,0,0,0,1,1,0,0,0,0,2025,7,15,1,0,0,0,0
72.0,0,95565.98,2,31707.49,817.0,1,439467.96,0,0,0,0,0,1,0,0,0,0,0,2025,7,16,2,0,0,1,0
62.0,0,115148.5,2,38770.81,523.0,0,228988.85,0,0,0,1,0,0,0,1,0,0,0,2025,7,17,3,0,0,0,1
41.0,1,46774.42,34,57986.4,740.0,1,365408.65,1,0,1,0,0,0,1,0,0,0,0,2025,7,18,4,0,0,0,0
60.0,1,130070.3,25,20861.86,610.0,0,426762.05,1,0,0,0,0,1,0,1,0,0,0,2025,7,19,5,0,0,0,1
53.0,1,52778.8,11,24750.03,735.0,1,301981.09,0,0,0,0,0,1,0,0,0,0,0,2025,7,20,6,0,0,0,1
45.0,0,77881.84,20,23004.94,527.0,1,180409.97,0,0,1,0,0,0,0,0,0,1,0,2025,7,21,0,0,1,0,0
50.0,1,100702.13,6,54369.57,594.0,1,400646.9,0,0,0,0,1,0,0,0,1,0,0,2025,7,22,1,0,0,0,1
44.0,1,75779.44,2,50525.11,509.0,1,224747.36,0,0,0,0,0,1,0,0,0,0,0,2025,7,23,2,0,0,0,1
46.0,0,51412.07,0,35055.67,377.0,1,419267.34,0,0,0,1,0,0,0,0,1,0,0,2025,7,24,3,0,1,0,0
28.0,0,16544.01,30,51692.79,508.0,1,353064.37,1,0,0,0,0,0,0,1,0,0,0,2025,7,25,4,0,1,0,0
40.0,0,78676.17,3,60744.81,760.0,0,338727.17,0,0,0,1,0,0,0,0,0,0,0,2025,7,26,5,0,0,1,0
51.0,1,129108.52,12,58379.42,669.0,0,247704.90777003483,0,0,0,0,1,0,1,0,0,0,0,2025,7,27,6,0,0,1,0
43.0,0,122914.07,29,39748.16,828.0,1,162381.3,0,0,1,0,0,0,0,0,0,0,0,2025,7,28,0,0,0,1,0
29.0,1,19853.14,34,45710.77,340.0,0,250071.25,0,0,1,0,0,0,0,1,0,0,0,2025,7,29,1,0,0,0,1
74.0,0,94157.08,18,49741.29,649.0,1,171559.82,1,0,0,0,0,1,0,1,0,0,0,2025,7,30,2,0,1,0,0
35.0,0,95661.32,27,45977.42,847.0,0,12705.49,0,0,0,0,0,1,0,1,0,0,0,2025,7,31,3,0,0,1,0
23.0,0,50799.72,8,46117.03,588.0,1,39538.83,0,0,0,0,0,0,0,0,0,1,0,2025,1,8,2,0,0,1,0
46.22862068965517,0,52125.87,29,18836.1,666.0,1,162588.98,0,0,0,1,0,0,1,0,0,0,0,2025,2,8,5,0,0,0,1
73.0,0,65138.74,28,37925.24,690.0,1,221874.07,1,1,0,0,0,0,0,0,0,0,0,2025,3,8,5,1,0,0,0
54.0,1,57547.44,28,36383.21,736.0,0,537234.2,0,0,1,0,0,0,0,0,0,0,1,2025,4,8,1,0,0,0,0
32.0,0,68852.0,20,60392.92,710.0,1,240745.01,0,0,1,0,0,0,0,1,0,0,0,2025,5,8,3,0,0,0,0
70.0,1,57938.02,0,27040.19,811.0,0,310971.46,0,0,0,0,0,1,1,0,0,0,0,2025,6,8,6,0,0,1,0
63.0,0,85476.32999999999,26,42548.99,740.0,0,224595.38,0,0,0,0,0,1,1,0,0,0,0,2025,7,8,1,0,0,0,0
46.22862068965517,0,63641.81,33,1602.38,479.0,1,40425.73,0,1,0,0,0,0,1,0,0,0,0,2025,8,8,4,1,0,0,0
31.0,0,66474.05,28,29955.72,515.0,0,337749.93,1,0,1,0,0,0,1,0,0,0,0,2025,9,8,0,0,1,0,0
43.0,0,25814.94,10,36901.56,377.0,0,217071.06,0,0,0,0,0,1,0,0,0,1,0,2025,10,8,2,0,0,0,0
40.0,1,79882.75,9,32145.54,448.0,1,337794.35,0,0,1,0,0,0,0,0,1,0,0,2025,11,8,5,0,0,0,1
71.0,0,63769.8,0,41745.58,419.0,1,396784.11,1,0,0,0,1,0,1,0,0,0,0,2025,12,8,0,1,0,0,0
58.0,1,36529.58,15,41294.78,803.0,1,373470.82,0,0,0,0,0,1,0,0,0,0,0,2025,8,13,2,0,0,0,1
29.0,1,57691.47,28,13613.35,626.0,1,239261.31,0,0,0,0,1,0,0,1,0,0,0,2025,8,14,3,0,0,0,0
70.0,0,79413.84,29,36450.58,560.0,0,271852.6,0,0,0,1,0,0,0,0,0,1,0,2025,8,15,4,0,0,0,1
36.0,0,85476.32999999999,8,38344.2,353.0,1,186068.99,1,0,0,0,0,1,0,0,1,0,0,2025,8,16,5,0,0,1,0
42.0,0,131963.43,24,39455.86,355.0,1,143806.67,0,0,1,0,0,0,0,0,1,0,0,2025,8,17,6,0,0,1,0
36.0,0,164774.61,0,25691.96,525.0,0,219356.41,1,0,0,1,0,0,0,1,0,0,0,2025,8,18,0,0,0,1,0
52.0,1,78101.51,19,50625.04,651.0,1,165259.54,1,0,0,0,0,1,0,1,0,0,0,2025,8,19,1,0,0,0,0
25.0,0,85476.32999999999,24,40335.3,391.0,1,123140.33,0,0,0,0,1,0,0,1,0,0,0,2025,8,20,2,0,0,0,0
37.0,0,85717.61,9,42218.16,647.0,0,-24509.05,0,0,1,0,0,0,1,0,0,0,0,2025,8,21,3,0,0,1,0
73.0,0,60071.73,17,18057.12,751.0,1,185487.72,0,0,0,0,1,0,0,0,0,1,0,2025,8,22,4,0,1,0,0
29.0,1,84704.48,34,29442.5,356.0,1,134178.53,0,0,0,0,0,1,0,0,0,0,0,2025,8,23,5,0,0,0,0
37.0,0,108379.78,17,40364.87,679.0,1,311766.04,1,0,0,0,0,1,0,0,0,1,0,2025,8,24,6,0,0,0,1
71.0,1,88820.05,2,28586.01,618.0,0,304942.39,0,0,0,1,0,0,1,0,0,0,0,2025,8,25,0,1,0,0,0
44.0,0,91985.18,18,42453.28,404.0,1,346617.66,1,0,0,0,0,1,0,0,0,0,0,2025,8,26,1,0,1,0,0
71.0,0,82427.57,4,24302.92,431.0,0,194062.31,0,0,0,0,1,0,0,1,0,0,0,2025,8,27,2,0,1,0,0
52.0,0,57058.82,34,15724.12,571.0,1,-26232.93,0,0,0,0,1,0,1,0,0,0,0,2025,8,28,3,0,0,0,0
73.0,0,52103.32,32,34798.72,475.0,1,64708.08,1,1,0,0,0,0,0,0,1,0,0,2025,8,29,4,0,0,1,0
46.22862068965517,0,47985.42,30,34798.72,396.0,1,426005.57,0,0,1,0,0,0,0,0,1,0,0,2025,8,30,5,0,0,0,1
73.0,1,103775.39,10,19813.2,530.0,1,35868.47,0,0,1,0,0,0,1,0,0,0,0,2025,8,31,6,0,1,0,0
55.0,0,73991.7,29,43739.81,365.0,1,-40679.09,0,0,0,0,1,0,0,1,0,0,0,2025,1,9,3,0,1,0,0
69.0,1,85476.32999999999,15,54699.18,805.0,1,259425.55,0,0,0,0,1,0,0,0,0,1,0,2025,2,9,6,1,0,0,0
61.0,0,69282.94,28,23947.78,574.3770154373927,1,77646.0,1,0,0,0,1,0,0,0,0,0,0,2025,3,9,6,1,0,0,0
49.0,0,75151.9,16,34798.72,816.0,0,143434.73,0,0,1,0,0,0,0,0,1,0,0,2025,4,9,2,1,0,0,0
46.22862068965517,0,94274.81,23,24460.42,791.0,1,178076.7,0,0,0,0,0,0,0,1,0,0,0,2025,5,9,4,0,0,1,0
35.0,1,82762.82,21,18485.43,809.0,1,247704.90777003483,0,0,0,0,0,0,0,1,0,0,0,2025,6,9,0,1,0,0,0
41.0,1,51797.65,20,24813.11,492.0,1,70408.56,0,0,0,0,0,1,0,1,0,0,0,2025,7,9,2,0,0,1,0
40.0,0,54650.03,15,40457.97,474.0,1,-7280.05,0,0,0,0,0,0,0,1,0,0,0,2025,8,9,5,0,0,0,1
60.0,0,92022.94,3,72143.58,417.0,1,57182.89,0,0,0,1,0,0,0,0,1,0,0,2025,9,9,1,0,0,0,0
34.0,1,21651.98,24,32375.37,380.0,1,23483.06,1,0,0,0,1,0,0,0,1,0,0,2025,10,9,3,0,0,1,0
66.0,0,108177.15,9,52516.99,381.0,1,215974.92,0,0,0,0,0,1,0,0,0,0,0,2025,11,9,6,0,0,0,0
36.0,0,93649.91,30,24170.39,430.0,1,349396.22,1,0,1,0,0,0,0,0,0,1,0,2025,12,9,1,0,0,0,0
49.0,1,85936.3,17,34798.72,650.0,1,225527.29,0,0,0,0,0,1,0,0,1,0,0,2025,9,13,5,0,1,0,0
61.0,0,110233.15,1,47685.08,500.0,1,210562.07,0,0,0,0,1,0,0,1,0,0,0,2025,9,14,6,0,1,0,0
31.0,0,80281.79,10,5308.03,574.3770154373927,1,181490.78,1,0,0,0,1,0,1,0,0,0,0,2025,9,15,0,0,0,0,0
71.0,1,114962.46,14,56293.58,342.0,1,141699.12,0,0,1,0,0,0,0,1,0,0,0,2025,9,16,1,1,0,0,0
48.0,1,104595.7,22,34827.14,727.0,0,285145.69,0,0,0,0,0,1,1,0,0,0,0,2025,9,17,2,0,0,0,0
50.0,1,75579.57,22,35219.83,766.0,1,89430.35,0,0,0,0,1,0,1,0,0,0,0,2025,9,18,3,0,0,1,0
35.0,0,59658.58,23,68412.25,485.0,1,225080.11,1,0,0,0,1,0,0,1,0,0,0,2025,9,19,4,1,0,0,0
58.0,1,90287.77,13,29955.64,368.0,1,212472.36,0,0,0,0,0,0,1,0,0,0,0,2025,9,20,5,0,0,1,0
29.0,0,78192.21,2,26734.6,596.0,1,226343.08,0,0,0,0,0,0,0,1,0,0,0,2025,9,21,6,0,0,0,1
33.0,1,67647.3,7,25632.39,425.0,1,315062.74,1,0,0,0,0,1,1,0,0,0,0,2025,9,22,0,0,0,0,1
24.0,1,82856.98,21,22154.34,440.0,1,344613.48,1,0,0,0,0,0,0,0,0,0,0,2025,9,23,1,1,0,0,0
69.0,0,62464.88,23,52898.58,785.0,1,27284.11,0,0,0,0,0,1,0,0,0,0,0,2025,9,24,2,0,0,0,0
31.0,1,141915.46,11,34798.72,308.0,1,235046.61,0,1,0,0,0,0,0,0,0,1,0,2025,9,25,3,1,0,0,0
48.0,1,80514.25,6,6122.45,613.0,1,154722.92,0,0,0,0,1,0,1,0,0,0,0,2025,9,26,4,1,0,0,0
56.0,1,125266.99,28,22450.4,822.0,0,351087.29,0,0,1,0,0,0,0,0,1,0,0,2025,9,27,5,0,0,0,0
55.0,0,106050.17,7,20377.29,493.0,1,308669.43,0,0,1,0,0,0,0,0,1,0,0,2025,9,28,6,1,0,0,0
48.0,1,139840.7,11,66119.37,760.0,1,247704.90777003483,1,0,0,0,1,0,1,0,0,0,0,2025,9,29,0,0,1,0,0
67.0,0,94092.61,14,21794.26,738.0,0,212344.71,0,1,0,0,0,0,0,0,0,0,0,2025,9,30,1,0,0,0,1
34.0,1,50253.52,22,36264.5,334.0,1,363941.76,0,0,0,1,0,0,0,0,0,1,0,2025,1,10,4,0,0,0,0
36.0,1,96617.36,20,12862.09,680.0,1,350980.96,0,0,0,0,1,0,0,1,0,0,0,2025,2,10,0,0,1,0,0
48.0,1,119172.51,8,37788.2,350.0,1,71315.53,1,0,0,0,0,1,0,0,1,0,0,2025,3,10,0,0,0,0,1
28.0,1,42476.53,10,39748.52,631.0,1,45285.55,0,0,0,1,0,0,0,0,1,0,0,2025,4,10,3,1,0,0,0
63.0,1,96422.74,11,29448.63,515.0,1,241870.7,0,0,0,0,1,0,0,1,0,0,0,2025,5,10,5,0,0,0,0
49.0,0,141166.63,5,40082.69,747.0,0,134277.45,0,0,0,0,1,0,0,1,0,0,0,2025,6,10,1,0,0,0,1
64.0,0,108402.28,19,29398.42,623.0,1,270381.59,0,0,0,0,1,0,0,0,1,0,0,2025,7,10,3,1,0,0,0
64.0,0,131719.77,13,35440.1,542.0,1,67633.92,0,0,1,0,0,0,0,0,0,1,0,2025,8,10,6,0,0,0,0
55.0,0,80088.81,11,34919.91,303.0,1,275113.1,0,0,0,0,0,0,0,0,0,1,0,2025,9,10,2,0,0,0,1
46.22862068965517,1,55100.53,19,19768.95,415.0,1,133346.74,1,0,0,0,1,0,1,0,0,0,0,2025,10,10,4,0,1,0,0
36.0,1,93160.19,17,66960.06,334.0,1,320912.86,0,0,0,0,0,1,0,0,0,1,0,2025,11,10,0,1,0,0,0
20.0,1,86772.4,10,24973.32,308.0,0,219543.1,0,0,1,0,0,0,1,0,0,0,0,2025,12,10,2,0,0,0,0
35.0,1,113048.56,21,27541.1,826.0,0,306057.4,0,0,1,0,0,0,0,0,1,0,0,2025,10,13,0,0,0,0,1
63.0,1,87450.59,27,18708.93,591.0,0,132532.43,1,0,0,0,0,1,0,0,0,1,0,2025,10,14,1,1,0,0,0
46.22862068965517,1,65368.2,9,47147.22,803.0,1,274981.41,0,0,0,0,0,1,1,0,0,0,0,2025,10,15,2,0,0,0,1
33.0,1,99071.3,31,34798.72,300.0,1,81120.29,1,0,0,0,0,1,1,0,0,0,0,2025,10,16,3,1,0,0,0
55.0,0,109801.55,18,14271.61,356.0,1,189488.26,0,1,0,0,0,0,0,0,0,0,0,2025,10,17,4,1,0,0,0
24.0,1,23906.83,9,21804.25,427.0,0,189281.08,1,0,0,0,1,0,0,0,1,0,0,2025,10,18,5,0,0,0,0
53.0,1,39902.99,21,22593.7,808.0,1,247704.90777003483,0,0,1,0,0,0,1,0,0,0,0,2025,10,19,6,0,0,0,0
34.0,1,105445.62,28,47032.53,355.0,1,209982.4,0,0,0,0,1,0,0,1,0,0,0,2025,10,20,0,1,0,0,0
42.0,1,85476.32999999999,29,52411.72,558.0,1,-22020.08,0,0,0,0,0,0,0,0,0,1,0,2025,10,21,1,1,0,0,0
24.0,1,62696.63,9,26232.06,453.0,1,259398.61,0,0,0,1,0,0,0,0,0,0,0,2025,10,22,2,0,0,0,1
30.0,0,22603.14,18,41091.68,483.0,0,224648.14,1,0,0,0,0,1,0,1,0,0,0,2025,10,23,3,1,0,0,0
39.0,0,27298.94,20,28439.7,798.0,0,334996.47,0,0,0,1,0,0,0,1,0,0,0,2025,10,24,4,0,0,1,0
31.0,0,84461.57,13,38373.52,593.0,1,48124.03,0,0,0,0,0,0,0,0,0,1,0,2025,10,25,5,0,0,0,1
45.0,0,55454.94,3,44874.67,396.0,1,366364.1,0,0,0,1,0,0,0,1,0,0,0,2025,10,26,6,0,0,0,0
67.0,0,118175.81,24,38135.34,594.0,0,33072.73,0,0,0,0,0,0,0,0,1,0,0,2025,10,27,0,0,0,0,0
70.0,1,74185.37,31,21815.35,784.0,1,347052.8,0,0,0,0,0,1,0,0,0,1,0,2025,10,28,1,0,0,0,1
70.0,1,61418.43,4,40860.23,441.0,0,316580.64,0,0,1,0,0,0,0,1,0,0,0,2025,10,29,2,0,0,0,1
67.0,1,66053.02,1,21638.45,535.0,0,238511.51,0,0,0,0,0,0,0,0,0,0,0,2025,10,30,3,0,0,0,1
59.0,0,45312.17,15,22223.3,845.0,1,413522.64,1,1,0,0,0,0,0,0,0,1,0,2025,10,31,4,0,1,0,0
60.0,0,76817.13,30,49863.4,303.0,1,46359.71,0,0,0,0,0,1,0,0,0,1,0,2025,1,11,5,0,0,1,0
18.0,0,91895.5,1,30307.95,800.0,1,208175.28,0,0,0,0,1,0,0,0,0,0,0,2025,2,11,1,0,0,0,1
23.0,0,28155.8,23,2964.66,558.0,1,271430.47,0,0,0,1,0,0,0,0,0,0,1,2025,3,11,1,0,1,0,0
41.0,1,103555.24,31,38053.05,833.0,0,360560.8,0,0,0,1,0,0,0,1,0,0,0,2025,4,11,4,0,0,1,0
43.0,1,97855.16,5,40445.41,780.0,1,289809.16,0,0,0,0,0,0,1,0,0,0,0,2025,5,11,6,0,0,0,0
35.0,1,68339.33,30,22740.73,798.0,1,194363.65,0,0,0,1,0,0,1,0,0,0,0,2025,6,11,2,0,0,0,1
36.0,1,28673.25,12,34877.27,796.0,1,301400.54,1,0,0,0,0,0,0,0,0,1,0,2025,7,11,4,0,0,0,0
40.0,1,76283.73,11,34860.05,318.0,0,209569.53,0,0,0,0,0,1,0,1,0,0,0,2025,8,11,0,0,0,0,0
73.0,1,73183.24,14,48446.29,682.0,1,42284.54,0,0,0,0,1,0,0,0,0,1,0,2025,9,11,3,0,0,1,0
40.0,0,73097.73,32,35797.81,772.0,1,303741.02,0,0,0,1,0,0,0,0,0,0,0,2025,10,11,5,1,0,0,0
70.0,1,87765.9,21,21953.17,309.0,1,271491.99,0,0,0,0,0,1,0,0,1,0,0,2025,11,11,1,0,0,1,0
25.0,1,118778.12,12,23145.61,410.0,1,175591.39,0,0,1,0,0,0,0,0,0,1,0,2025,12,11,3,0,0,0,0
70.0,1,42773.72,0,45648.52,664.0,1,192590.46,0,0,0,0,0,1,0,0,0,0,0,2025,11,13,3,1,0,0,0
54.0,0,43490.29,31,18208.04,480.0,1,247704.90777003483,0,0,1,0,0,0,1,0,0,0,0,2025,11,14,4,0,0,0,1
65.0,1,102925.3,6,36745.65,361.0,1,61384.34,0,0,0,0,0,0,0,0,0,1,0,2025,11,15,5,0,0,1,0
35.0,0,106902.95,21,43496.24,716.0,0,161776.28,0,1,0,0,0,0,1,0,0,0,0,2025,11,16,6,0,0,1,0
60.0,1,78287.62,31,25248.22,625.0,1,428077.41,0,0,0,0,1,0,0,0,0,0,0,2025,11,17,0,1,0,0,0
60.0,0,64644.56,5,40463.78,530.0,0,171215.68,0,0,0,0,1,0,0,0,0,1,0,2025,11,18,1,0,0,0,0
58.0,1,111805.4,11,69451.19,457.0,0,206770.88,0,0,0,0,1,0,1,0,0,0,0,2025,11,19,2,1,0,0,0
54.0,0,87649.43,6,24889.81,696.0,0,110286.19,0,1,0,0,0,0,0,0,1,0,0,2023,12,4,0,0,1,0,0
48.0,1,66526.2,8,16773.58,394.0,1,302657.38,1,0,0,0,0,1,0,0,0,1,0,2025,11,21,4,0,0,0,1
68.0,0,85476.32999999999,27,41651.39,762.0,0,203493.41,0,0,1,0,0,0,0,0,0,0,0,2025,11,22,5,0,1,0,0
51.0,1,81933.75,23,50462.73,486.0,1,251519.45,0,0,0,0,0,0,1,0,0,0,0,2025,11,23,6,0,0,0,1
56.0,1,103239.24,19,21853.65,597.0,1,207812.9,0,0,0,0,0,0,0,0,0,0,0,2025,11,24,0,0,0,0,0
45.0,1,132348.17,20,53895.8,323.0,0,7131.8,0,1,0,0,0,0,0,0,0,1,0,2025,11,25,1,0,0,0,1
23.0,1,93038.91,9,42379.32,309.0,1,200440.11,0,0,1,0,0,0,0,0,1,0,0,2025,11,26,2,0,1,0,0
46.0,0,80152.6,24,32096.4,574.3770154373927,1,230155.27,0,0,0,1,0,0,0,1,0,0,0,2025,11,27,3,1,0,0,0
66.0,1,61652.78,30,28549.78,544.0,1,215117.65,1,0,0,0,0,1,0,0,0,0,0,2025,11,28,4,0,0,1,0
27.0,0,77746.31,12,31068.02,509.0,0,380631.04,1,0,0,1,0,0,1,0,0,0,0,2025,11,29,5,0,0,0,0
66.0,0,53200.62,11,25784.92,466.0,0,483675.06,0,0,0,0,1,0,0,0,0,0,0,2025,11,30,6,0,0,1,0
31.0,1,119784.99,2,27987.8,442.0,1,307533.95,0,0,1,0,0,0,0,1,0,0,0,2025,1,12,6,0,0,0,1
25.0,1,57301.39,26,32414.28,614.0,1,118133.68,0,0,0,0,0,0,0,1,0,0,0,2025,2,12,2,0,0,0,0
46.22862068965517,1,81378.97,4,23488.9,849.0,1,420128.73,0,0,0,0,0,1,0,0,0,1,0,2025,3,12,2,0,0,1,0
72.0,0,102771.23,21,51423.98,610.0,0,140428.01,0,0,0,1,0,0,0,0,1,0,0,2023,12,4,0,0,0,1,0
37.0,1,116241.64,6,56782.11,775.0,1,447603.39,0,0,1,0,0,0,0,0,0,0,0,2025,5,12,0,0,1,0,0
67.0,0,64489.95,14,27529.44,526.0,1,325679.84,0,0,0,0,1,0,0,0,1,0,0,2025,6,12,3,1,0,0,0
44.0,1,141634.24,7,34758.33,487.0,1,281662.53,1,0,1,0,0,0,1,0,0,0,0,2025,7,12,5,0,0,1,0
43.0,0,2861.9,24,33607.47,739.0,1,192348.66,0,0,0,0,1,0,0,0,0,1,0,2025,8,12,1,0,0,0,1
43.0,1,85476.32999999999,23,31283.75,552.0,1,201050.42,1,0,0,0,0,1,0,0,0,0,0,2025,9,12,4,1,0,0,0
35.0,1,66198.97,10,72.75,735.0,0,355042.69,0,0,0,0,1,0,1,0,0,0,0,2025,10,12,6,0,0,0,1
70.0,0,106495.39,16,68224.59,411.0,1,227111.18,0,0,0,0,0,0,0,0,0,0,0,2025,11,12,2,0,0,0,0
55.0,1,81969.31,27,46050.83,471.0,1,273470.38,0,0,0,0,0,1,0,1,0,0,0,2025,12,12,4,0,0,0,0
27.0,1,109998.38,31,37710.2,438.0,1,343261.07,0,0,1,0,0,0,0,0,0,0,0,2025,12,13,5,0,1,0,0
71.0,0,73743.87,8,31286.89,426.0,0,291575.88,0,0,0,0,0,1,0,0,1,0,0,2025,12,14,6,0,1,0,0
42.0,1,105648.26,14,14709.33,842.0,0,400026.04,1,0,0,0,0,1,0,0,1,0,0,2025,12,15,0,0,0,0,0
19.0,1,107823.72,21,51265.01,806.0,1,127070.49,0,0,0,1,0,0,0,0,0,1,0,2025,12,16,1,1,0,0,0
32.0,0,107599.1,25,60631.6,767.0,1,117969.23,1,0,0,0,0,0,0,0,0,0,0,2025,12,17,2,0,0,0,0
73.0,1,109738.16,23,46354.65,621.0,0,434986.84,0,0,0,1,0,0,0,1,0,0,0,2025,12,18,3,0,0,1,0
73.0,1,133909.35,6,51788.85,796.0,0,182539.91,1,0,0,0,0,1,0,0,0,0,0,2025,12,19,4,0,0,0,0
34.0,0,85476.32999999999,26,48431.94,660.0,1,301268.12,0,0,0,0,0,0,0,1,0,0,0,2025,12,20,5,0,0,0,1
46.0,0,93355.11,2,34827.59,826.0,0,261591.38,0,0,0,0,0,1,0,0,0,0,0,2025,12,21,6,1,0,0,0
49.0,1,26636.14,15,28283.33,338.0,0,187564.85,0,0,1,0,0,0,0,0,0,1,0,2025,12,22,0,0,1,0,0
52.0,1,54162.65,34,73917.08,821.0,0,87945.18,0,0,0,0,0,1,1,0,0,0,0,2025,12,23,1,0,0,0,0
54.0,0,143032.94,18,43526.58,418.0,1,403039.63,0,0,0,0,1,0,0,0,0,1,0,2025,12,24,2,0,0,0,1
72.0,1,111594.47,4,14279.21,608.0,1,142119.44,0,1,0,0,0,0,0,0,1,0,0,2025,12,25,3,0,0,0,1
33.0,1,104891.72,20,34779.19,585.0,1,373566.03,0,0,0,0,0,0,1,0,0,0,0,2025,12,26,4,0,0,0,1
57.0,0,94578.1,25,21394.8,622.0,1,146123.49,0,0,0,0,1,0,0,0,1,0,0,2025,12,27,5,0,0,1,0
31.0,0,79162.42,20,48566.9,728.0,0,219765.81,0,0,0,1,0,0,1,0,0,0,0,2025,12,28,6,0,1,0,0
47.0,0,63093.15,31,3022.87,578.0,1,128471.21,0,0,0,1,0,0,0,0,0,0,0,2025,12,29,0,0,0,1,0
51.0,1,98515.59,20,20212.94,703.0,0,185864.54,0,0,0,0,0,1,0,0,0,1,0,2025,12,30,1,0,0,0,0
38.0,0,103610.96,31,20464.91,742.0,1,277103.24,1,0,0,0,0,1,0,0,0,0,0,2025,12,31,2,0,0,1,0
42.0,0,13493.84,23,12034.99,731.0,0,119257.58,0,0,1,0,0,0,0,0,0,1,0,2026,1,1,3,1,0,0,0
62.0,0,47895.47,32,62721.81,332.0,0,204714.75,1,0,0,0,0,0,1,0,0,0,0,2026,2,1,6,0,0,1,0
55.0,0,97855.21,15,65166.23,553.0,1,288234.89,0,0,1,0,0,0,0,0,1,0,0,2026,3,1,6,0,1,0,0
41.0,1,53346.79,32,31413.39,662.0,1,364867.23,0,0,0,0,1,0,0,1,0,0,0,2026,4,1,2,0,0,0,0
35.0,0,78778.66,11,34798.72,817.0,0,182044.47,0,0,1,0,0,0,0,0,0,0,0,2026,5,1,4,0,1,0,0
61.0,0,137323.33,27,34031.43,419.0,1,81920.22,1,0,0,1,0,0,0,0,0,0,0,2026,6,1,0,1,0,0,0
39.0,1,126232.57,21,14413.79,789.0,1,286509.29,0,0,0,0,1,0,0,0,1,0,0,2026,7,1,2,0,0,0,0
29.0,1,77073.67,0,52725.75,409.0,1,429378.35,1,0,0,0,1,0,1,0,0,0,0,2026,8,1,5,0,0,1,0
74.0,0,108961.55,12,34798.72,796.0,1,154935.14,0,0,0,0,0,1,0,0,0,0,0,2026,1,13,1,0,0,0,1
58.0,1,65567.53,27,47422.43,459.0,1,172164.35,1,0,1,0,0,0,0,0,1,0,0,2026,1,14,2,0,0,1,0
56.0,0,62973.59,8,26813.52,659.0,1,375290.0,0,0,0,0,0,0,0,1,0,0,0,2026,1,15,3,1,0,0,0
74.0,0,85476.32999999999,23,42861.56,654.0,1,190416.3,0,0,1,0,0,0,0,1,0,0,0,2026,1,16,4,0,0,0,1
21.0,1,99116.41,24,34603.37,375.0,1,337077.17,1,0,1,0,0,0,0,1,0,0,0,2026,1,17,5,0,1,0,0
29.0,1,84880.05,24,19704.91,729.0,1,315894.05,0,0,0,0,0,1,1,0,0,0,0,2026,1,18,6,0,0,0,1
49.0,1,62299.48,1,40934.62,488.0,0,248661.51,0,0,0,0,0,0,0,0,1,0,0,2026,1,19,0,0,0,0,1
64.0,0,22450.13,18,43820.97,680.0,1,247704.90777003483,0,0,0,0,0,1,0,0,1,0,0,2026,1,20,1,0,0,0,1
35.0,0,172895.22,3,36604.41,357.0,1,138300.72,0,0,0,0,0,1,0,0,0,1,0,2026,1,21,2,0,1,0,0
52.0,1,86539.73,5,53216.71,788.0,1,537982.17,0,0,0,1,0,0,0,0,0,0,1,2026,1,22,3,0,0,0,0
43.0,1,107156.48,12,28122.87,321.0,0,327241.78,0,0,1,0,0,0,0,0,0,1,0,2026,1,23,4,0,1,0,0
44.0,0,134555.68,3,40084.96,820.0,1,8387.66,0,0,1,0,0,0,1,0,0,0,0,2026,1,24,5,0,1,0,0
71.0,0,67848.69,4,37869.53,334.0,1,228137.35,1,0,0,0,1,0,0,0,1,0,0,2026,1,25,6,1,0,0,0
70.0,0,78136.08,34,11064.47,429.0,1,168479.8,1,0,0,0,0,0,0,1,0,0,0,2026,1,26,0,1,0,0,0
55.0,0,70450.89,10,25285.69,357.0,0,231337.03,0,0,0,1,0,0,0,0,1,0,0,2024,2,15,3,1,0,0,0
49.0,1,0.0,28,31617.24,430.0,0,475565.09,1,0,0,0,0,0,0,0,1,0,0,2026,1,28,2,0,0,0,0
48.0,0,52259.31,11,50919.95,431.0,0,6075.97,1,0,0,0,0,0,0,0,0,0,0,2026,1,29,3,0,0,0,1
49.0,0,85476.32999999999,1,26088.0,600.0,0,372920.98,1,0,0,0,0,0,0,0,1,0,0,2026,1,30,4,0,0,0,1
29.0,0,79583.06,3,34798.72,673.0,1,293467.79,0,0,1,0,0,0,0,1,0,0,0,2026,1,31,5,0,1,0,0
20.0,1,99864.63,22,49469.4,335.0,1,417917.05,1,0,0,0,1,0,0,0,1,0,0,2026,1,2,4,1,0,0,0
33.0,1,79930.04,21,50860.86,510.0,1,286589.87,0,0,0,0,1,0,0,0,0,1,0,2026,2,2,0,0,0,0,0
53.0,1,110998.54,29,16984.09,669.0,0,75292.43,0,0,0,0,0,1,0,0,1,0,0,2026,3,2,0,1,0,0,0
42.0,1,73743.45,32,37614.73,782.0,1,192946.4,0,0,0,0,0,0,0,0,1,0,0,2026,4,2,3,1,0,0,0
62.0,0,85692.31,9,29676.49,689.0,0,37217.43,1,0,0,0,0,0,0,1,0,0,0,2026,5,2,5,0,0,0,1
43.0,1,126294.39,33,34798.72,600.0,0,511412.83,0,0,0,1,0,0,0,0,1,0,0,2026,6,2,1,0,0,0,0
51.0,0,83205.56,26,71656.95,524.0,1,248826.76,1,0,0,0,1,0,0,1,0,0,0,2026,7,2,3,0,0,0,1
50.0,0,85476.32999999999,21,32061.06,632.0,0,133988.63,0,0,0,0,0,0,0,1,0,0,0,2026,8,2,6,0,0,0,1
57.0,0,139843.25,34,34017.35,361.0,0,254778.56,0,0,1,0,0,0,1,0,0,0,0,2026,2,13,4,1,0,0,0
19.0,1,117450.92,26,42133.75,558.0,1,235104.54,0,0,1,0,0,0,1,0,0,0,0,2026,2,14,5,0,0,1,0
46.22862068965517,1,94150.13,23,46068.87,627.0,1,52695.9,0,0,0,0,1,0,0,1,0,0,0,2026,2,15,6,0,0,0,0
69.0,1,93826.86,4,42995.66,479.0,0,118463.52,0,0,0,0,0,0,1,0,0,0,0,2026,2,16,0,0,0,1,0
26.0,1,46332.09,9,24699.75,607.0,0,186564.17,0,0,0,1,0,0,0,0,0,1,0,2026,2,17,1,0,0,0,1
46.22862068965517,1,91549.88,17,25768.37,514.0,1,405690.7,1,0,0,0,0,1,0,1,0,0,0,2026,2,18,2,0,1,0,0
50.0,1,137559.92,8,18376.64,562.0,1,115625.0,0,0,0,0,0,1,0,0,0,1,0,2026,2,19,3,0,1,0,0
70.0,1,63837.02,18,31309.09,328.0,1,305622.91,0,0,1,0,0,0,0,0,0,0,0,2026,2,20,4,0,0,0,0
59.0,1,62718.3,0,27141.08,472.0,1,347985.49,0,0,0,1,0,0,0,1,0,0,0,2026,2,21,5,1,0,0,0
32.0,1,89175.47,25,38274.57,423.0,1,351361.31,0,0,0,1,0,0,0,0,0,1,0,2026,2,22,6,1,0,0,0
49.0,1,85476.32999999999,18,27082.86,359.0,1,191327.36,0,0,0,0,1,0,0,1,0,0,0,2026,2,23,0,0,0,0,1
57.0,0,136555.94,19,257.98,840.0,1,140793.11,0,0,1,0,0,0,0,0,0,0,0,2026,2,24,1,0,1,0,0
46.22862068965517,0,126245.86,32,36716.0,415.0,1,168666.1,0,0,0,0,0,1,0,0,0,0,0,2026,2,25,2,0,0,0,0
56.0,1,72224.33,15,17478.52,655.0,1,221373.39,0,0,0,0,0,0,0,0,0,1,0,2026,2,26,3,1,0,0,0
63.0,0,153974.32,23,20395.95,637.0,1,252919.45,0,0,0,0,0,0,0,0,0,1,0,2026,2,27,4,0,0,1,0
40.0,1,85476.32999999999,1,42431.54,350.0,0,344448.72,0,0,0,0,0,1,0,0,0,1,0,2026,2,28,5,0,0,0,1
28.0,0,65811.73,21,5090.79,591.0,0,229397.21,0,0,1,0,0,0,0,0,0,1,0,2026,1,3,5,1,0,0,0
36.0,1,95663.26,20,31784.08,574.3770154373927,0,428285.38,0,0,0,0,0,0,0,0,0,0,0,2026,2,3,1,0,0,1,0
41.0,0,53083.46,13,28862.49,665.0,0,235828.74,0,0,1,0,0,0,0,0,0,0,0,2026,3,3,1,0,0,1,0
21.0,1,104331.7,24,57238.78,499.0,1,172758.97,0,1,0,0,0,0,0,1,0,0,0,2026,4,3,4,1,0,0,0
67.0,0,139505.87,25,20976.39,562.0,1,110947.38,1,0,0,0,1,0,0,0,0,0,0,2026,5,3,6,1,0,0,0
50.0,1,85476.32999999999,23,35859.62,352.0,1,483503.13,1,1,0,0,0,0,1,0,0,0,0,2026,6,3,2,0,1,0,0
29.0,1,10529.2,26,35028.6,738.0,1,354541.87,1,0,0,1,0,0,0,0,0,0,0,2026,7,3,4,1,0,0,0
71.0,0,83159.72,30,28918.34,589.0,1,227616.11,0,0,0,0,1,0,1,0,0,0,0,2026,8,3,0,0,0,0,0
46.0,1,49382.08,21,37921.05,670.0,1,240060.59,1,0,0,0,1,0,0,0,1,0,0,2026,3,13,4,0,0,0,0
71.0,1,88235.7,15,56698.81,829.0,0,456030.09,0,0,0,1,0,0,0,0,0,1,0,2026,3,14,5,0,1,0,0
32.0,0,77967.78,2,34798.72,543.0,0,251511.52,1,0,0,0,0,0,0,1,0,0,0,2026,3,15,6,0,0,1,0
61.0,0,66950.44,27,38114.2,430.0,0,66302.04,1,0,0,1,0,0,0,0,1,0,0,2026,3,16,0,0,0,1,0
18.0,0,144100.79,7,43742.77,523.0,0,260780.52,0,0,0,1,0,0,0,1,0,0,0,2026,3,17,1,0,1,0,0
69.0,1,67176.28,33,46080.29,486.0,1,231854.48,0,0,1,0,0,0,0,1,0,0,0,2025,6,15,6,0,0,0,1
46.0,0,114677.36,10,8572.1,493.0,1,262417.73,0,0,0,1,0,0,0,0,1,0,0,2026,3,19,3,1,0,0,0
46.0,1,105847.65,3,26305.42,366.0,1,265689.66,1,0,0,0,0,0,0,0,0,1,0,2026,3,20,4,1,0,0,0
67.0,1,124985.45,34,34798.72,555.0,0,220523.83,0,0,0,0,1,0,0,1,0,0,0,2026,3,21,5,0,0,0,0
27.0,1,85476.32999999999,33,59045.72,654.0,0,273525.18,0,0,0,1,0,0,0,1,0,0,0,2026,3,22,6,1,0,0,0
32.0,0,79180.45,24,60022.82,390.0,1,289324.59,0,0,1,0,0,0,0,0,0,1,0,2026,3,23,0,0,0,0,0
68.0,0,46660.24,12,45094.78,750.0,1,247704.90777003483,1,0,1,0,0,0,0,0,1,0,0,2026,3,24,1,0,1,0,0
52.0,0,87642.18,20,34798.72,443.0,1,195551.63,0,0,0,0,0,0,0,0,1,0,0,2026,3,25,2,1,0,0,0
27.0,0,89557.9,21,43502.38,550.0,1,281525.57,0,0,0,0,0,1,0,0,0,0,0,2026,3,26,3,0,0,1,0
20.0,1,67020.16,8,17827.45,835.0,0,154801.06,0,0,0,1,0,0,0,0,0,0,0,2026,3,27,4,1,0,0,0
19.0,1,143312.05,20,42171.1,779.0,1,144453.94,0,0,0,0,0,1,0,0,0,0,0,2026,3,28,5,0,0,1,0
18.0,1,112930.45,16,28889.36,337.0,1,317530.84,0,0,1,0,0,0,1,0,0,0,0,2026,3,29,6,0,1,0,0
19.0,0,68075.39,25,34350.53,743.0,1,-34241.78,0,0,0,0,0,0,0,0,0,0,0,2026,3,30,0,0,0,1,0
49.0,0,158328.67,33,23345.91,511.0,0,236458.31,0,0,0,1,0,0,0,0,0,0,0,2026,3,31,1,0,0,1,0
74.0,1,68511.74,28,40551.29,632.0,0,176095.58,0,0,0,0,1,0,1,0,0,0,0,2026,1,4,6,0,0,1,0
24.0,0,72774.22,11,41639.19,449.0,1,247704.90777003483,0,0,1,0,0,0,1,0,0,0,0,2026,2,4,2,0,0,1,0
29.0,1,122471.75,19,42940.98,566.0,1,-75721.18,0,0,0,0,0,0,0,1,0,0,0,2026,3,4,2,0,0,0,1
73.0,0,64315.0,12,41422.25,380.0,0,114474.62,0,0,0,0,1,0,0,0,1,0,0,2026,4,4,5,0,0,0,1
27.0,0,87486.66,34,26272.03,822.0,1,308839.98,0,0,1,0,0,0,0,0,0,0,0,2026,5,4,0,0,0,1,0
54.0,0,91430.38,11,58912.81,664.0,1,242987.82,0,0,0,0,0,0,0,0,0,1,0,2026,6,4,3,0,1,0,0
62.0,0,131482.32,17,30593.99,409.0,1,258014.57,1,0,0,0,1,0,0,0,1,0,0,2026,7,4,5,0,1,0,0
46.0,0,43588.98,11,62535.94,641.0,1,215781.44,0,0,1,0,0,0,0,0,1,0,0,2026,8,4,1,0,0,1,0
37.0,0,105872.86,6,48147.04,595.0,0,281081.42,0,0,0,0,1,0,0,0,0,1,0,2024,10,3,3,0,0,0,1
59.0,1,76525.87,27,31903.27,819.0,1,268329.44,0,0,0,0,0,1,0,0,0,1,0,2026,4,14,1,0,0,0,0
40.0,0,71494.1,4,16476.04,695.0,1,186034.47,0,0,0,0,1,0,1,0,0,0,0,2026,4,15,2,0,0,1,0
73.0,0,55364.98,33,29857.38,676.0,1,46781.62,0,0,0,0,1,0,0,0,0,0,1,2026,4,16,3,0,1,0,0
72.0,1,109683.06,17,57119.41,582.0,1,29071.85,1,0,0,0,1,0,0,0,1,0,0,2026,4,17,4,1,0,0,0
49.0,0,107203.29,1,43453.62,666.0,1,203541.46,0,0,0,0,0,0,0,0,1,0,0,2026,4,18,5,1,0,0,0
60.0,0,79103.76,21,20204.88,835.0,0,313201.09,0,0,0,0,0,0,1,0,0,0,0,2026,4,19,6,0,1,0,0
50.0,0,86583.34,10,33063.88,766.0,1,256686.45,0,0,0,1,0,0,0,0,0,0,0,2026,4,20,0,0,1,0,0
59.0,0,50354.53,8,68850.73,395.0,0,296109.17,1,0,0,0,1,0,0,0,0,0,0,2026,4,21,1,0,1,0,0
29.0,0,111497.86,8,26238.17,543.0,1,43774.58,0,0,1,0,0,0,0,0,0,0,0,2026,4,22,2,0,1,0,0
59.0,1,68531.48,17,28221.68,633.0,0,229648.21,0,0,0,1,0,0,0,1,0,0,0,2026,4,23,3,0,0,0,1
29.0,1,91516.42,32,52436.08,648.0,0,274860.79,0,0,1,0,0,0,1,0,0,0,0,2026,4,24,4,1,0,0,0
43.0,1,99283.02,22,40184.23,439.0,1,233177.71,0,0,1,0,0,0,0,0,0,0,0,2026,4,25,5,1,0,0,0
19.0,1,102648.44,15,34798.72,421.0,0,399840.1,1,0,0,0,0,1,0,0,1,0,0,2026,4,26,6,1,0,0,0
19.0,0,164679.57,1,21681.7,639.0,1,235842.38,0,0,1,0,0,0,0,1,0,0,0,2026,4,27,0,0,0,0,0
58.0,1,99953.47,24,11375.58,572.0,1,77495.47,0,0,1,0,0,0,1,0,0,0,0,2026,4,28,1,0,0,0,1
42.0,1,37052.56,27,21763.46,785.0,0,138591.89,1,0,0,0,0,0,0,0,1,0,0,2026,4,29,2,1,0,0,0
62.0,1,94030.77,2,55002.03,726.0,1,123065.71,0,0,0,0,0,1,0,1,0,0,0,2026,4,30,3,0,0,1,0
57.0,1,106366.29,0,10638.83,512.0,1,135415.72,0,0,0,0,0,0,0,1,0,0,0,2026,1,5,0,1,0,0,0
52.0,1,50000000.0,14,45096.31,544.0,1,269435.99,1,0,0,1,0,0,0,0,0,1,0,2026,2,5,3,0,0,0,0
28.0,1,66474.85,8,58604.83,530.0,1,296856.3,1,0,0,1,0,0,0,0,1,0,0,2026,3,5,3,0,0,1,0
23.0,1,89200.92,1,70476.29,816.0,0,217845.24,0,0,0,0,0,1,0,0,1,0,0,2026,4,5,6,0,0,1,0
24.0,1,102191.88,15,37120.91,773.0,0,203227.84,0,0,1,0,0,0,1,0,0,0,0,2026,5,5,1,0,0,0,1
23.0,1,61823.65,33,14033.75,377.0,0,371446.09,0,0,0,0,0,1,0,0,1,0,0,2026,6,5,4,0,1,0,0
33.0,1,88903.88,32,35230.23,409.0,0,310199.34,0,0,0,0,1,0,0,0,0,1,0,2026,7,5,6,1,0,0,0
46.22862068965517,1,92851.62,11,41503.86,503.0,1,25694.81,0,0,0,0,1,0,0,0,0,1,0,2026,8,5,2,0,1,0,0
57.0,1,68905.8,5,52119.54,334.0,1,485952.59,1,0,0,0,1,0,0,0,0,1,0,2026,5,13,2,0,0,0,1
54.0,0,70573.13,6,27048.5,687.0,0,272778.05,0,0,0,0,1,0,0,1,0,0,0,2026,5,14,3,0,0,0,0
22.0,0,82990.91,12,31214.93,357.0,1,203056.87,0,1,0,0,0,0,0,0,1,0,0,2026,5,15,4,1,0,0,0
22.0,0,54117.68,26,35375.25,566.0,1,42862.69,0,0,0,0,0,1,0,0,1,0,0,2026,5,16,5,0,0,0,0
48.0,0,78969.54,24,23722.47,709.0,1,247704.90777003483,0,0,1,0,0,0,0,0,0,1,0,2026,5,17,6,0,0,1,0
46.22862068965517,0,92096.99,6,38754.15,348.0,1,147488.62,1,0,0,0,0,0,1,0,0,0,0,2026,5,18,0,0,0,1,0
28.0,0,118188.4,25,28021.14,785.0,1,471210.26,0,0,1,0,0,0,0,0,0,1,0,2026,5,19,1,0,0,0,1
24.0,1,94516.56,15,50768.89,444.0,1,306326.05,0,0,0,0,0,1,0,0,0,0,0,2026,5,20,2,1,0,0,0
37.0,0,102680.42,2,49469.36,305.0,1,374526.83,0,0,1,0,0,0,0,1,0,0,0,2026,5,21,3,0,1,0,0
39.0,0,104487.08,13,41757.51,620.0,1,537483.85,1,0,0,1,0,0,0,0,0,0,1,2026,5,22,4,0,0,0,0
25.0,1,40371.33,3,54320.59,806.0,1,401394.92,0,0,0,0,0,0,1,0,0,0,0,2026,5,23,5,0,1,0,0
69.0,0,82330.99,31,55217.39,452.0,1,146841.54,0,0,1,0,0,0,0,0,0,0,0,2026,5,24,6,0,0,0,1
58.0,1,112435.25,5,32689.97,671.0,1,86955.57,0,0,1,0,0,0,0,1,0,0,0,2026,5,25,0,0,0,0,1
65.0,0,107261.29,33,52616.99,471.0,1,239173.89,0,0,0,0,1,0,0,0,0,1,0,2026,5,26,1,0,0,1,0
71.0,0,110666.27,3,41393.41,397.0,1,231994.97,1,0,0,1,0,0,0,0,1,0,0,2026,5,27,2,0,1,0,0
54.0,0,85476.32999999999,25,10916.82,637.0,1,195730.26,0,0,0,0,0,0,0,0,0,1,0,2026,5,28,3,1,0,0,0
33.0,0,85476.32999999999,21,36971.91,660.0,0,452218.14,1,0,0,0,1,0,1,0,0,0,0,2026,5,29,4,0,0,0,0
46.22862068965517,1,77303.58,24,18861.2,369.0,1,240707.64,1,1,0,0,0,0,0,1,0,0,0,2026,5,30,5,0,0,0,1
19.0,0,14459.69,3,10923.26,558.0,1,346590.78,0,0,1,0,0,0,0,0,0,0,0,2026,5,31,6,0,0,1,0
23.0,1,114054.78,8,37820.19,694.0,1,194443.14,0,0,1,0,0,0,0,0,0,1,0,2026,1,6,1,0,1,0,0
28.0,0,111622.68,28,29232.15,328.0,1,243745.76,1,0,0,1,0,0,0,0,0,0,1,2026,2,6,4,0,1,0,0
66.0,0,85476.32999999999,1,17503.15,447.0,1,166523.31,1,0,1,0,0,0,0,1,0,0,0,2026,3,6,4,1,0,0,0
43.0,1,76282.2,29,26933.12,733.0,1,313642.27,0,0,0,0,1,0,0,0,1,0,0,2026,4,6,0,1,0,0,0
46.0,1,58499.17,17,36835.03,771.0,1,61034.93,0,0,1,0,0,0,0,0,0,0,0,2026,5,6,2,1,0,0,0
68.0,1,123341.26,20,34798.72,491.0,1,254095.5,0,1,0,0,0,0,0,1,0,0,0,2026,6,6,5,1,0,0,0
22.0,1,54852.26,0,37230.44,667.0,1,224912.83,0,0,0,0,0,1,0,0,1,0,0,2026,7,6,0,1,0,0,0
19.0,0,108030.01,19,60310.8,694.0,0,155410.06,0,0,0,0,1,0,1,0,0,0,0,2024,2,15,3,0,1,0,0
71.0,1,49503.04,7,63921.83,645.0,1,122227.63,0,0,0,0,0,0,0,0,1,0,0,2026,6,13,5,1,0,0,0
26.0,1,126024.12,2,27009.93,621.0,1,335477.08,0,1,0,0,0,0,0,0,0,1,0,2026,6,14,6,0,0,1,0
20.0,1,86584.27,21,36823.1,432.0,1,204098.21,1,0,0,0,1,0,0,0,0,0,0,2026,6,15,0,0,0,0,1
24.0,0,40952.77,4,29744.41,360.0,1,293042.0,0,0,1,0,0,0,0,0,0,1,0,2026,6,16,1,0,0,1,0
31.0,1,88287.78,4,33253.31,826.0,1,317804.93,0,0,0,0,1,0,1,0,0,0,0,2026,6,17,2,0,1,0,0
62.0,0,110270.47,34,23652.69,512.0,1,386621.83,0,0,1,0,0,0,0,0,1,0,0,2026,6,18,3,0,1,0,0
36.0,1,106378.28,12,10390.36,796.0,0,243590.84,0,0,0,0,0,0,0,1,0,0,0,2026,6,19,4,0,0,0,1
67.0,1,103609.47,22,33611.38,734.0,1,360351.35,0,0,0,0,0,1,0,1,0,0,0,2026,6,20,5,0,0,1,0
24.0,1,101066.22,0,31745.67,627.0,1,401890.26,1,0,0,0,0,0,0,1,0,0,0,2026,6,21,6,1,0,0,0
22.0,1,90581.94,22,41402.65,595.0,1,133252.36,1,0,0,0,1,0,0,0,1,0,0,2026,6,22,0,1,0,0,0
28.0,0,113508.1,32,35666.54,739.0,0,131073.82,0,0,1,0,0,0,1,0,0,0,0,2026,6,23,1,1,0,0,0
53.0,1,65368.92,3,26923.41,609.0,1,283888.39,0,0,0,1,0,0,0,0,0,1,0,2026,6,24,2,0,0,0,0
49.0,0,39136.52,26,32952.12,817.0,1,302473.77,1,0,1,0,0,0,0,1,0,0,0,2026,6,25,3,0,0,0,0
27.0,0,79192.19,25,37745.0,542.0,1,486843.13,0,0,0,0,0,1,0,0,0,1,0,2026,6,26,4,0,1,0,0
35.0,1,84069.4,24,38375.91,518.0,1,147459.83,0,0,0,0,1,0,0,0,0,1,0,2026,6,27,5,0,1,0,0
61.0,1,52967.19,31,19057.57,341.0,1,312034.38,0,0,0,0,0,0,0,0,0,0,0,2026,6,28,6,1,0,0,0
44.0,1,77453.29,22,29311.45,438.0,0,408745.81,1,0,0,0,0,0,0,0,0,1,0,2026,6,29,0,0,0,0,0
44.0,0,27740.83,19,38686.97,317.0,1,-346.92,0,0,0,0,0,0,0,0,0,0,0,2026,6,30,1,0,0,0,0
24.0,1,67921.01,30,54150.58,386.0,0,221477.18,0,0,0,0,0,1,0,0,1,0,0,2026,1,7,2,1,0,0,0
59.0,1,108724.14,29,34798.72,484.0,1,208470.27,0,0,0,0,0,1,1,0,0,0,0,2026,2,7,5,1,0,0,0
46.22862068965517,1,52230.03,4,54758.03,841.0,0,278906.5,0,0,0,1,0,0,0,0,0,1,0,2026,3,7,5,0,0,0,0
22.0,1,72769.66,2,32692.38,551.0,1,359875.88,0,0,0,0,0,1,1,0,0,0,0,2026,4,7,1,0,0,0,0
47.0,1,106700.62,23,46972.71,610.0,1,146716.37,0,0,0,0,0,1,0,0,1,0,0,2026,5,7,3,0,0,0,0
31.0,1,85476.32999999999,7,34798.72,785.0,1,441624.88,0,0,0,1,0,0,0,0,0,1,0,2026,6,7,6,0,0,1,0
36.0,1,100046.13,13,24853.53,379.0,1,374431.4,0,0,0,0,1,0,0,0,0,1,0,2026,7,7,1,1,0,0,0
26.0,1,32975.8,2,40047.2,484.0,1,191405.77,1,0,0,0,0,0,0,0,0,1,0,2026,8,7,4,0,1,0,0
43.0,1,95715.1,10,40348.0,607.0,0,100936.39,0,0,0,0,0,0,0,1,0,0,0,2026,7,13,0,0,0,0,1
25.0,1,31635.12,27,34846.51,372.0,0,153803.46,0,0,1,0,0,0,0,0,0,1,0,2026,7,14,1,0,1,0,0
48.0,0,67020.08,22,48302.14,471.0,1,182592.73,0,0,0,0,1,0,1,0,0,0,0,2026,7,15,2,0,0,0,0
69.0,0,56156.19,17,62920.18,694.0,1,232244.03,0,0,0,0,0,1,0,0,0,0,0,2026,7,16,3,1,0,0,0
46.0,0,81365.16,14,36522.49,709.0,0,131159.9,0,0,1,0,0,0,0,0,0,1,0,2026,7,17,4,0,0,0,0
39.0,0,104723.04,9,53807.54,449.0,0,265867.71,0,0,0,0,0,1,0,0,0,0,1,2026,7,18,5,0,1,0,0
55.0,0,84228.34,2,40446.45,640.0,1,339469.3,0,0,0,0,0,0,1,0,0,0,0,2026,7,19,6,0,1,0,0
50.0,1,113460.49,11,21699.1,619.0,0,335479.01,0,0,0,0,0,1,0,0,0,0,0,2026,7,20,0,0,0,1,0
34.0,0,40759.78,5,28068.95,511.0,1,548732.09,0,0,0,0,1,0,1,0,0,0,0,2026,7,21,1,1,0,0,0
41.0,0,57369.69,19,37268.79,848.0,0,236533.66,0,0,1,0,0,0,0,1,0,0,0,2026,7,22,2,0,1,0,0
61.0,0,83121.34,13,6243.8,521.0,0,116928.25,0,0,1,0,0,0,0,0,1,0,0,2026,7,23,3,0,0,0,0
23.0,1,115971.16,34,25850.79,596.0,1,104059.69,0,0,1,0,0,0,0,0,0,1,0,2026,7,24,4,0,1,0,0
42.0,0,65401.67,30,42512.11,391.0,0,280137.51,0,0,0,0,0,1,1,0,0,0,0,2026,7,25,5,1,0,0,0
72.0,0,105597.93,24,30222.21,793.0,1,181884.0,0,0,0,0,0,0,0,0,0,0,0,2026,7,26,6,1,0,0,0
66.0,0,45252.41,6,46547.33,788.0,1,70834.85,0,0,0,1,0,0,1,0,0,0,0,2026,7,27,0,0,0,0,0
66.0,1,115219.12,7,59158.4,376.0,0,299207.8,0,0,0,0,0,0,0,0,0,1,0,2026,7,28,1,1,0,0,0
38.0,0,151444.18,24,37517.86,360.0,1,129409.66,0,0,1,0,0,0,0,0,1,0,0,2026,7,29,2,0,1,0,0
65.0,0,82891.58,10,17438.26,844.0,1,200537.87,1,0,0,0,0,1,0,0,0,0,0,2026,7,30,3,0,0,1,0
29.0,0,85476.32999999999,21,40138.04,511.0,1,411934.42,1,0,1,0,0,0,0,1,0,0,0,2026,7,31,4,1,0,0,0
68.0,0,128745.88,9,31357.58,779.0,0,131985.21,0,0,0,0,0,0,0,0,1,0,0,2026,1,8,3,0,1,0,0
33.0,0,125867.88,28,44691.49,494.0,1,84731.38,0,0,0,1,0,0,0,0,1,0,0,2026,2,8,6,0,0,1,0
22.0,0,96870.55,11,17010.54,626.0,0,55175.73,0,0,0,0,1,0,1,0,0,0,0,2026,3,8,6,0,1,0,0
22.0,0,166787.5,20,18745.26,306.0,0,184794.24,0,0,1,0,0,0,1,0,0,0,0,2026,4,8,2,1,0,0,0
62.0,1,108893.37,3,47010.52,694.0,1,101850.36,1,0,0,1,0,0,0,0,1,0,0,2026,5,8,4,0,1,0,0
55.0,1,93434.92,25,17413.66,541.0,0,85065.88,0,0,0,1,0,0,0,0,0,1,0,2026,6,8,0,0,0,0,0
63.0,1,85476.32999999999,32,21388.46,607.0,0,150156.2,0,0,1,0,0,0,0,1,0,0,0,2026,7,8,2,0,0,0,1
31.0,0,85476.32999999999,0,41737.82,747.0,1,148955.35,0,0,0,1,0,0,0,0,0,0,0,2026,8,8,5,0,0,1,0
69.0,1,95196.6,9,42439.61,694.0,0,176224.7,0,0,0,1,0,0,0,0,0,0,1,2026,8,13,3,0,0,0,1
32.0,0,78872.22,27,36432.82,421.0,0,232539.69,0,0,0,0,0,1,0,0,0,0,0,2026,8,14,4,0,0,0,0
63.0,1,96533.39,25,22134.62,604.0,0,247704.90777003483,0,0,0,0,1,0,0,0,0,0,0,2026,8,15,5,1,0,0,0
70.0,0,80544.66,22,47864.63,630.0,1,118816.4,0,0,0,0,0,0,0,0,0,0,0,2026,8,16,6,1,0,0,0
67.0,0,103421.93,32,27362.17,824.0,0,182339.03,0,0,0,0,0,1,0,0,1,0,0,2026,8,17,0,1,0,0,0
73.0,0,81005.94,15,43502.3,566.0,0,196363.4,0,0,1,0,0,0,0,0,1,0,0,2026,8,18,1,0,0,0,0
64.0,0,76584.67,23,36357.66,574.3770154373927,0,356447.9,0,0,0,0,0,0,0,0,1,0,0,2026,8,19,2,1,0,0,0
61.0,0,61786.73,14,26499.12,502.0,0,194485.7,0,1,0,0,0,0,0,0,1,0,0,2026,8,20,3,0,1,0,0
59.0,1,88442.96,16,43514.0,699.0,0,249956.09,0,0,0,1,0,0,0,0,0,1,0,2026,8,21,4,0,0,0,1
70.0,1,60616.18,28,36192.92,593.0,1,166840.49,0,0,0,1,0,0,0,0,0,1,0,2026,8,22,5,0,1,0,0
34.0,0,109769.89,13,33354.96,717.0,1,479173.41,1,0,0,0,0,0,0,0,0,0,0,2026,8,23,6,0,0,0,1
30.0,1,78775.64,28,47734.31,809.0,0,532286.79,0,0,0,0,0,1,0,0,0,1,0,2026,8,24,0,1,0,0,0
45.0,0,70997.07,18,37371.2,624.0,0,384855.37,0,0,0,0,0,0,0,0,0,0,0,2026,8,25,1,0,0,0,1
18.0,0,99774.23,30,36767.83,778.0,0,328795.06,0,0,0,0,0,1,1,0,0,0,0,2026,8,26,2,0,0,0,1
59.0,1,110108.45,13,35321.93,561.0,0,247704.90777003483,0,0,0,1,0,0,0,0,0,0,0,2026,8,27,3,0,0,1,0
36.0,0,87921.22,25,25408.62,703.0,1,298556.39,0,0,1,0,0,0,0,0,0,0,0,2026,8,28,4,1,0,0,0
56.0,0,25289.91,2,19649.27,816.0,0,438602.76,0,0,0,0,0,0,0,0,0,0,0,2026,8,29,5,0,0,0,1
28.0,0,63363.81,14,26491.55,794.0,1,-11709.98,0,0,0,1,0,0,0,0,0,0,0,2026,8,30,6,1,0,0,0
26.0,0,72312.64,6,62508.36,330.0,1,551544.88,1,0,0,0,1,0,0,0,0,0,0,2026,1,9,4,0,1,0,0
34.0,1,85820.04,10,26392.2,806.0,1,243474.2,0,0,0,0,0,1,0,0,1,0,0,2026,2,9,0,1,0,0,0
74.0,1,99556.77,24,24827.21,370.0,0,260584.44,1,0,0,0,1,0,0,1,0,0,0,2026,3,9,0,0,0,0,1
24.0,0,85476.32999999999,26,36113.22,738.0,1,552055.01,0,0,0,0,1,0,1,0,0,0,0,2026,4,9,3,0,0,1,0
28.0,0,100156.28,8,38957.56,521.0,1,421746.12,0,0,1,0,0,0,0,0,0,1,0,2026,5,9,5,0,1,0,0
30.0,1,112704.61,5,58302.83,419.0,0,-88381.81,0,0,0,0,0,0,0,0,0,1,0,2026,6,9,1,0,0,1,0
38.0,0,93428.53,30,19493.6,577.0,0,124260.79,0,0,0,0,0,1,0,0,0,1,0,2026,7,9,3,0,1,0,0
31.0,0,126783.29,14,23741.02,503.0,1,385193.7,0,0,0,0,0,1,0,0,1,0,0,2026,8,9,6,0,1,0,0
50.0,0,70890.32,1,50520.76,613.0,0,303425.49,1,0,0,0,0,0,0,0,0,1,0,2026,1,10,5,0,0,0,0
24.0,0,137650.3,14,27329.16,762.0,1,362563.14,1,0,1,0,0,0,0,0,1,0,0,2026,2,10,1,0,0,0,0
39.0,1,85476.32999999999,7,13750.45,712.0,1,17209.29,0,0,0,1,0,0,0,0,1,0,0,2026,3,10,1,0,1,0,0
40.0,1,91289.37,16,27766.54,840.0,1,250920.86,0,0,0,1,0,0,0,0,0,0,0,2026,4,10,4,0,0,1,0
55.0,0,142349.89,9,20353.94,743.0,0,255615.85,0,0,0,0,1,0,0,1,0,0,0,2026,5,10,6,0,0,0,0
53.0,1,53801.18,25,34513.98,336.0,1,302253.67,1,0,1,0,0,0,0,0,0,0,0,2026,6,10,2,0,0,0,0
35.0,1,99411.04,3,59715.36,626.0,0,181580.76,0,0,0,0,1,0,1,0,0,0,0,2026,7,10,4,0,0,1,0
31.0,1,60321.91,21,29822.54,459.0,1,247561.69,0,0,0,1,0,0,0,1,0,0,0,2026,8,10,0,0,0,0,0
53.0,1,97694.49,23,36532.47,652.0,1,247896.05,0,0,0,0,1,0,0,0,1,0,0,2026,1,11,6,0,1,0,0
68.0,0,85476.32999999999,22,41528.55,815.0,1,409320.75,0,0,0,1,0,0,0,0,0,1,0,2026,2,11,2,0,0,0,1
56.0,1,92504.41,22,34798.72,371.0,0,280870.93,0,0,0,0,0,0,0,1,0,0,0,2026,3,11,2,0,0,1,0
51.0,1,35198.92,33,30444.25,574.3770154373927,1,328788.87,1,0,0,0,0,0,1,0,0,0,0,2026,4,11,5,1,0,0,0
51.0,0,137130.31,32,34937.61,308.0,1,144916.11,0,0,1,0,0,0,1,0,0,0,0,2026,5,11,0,1,0,0,0
35.0,0,85476.32999999999,14,31133.39,819.0,1,124628.49,1,0,0,0,1,0,0,1,0,0,0,2026,6,11,3,0,0,0,0
18.0,0,97873.56,17,24686.11,762.0,1,186246.84,0,0,0,0,1,0,1,0,0,0,0,2026,7,11,5,0,1,0,0
27.0,1,85476.32999999999,15,44500.6,705.0,1,444405.13,1,0,1,0,0,0,0,0,1,0,0,2026,8,11,1,0,0,0,1
53.0,1,116579.55,0,71272.51,555.0,1,362998.84,1,0,1,0,0,0,0,0,0,1,0,2026,1,12,0,1,0,0,0
72.0,0,35895.93,0,49747.72,663.0,0,211628.61,0,0,0,1,0,0,0,1,0,0,0,2026,2,12,3,0,0,0,1
52.0,0,85476.32999999999,34,41000.6,445.0,1,226001.28,0,0,0,0,0,0,0,1,0,0,0,2026,3,12,3,0,0,0,1
38.0,0,88746.28,31,58576.2,569.0,0,240078.99,0,0,1,0,0,0,1,0,0,0,0,2026,4,12,6,0,0,1,0
32.0,1,87280.11,25,46116.97,610.0,1,409136.48,1,0,0,0,0,1,0,0,0,1,0,2026,5,12,1,0,0,0,0
64.0,0,72594.03,4,8807.63,834.0,1,237479.58,1,0,0,1,0,0,0,0,0,1,0,2026,6,12,4,1,0,0,0
20.0,1,84999.8,17,32570.9,564.0,1,187738.58,0,0,1,0,0,0,1,0,0,0,0,2026,7,12,6,0,1,0,0
62.0,0,101994.71,33,24921.03,479.0,0,148220.46,0,1,0,0,0,0,0,0,0,0,0,2026,8,12,2,0,0,0,0
36.0,1,85476.32999999999,4,30555.01,735.0,1,216758.02,0,0,0,0,0,0,1,0,0,0,0,2024,2,15,3,0,0,0,0
27.0,1,55062.67,2,45068.89,501.0,0,443914.49,0,0,0,1,0,0,0,0,0,0,0,2024,2,15,3,0,0,1,0
74.0,1,71753.0,7,25897.5,613.0,0,444756.2,0,0,0,0,1,0,0,0,0,0,0,2025,6,15,6,0,1,0,0
39.0,0,62033.28,5,37192.93,323.0,1,323003.37,0,0,0,1,0,0,0,0,0,1,0,2023,12,4,0,0,1,0,0
