customer_id,age,gender,city,income,education,experience_years,monthly_spending,credit_score,signup_date,has_credit_card,loan_amount,employment_type,defaulted
C100000,18.0,Male,faisalabad,97203.41,Bachelor,33,34323.67,728.0,2020-01-01,Yes,162409.81,Unemployed,0
C100001,56.0,Female,islamabad,132084.64,Matric,20,36955.51,439.0,2020-02-01,Yes,207532.68,Government,0
C100002,51.0,Female,Lahore,39789.24,Bachelor,26,30520.91,516.0,2020-03-01,Yes,261934.54,Government,0
C100003,21.0,Female,islamabad,110957.74,Matric,23,34385.96,520.0,2020-04-01,No,247704.90777003483,Student,1
C100004,69.0,Female,rawalpindi,127385.88,Master,18,34126.8,715.0,2020-05-01,No,92532.55,Business,0
C100005,30.0,Female,islamabad,123453.21,Matric,34,33844.22,785.0,2020-06-01,No,224054.86,Business,0
C100006,32.0,Female,rawalpindi,83403.43,Unknown,23,19674.54,653.0,2020-07-01,Yes,152762.08,Student,0
C100007,28.0,Female,karachi,86553.33,PhD,22,16386.71,470.0,2020-08-01,Yes,236735.43,Government,0
C100008,37.0,Male,Unknown,66498.13,Bachelor,17,32207.32,460.0,2020-09-01,No,320178.67,Government,1
C100009,28.0,Male,islamabad,100461.4,Matric,5,39130.19,778.0,2020-10-01,No,465303.04,Government,0
C100010,37.0,Male,rawalpindi,85782.02,Bachelor,5,10756.8,424.0,2020-11-01,No,247704.90777003483,Unemployed,0
C100011,64.0,Female,faisalabad,85476.32999999999,Bachelor,19,34052.43,313.0,2020-12-01,Yes,192580.52,Government,0
C100012,43.0,Male,Lahore,61486.98,Bachelor,21,40840.77,551.0,2020-01-13,Yes,131261.37,Private,0
C100013,70.0,Male,rawalpindi,79595.49,Bachelor,17,43710.06,475.0,2020-01-14,No,393804.13,Business,1
C100014,43.0,Female,faisalabad,152635.31,Intermediate,22,48537.99,816.0,2023-12-04,Yes,266086.43,Unemployed,0
C100015,33.0,Male,Lahore,59475.68,Intermediate,18,24572.07,695.0,2020-01-16,No,138353.87,Government,0
C100016,62.0,Female,Unknown,44356.73,Matric,12,30771.04,468.0,2020-01-17,Yes,523390.35,Student,0
C100017,64.0,Female,faisalabad,83983.1,PhD,26,31157.06,776.0,2020-01-18,Yes,284067.14,Private,0
C100018,67.0,Male,islamabad,50089.12,PhD,24,66597.78,682.0,2020-01-19,No,224129.22,Government,0
C100019,46.22862068965517,Female,islamabad,16234.51,Matric,21,16210.98,565.0,2020-01-20,Yes,201400.4,Unemployed,0
C100020,19.0,Female,faisalabad,69453.95,Intermediate,16,30475.6,566.0,2020-01-21,Yes,391290.17,Private,0
C100021,47.0,Male,islamabad,56892.91,Bachelor,25,49693.99,659.0,2020-01-22,Yes,188035.79,Business,0
C100022,33.0,Male,Lahore,85476.32999999999,PhD,28,34798.72,544.0,2020-01-23,Yes,230351.87,Private,0
C100023,31.0,Male,islamabad,78445.58,PhD,31,34763.97,731.0,2020-01-24,Yes,247704.90777003483,Business,0
C100024,46.22862068965517,Male,faisalabad,102667.16,Master,24,19542.05,825.0,2020-01-25,Yes,359426.22,Student,0
C100025,64.0,Female,Lahore,41300.58,PhD,34,53535.5,387.0,2020-01-26,Yes,191453.46,Student,1
C100026,63.0,Male,karachi,72347.8,Master,11,54133.1,303.0,2020-01-27,Yes,237791.32,Student,0
C100027,30.0,Female,Lahore,68583.23,Bachelor,3,34798.72,809.0,2020-01-28,Yes,270733.03,Unemployed,0
C100028,41.0,Female,rawalpindi,70968.21,PhD,5,27433.89,840.0,2020-01-29,Yes,-18893.53,Student,0
C100029,60.0,Female,Lahore,127470.91,Master,11,42191.61,762.0,2020-01-30,No,397244.4,Unemployed,0
C100030,26.0,Male,faisalabad,130851.96,Matric,4,54607.7,343.0,2020-01-31,Yes,23747.96,Student,1
C100031,-5.0,Male,islamabad,87674.16,PhD,34,28539.23,524.0,2020-01-02,No,459441.32,Government,0
C100032,43.0,Female,islamabad,95378.03,Matric,24,41822.74,793.0,2020-02-02,Yes,89008.78,Private,1
C100033,70.0,Male,faisalabad,103175.66,Matric,14,75005.71,786.0,2020-03-02,Yes,494239.53,Student,0
C100034,60.0,Female,rawalpindi,106527.47,Intermediate,11,40369.73,388.0,2020-04-02,Yes,208138.71,Business,0
C100035,31.0,Female,rawalpindi,109865.92,Bachelor,21,7937.63,647.0,2020-05-02,Yes,378893.33,Private,1
C100036,65.0,Male,faisalabad,85476.32999999999,Master,2,49185.26,725.0,2020-06-02,Yes,300291.4,Government,1
C100037,63.0,Male,islamabad,100023.12,Bachelor,19,6196.1,574.3770154373927,2020-07-02,Yes,196227.24,Private,0
C100038,30.0,Female,rawalpindi,111644.82,Intermediate,5,31884.66,391.0,2020-08-02,Yes,203263.2,Business,1
C100039,47.0,Male,Lahore,38307.35,Intermediate,7,54642.52,411.0,2020-09-02,No,114074.7,Unemployed,1
C100040,63.0,Male,Unknown,81008.02,Intermediate,25,66450.03,696.0,2020-10-02,Yes,32147.66,Private,0
C100041,31.0,Male,rawalpindi,85476.32999999999,Matric,15,46965.47,521.0,2020-11-02,No,200806.34,Business,1
C100042,31.0,Male,Lahore,23099.56,PhD,13,18644.42,512.0,2020-12-02,no,198684.66,Student,0
C100043,27.0,Male,faisalabad,73278.0,Master,29,51038.27,404.0,2020-02-13,No,376916.71,Student,0
C100044,18.0,Female,islamabad,109955.37,PhD,8,0.0,582.0,2020-02-14,No,92149.9,Private,0
C100045,46.0,Female,Lahore,120125.34,PhD,33,28491.21,658.0,2020-02-15,Yes,159002.45,Unemployed,1
C100046,18.0,Female,Lahore,89174.57,Intermediate,2,21382.64,644.0,2020-02-16,No,298081.35,Unemployed,0
C100047,51.0,Male,rawalpindi,49093.91,Master,12,41535.82,782.0,2020-02-17,No,322897.71,Government,0
C100048,41.0,Female,islamabad,110828.09,Master,11,31639.67,828.0,2020-02-18,No,347866.62,Government,0
C100049,28.0,Male,rawalpindi,65683.68,Master,8,62275.52,424.0,2020-02-19,No,311732.89,Government,0
C100050,38.0,Female,islamabad,82415.99,Master,4,68159.34,508.0,2020-02-20,No,235546.18,Student,0
C100051,18.0,Female,faisalabad,79627.86,Bachelor,10,32073.91,329.0,2020-02-21,Yes,261305.0,Unemployed,1
C100052,26.0,Male,islamabad,120908.59,Bachelor,2,26210.39,505.0,2020-02-22,Yes,344160.65,Government,1
C100053,44.0,Male,Lahore,128227.57,Intermediate,26,44471.2,502.0,2020-02-23,Yes,404696.41,Government,0
C100054,22.0,Male,rawalpindi,100433.31,Master,7,28389.11,322.0,2020-02-24,No,236969.72,Business,1
C100055,59.0,Male,islamabad,85476.32999999999,Master,28,46132.63,479.0,2020-02-25,No,233229.72,Business,1
C100056,32.0,Female,Lahore,83339.64,Bachelor,7,34045.31,378.0,2020-02-26,Yes,356381.46,Government,0
C100057,70.0,Female,islamabad,51969.1,Bachelor,2,13559.2,322.0,2020-02-27,No,158621.31,Student,0
C100058,27.0,Female,Lahore,80973.69,Matric,12,49023.16,340.0,2020-02-28,No,224928.39,Unemployed,0
C100059,53.0,Male,islamabad,118618.69,Bachelor,16,34798.72,334.0,2020-02-29,Yes,363241.68,Private,1
C100060,47.0,Male,karachi,79441.48,Intermediate,24,58364.58,574.3770154373927,2020-01-03,Yes,169284.18,Government,0
C100061,70.0,Male,karachi,70034.62,PhD,32,16012.97,755.0,2020-02-03,No,275952.9,Private,0
C100062,53.0,Female,islamabad,74960.67,Bachelor,30,20713.74,681.0,2020-03-03,Yes,212585.66,Business,0
C100063,67.0,Female,faisalabad,85476.32999999999,Matric,1,9999999.0,547.0,2020-04-03,Yes,238729.85,Business,0
C100064,44.0,Female,karachi,109573.82,Intermediate,8,21865.49,768.0,2020-05-03,No,328772.41,Business,0
C100065,30.0,Male,rawalpindi,130553.87,Bachelor,12,38495.41,479.0,2020-06-03,No,218272.51,Business,0
C100066,28.0,Female,rawalpindi,60430.09,Intermediate,17,35984.41,687.0,2020-07-03,Yes,102801.66,Student,0
C100067,67.0,Male,Lahore,101262.43,PhD,16,42929.35,471.0,2020-08-03,Yes,301921.99,Business,0
C100068,46.22862068965517,Male,islamabad,41789.7,PhD,6,52317.5,574.3770154373927,2020-09-03,Yes,286660.76,Private,0
C100069,46.22862068965517,Male,rawalpindi,85476.32999999999,Matric,11,30900.21,539.0,2020-10-03,No,163438.75,Unemployed,0
C100070,48.0,Male,Lahore,80193.94,Bachelor,8,6026.85,559.0,2020-11-03,Yes,347585.63,Private,0
C100071,33.0,Female,islamabad,59518.95,Intermediate,22,13850.62,327.0,2020-12-03,Yes,188428.47,Business,0
C100072,41.0,Male,islamabad,67329.32,Matric,0,25550.85,348.0,2020-03-13,No,333805.04,Government,0
C100073,63.0,Female,islamabad,75024.48,Intermediate,27,47838.61,309.0,2020-03-14,Yes,378572.69,Government,0
C100074,43.0,Female,Lahore,94035.7,PhD,3,30199.58,829.0,2020-03-15,No,196510.66,Student,0
C100075,67.0,Male,islamabad,53743.68,PhD,19,9674.08,515.0,2020-03-16,Yes,303153.58,Government,0
C100076,46.22862068965517,Male,islamabad,69810.89,Master,5,25485.94,574.3770154373927,2020-03-17,No,393123.92,Business,1
C100077,35.0,Male,rawalpindi,49801.75,Master,8,34798.72,806.0,2020-03-18,No,194463.72,Private,0
C100078,47.0,Female,faisalabad,110106.96,Matric,34,31541.26,724.0,2020-03-19,No,230401.53,Business,0
C100079,48.0,Female,faisalabad,93629.61,Bachelor,29,25804.84,648.0,2020-03-20,Yes,145103.35,Government,0
C100080,48.0,Female,Lahore,101376.57,Bachelor,4,30837.17,648.0,2020-03-21,Yes,314783.86,Business,0
C100081,46.22862068965517,Female,rawalpindi,71162.43,PhD,18,13540.89,632.0,2020-03-22,Yes,482130.41,Student,0
C100082,39.0,Female,karachi,137891.61,Bachelor,15,31078.45,578.0,2020-03-23,No,236276.31,Unemployed,0
C100083,51.0,Female,islamabad,63600.2,Intermediate,7,8814.37,670.0,2020-03-24,Yes,267277.19,Unemployed,0
C100084,70.0,Male,faisalabad,57196.32,Intermediate,18,40837.65,327.0,2020-03-25,No,152129.06,Unemployed,0
C100085,31.0,Male,karachi,105452.27,Master,20,31720.76,312.0,2020-03-26,Yes,74588.68,Private,0
C100086,54.0,Female,karachi,48057.4,Matric,2,50535.44,781.0,2020-03-27,no,304765.83,Business,0
C100087,61.0,Male,faisalabad,116935.95,Matric,1,33133.89,797.0,2020-03-28,Yes,526662.36,Business,0
C100088,70.0,Male,karachi,95386.39,Master,3,49123.79,528.0,2020-03-29,Yes,182637.11,Student,0
C100089,27.0,Male,faisalabad,95827.18,Bachelor,20,23709.17,686.0,2020-03-30,Yes,247704.90777003483,Unemployed,0
C100090,56.0,Male,faisalabad,116607.71,PhD,8,32152.86,834.0,2020-03-31,Yes,177650.99,Student,0
C100091,35.0,Female,karachi,121221.57,Bachelor,21,34798.72,575.0,2020-01-04,Yes,254477.04,Business,0
C100092,43.0,Male,islamabad,91732.05,Matric,20,12204.91,301.0,2020-02-04,Yes,511569.31,Business,1
C100093,18.0,Female,karachi,94195.2,Master,7,9708.6,336.0,2020-03-04,No,412994.78,Student,0
C100094,59.0,Male,faisalabad,66309.05,Master,29,34798.72,731.0,2020-04-04,No,503886.19,Business,0
C100095,19.0,Male,karachi,18801.67,PhD,31,32757.15,373.0,2020-05-04,No,555700.31,Government,1
C100096,39.0,Female,karachi,72432.49,Matric,15,34798.72,843.0,2020-06-04,No,161724.73,Unemployed,0
C100097,46.0,Male,faisalabad,33878.56,Master,10,62181.46,627.0,2020-07-04,No,230609.94,Government,0
C100098,56.0,Female,Lahore,78071.12,Matric,32,29426.6,503.0,2020-08-04,Yes,399374.71,Student,1
C100099,44.0,Male,Lahore,124556.13,Bachelor,27,30431.66,549.0,2020-09-04,Yes,128545.23,Private,0
C100100,65.0,Male,islamabad,79763.81,PhD,12,40788.71,497.0,2020-10-04,Yes,214483.55,Government,0
C100101,46.22862068965517,Male,rawalpindi,100784.63,Matric,29,22898.13,579.0,2020-11-04,No,100660.08,Student,0
C100102,32.0,Female,Lahore,75871.6,PhD,6,24041.35,821.0,2020-12-04,No,113815.06,Business,0
C100103,32.0,Male,islamabad,91854.41,Bachelor,11,10569.18,836.0,2020-04-13,No,242127.74,Private,0
C100104,46.22862068965517,Female,faisalabad,79576.64,Master,31,51562.03,816.0,2020-04-14,No,231822.04,Business,0
C100105,18.0,Female,rawalpindi,85476.32999999999,Bachelor,13,44022.96,756.0,2020-04-15,Yes,270752.88,Business,0
C100106,42.0,Female,karachi,87872.39,Matric,1,24725.01,574.3770154373927,2020-04-16,No,431821.22,Student,1
C100107,39.0,Female,rawalpindi,28235.58,PhD,3,27617.4,321.0,2020-04-17,Yes,154312.29,Private,1
C100108,51.0,Female,karachi,57246.43,Bachelor,32,8504.28,746.0,2020-04-18,Yes,31076.25,Private,0
C100109,50.0,Male,faisalabad,75873.24,Bachelor,4,9523.12,703.0,2020-04-19,Yes,292573.72,Private,0
C100110,34.0,Male,rawalpindi,85476.32999999999,Bachelor,26,62047.8,817.0,2020-04-20,Yes,254116.29,Student,0
C100111,42.0,Male,rawalpindi,89649.59,Bachelor,18,29813.32,358.0,2020-04-21,No,190378.25,Unemployed,0
C100112,46.0,Female,Lahore,71570.02,Master,24,45935.07,362.0,2020-04-22,No,130872.87,Unemployed,1
C100113,65.0,Female,Lahore,29840.36,Master,5,48033.15,574.3770154373927,2020-04-23,Yes,204694.32,Student,1
C100114,46.22862068965517,Male,islamabad,105717.3,Master,22,38771.56,484.0,2020-04-24,Yes,175552.26,Government,0
C100115,53.0,Male,faisalabad,76743.77,PhD,30,61901.42,818.0,2020-04-25,Yes,248781.76,Private,0
C100116,22.0,Male,islamabad,64577.91,Matric,13,32727.7,479.0,2020-04-26,Yes,272621.53,Private,0
C100117,33.0,Male,rawalpindi,86686.3,Matric,9,38328.24,364.0,2020-04-27,Yes,244852.29,Government,0
C100118,43.0,Female,karachi,80996.32,Intermediate,23,37265.83,396.0,2020-04-28,No,166524.83,Unemployed,0
C100119,64.0,Male,faisalabad,50082.59,Matric,34,34079.53,557.0,2020-04-29,Yes,309496.54,Private,0
C100120,37.0,Female,islamabad,77236.9,PhD,26,78108.08,399.0,2020-04-30,Yes,191737.8,Student,0
C100121,46.0,Female,Lahore,48032.57,Master,1,36526.68,653.0,2020-01-05,Yes,172157.38,Government,0
C100122,50.0,Male,karachi,144805.74,Master,30,36340.66,458.0,2020-02-05,Yes,152703.73,Government,0
C100123,61.0,Male,karachi,82447.09,Bachelor,19,30892.73,777.0,2020-03-05,No,263526.13,Private,0
C100124,40.0,Male,Unknown,93795.96,Intermediate,18,25164.43,426.0,2020-04-05,Yes,108713.59,Business,0
C100125,50.0,Female,Lahore,117557.21,Bachelor,23,32990.87,373.0,2020-05-05,Yes,250324.58,Government,0
C100126,65.0,Female,Unknown,128428.89,Bachelor,22,26136.89,627.0,2020-06-05,Yes,307587.46,Business,0
C100127,42.0,Male,rawalpindi,74485.38,Master,9,29160.35,643.0,2020-07-05,No,188983.28,Private,0
C100128,71.0,Male,rawalpindi,129946.78,Matric,10,43024.6,715.0,2020-08-05,Yes,228591.39,Business,0
C100129,40.0,Female,faisalabad,18861.0,PhD,34,16721.58,592.0,2020-09-05,No,-4939.53,Government,0
C100130,42.0,Male,rawalpindi,119335.43,Matric,28,44472.11,694.0,2020-10-05,Yes,399577.16,Student,0
C100131,19.0,Female,Lahore,142137.0,Matric,7,41561.2,466.0,2020-11-05,No,530982.73,Business,0
C100132,48.0,Female,islamabad,98921.72,PhD,22,36988.97,449.0,2020-12-05,Yes,272625.32,Government,0
C100133,44.0,Male,islamabad,100809.89,Master,21,41621.74,821.0,2020-05-13,Yes,377257.41,Private,0
C100134,41.0,Female,karachi,101023.83,PhD,7,24669.19,663.0,2020-05-14,Yes,456793.64,Unemployed,0
C100135,53.0,Female,rawalpindi,56387.78,Master,13,34798.72,473.0,2020-05-15,Yes,264442.86,Business,0
C100136,49.0,Female,rawalpindi,68917.53,Intermediate,26,31465.26,308.0,2020-05-16,No,442812.65,Unemployed,1
C100137,46.22862068965517,Female,karachi,85476.32999999999,Master,28,61655.57,607.0,2020-05-17,Yes,247704.90777003483,Private,0
C100138,41.0,Female,islamabad,121942.71,Matric,8,56688.04,397.0,2020-05-18,Yes,129822.67,Student,0
C100139,42.0,Male,karachi,85476.32999999999,Matric,16,39577.07,760.0,2020-05-19,Yes,298763.35,Business,0
C100140,64.0,Male,islamabad,109633.6,PhD,31,38158.83,390.0,2020-05-20,No,83510.37,Private,1
C100141,45.0,Male,Lahore,103046.36,Bachelor,24,23106.55,347.0,2020-05-21,No,410821.57,Government,1
C100142,32.0,Male,rawalpindi,92762.64,Master,28,33791.33,353.0,2020-05-22,No,80721.61,Private,0
C100143,47.0,Male,Lahore,88599.09,Intermediate,27,22350.3,597.0,2020-05-23,No,236780.58,Private,0
C100144,46.0,Female,rawalpindi,68690.23,PhD,8,47912.33,715.0,2020-05-24,Yes,-58679.79,Unemployed,1
C100145,41.0,Female,Lahore,67350.0,Bachelor,33,14897.91,453.0,2020-05-25,Yes,79618.5,Unemployed,0
C100146,48.0,Male,karachi,98935.92,PhD,10,16701.41,686.0,2020-05-26,No,82867.28,Government,0
C100147,50.0,Female,rawalpindi,131064.88,Master,6,32362.06,739.0,2020-05-27,Yes,240667.96,Government,0
C100148,73.0,Female,islamabad,83984.41,Intermediate,3,52103.7,659.0,2020-05-28,No,218321.27,Government,0
C100149,22.0,Male,karachi,125119.68,Master,16,34798.72,530.0,2020-05-29,No,259314.06,Student,0
C100150,70.0,Male,Lahore,97117.67,Intermediate,15,42460.83,531.0,2020-05-30,Yes,321796.15,Business,0
C100151,45.0,Female,Unknown,54540.38,Master,34,23753.18,680.0,2020-05-31,No,407936.19,Government,0
C100152,39.0,Male,islamabad,74555.22,PhD,2,17921.66,689.0,2020-01-06,No,122743.52,Business,0
C100153,52.0,Female,islamabad,113464.25,PhD,34,29311.36,357.0,2020-02-06,Yes,133972.67,Business,0
C100154,24.0,Female,Lahore,84438.01,Bachelor,22,11080.25,631.0,2020-03-06,Yes,219048.56,Unemployed,0
C100155,60.0,Male,islamabad,71687.01,Master,9,24656.37,550.0,2020-04-06,Yes,380875.16,Business,0
C100156,23.0,Male,karachi,91430.44,Matric,12,31065.67,517.0,2020-05-06,Yes,94996.99,Business,0
C100157,46.22862068965517,Male,rawalpindi,85476.32999999999,Master,8,34798.72,448.0,2020-06-06,Yes,474688.46,Private,1
C100158,29.0,Male,Lahore,77636.75,Bachelor,16,62519.3,574.3770154373927,2020-07-06,No,68833.7,Unemployed,0
C100159,35.0,Female,Lahore,38934.76,Matric,16,56345.35,723.0,2020-08-06,Yes,43760.54,Private,0
C100160,44.0,Male,faisalabad,78469.85,PhD,9,48714.24,388.0,2020-09-06,No,407956.01,Government,0
C100161,18.0,Female,karachi,72620.6,Matric,11,36061.67,386.0,2020-10-06,Yes,252912.52,Government,0
C100162,68.0,Male,karachi,99968.61,PhD,29,11412.03,501.0,2020-11-06,No,319294.3,Student,0
C100163,61.0,Male,karachi,97099.88,Intermediate,33,26321.24,539.0,2020-12-06,Yes,320057.39,Private,0
C100164,72.0,Female,islamabad,82649.84,PhD,8,34798.72,704.0,2020-06-13,Yes,247704.90777003483,Unemployed,0
C100165,22.0,Female,Lahore,149023.41,Intermediate,11,57911.26,603.0,2020-06-14,Yes,403744.2,Student,0
C100166,28.0,Female,islamabad,104060.26,Intermediate,7,41287.25,387.0,2020-06-15,No,329665.32,Government,0
C100167,45.0,Male,islamabad,99852.21,Bachelor,33,44660.1,378.0,2020-06-16,Yes,293405.49,Government,0
C100168,66.0,Male,Lahore,25684.98,PhD,15,46942.53,573.0,2020-06-17,Yes,286651.91,Unemployed,1
C100169,35.0,Female,Lahore,26891.58,Bachelor,16,52201.98,820.0,2020-06-18,No,291247.94,Private,1
C100170,35.0,Male,rawalpindi,110318.84,Master,30,63240.25,322.0,2020-06-19,No,131387.18,Government,0
C100171,65.0,Male,faisalabad,47878.06,Intermediate,8,37451.28,769.0,2020-06-20,No,211888.03,Business,1
C100172,18.0,Female,Lahore,58350.5,Bachelor,34,52420.8,687.0,2020-06-21,No,304052.57,Student,0
C100173,72.0,Male,islamabad,58973.99,Intermediate,19,23076.72,528.0,2020-06-22,Yes,209018.87,Unemployed,0
C100174,28.0,Male,faisalabad,106108.51,Matric,20,60703.59,625.0,2020-06-23,Yes,257139.26,Student,0
C100175,36.0,Male,Lahore,102748.61,Master,8,59418.15,706.0,2020-06-24,No,245537.73,Private,0
C100176,36.0,Male,faisalabad,96189.15,Matric,26,32788.79,824.0,2020-06-25,Yes,285479.58,Business,0
C100177,69.0,Male,rawalpindi,85476.32999999999,Matric,34,53152.39,786.0,2020-06-26,Yes,313990.16,Business,0
C100178,64.0,Male,islamabad,52425.39,Matric,13,41097.94,560.0,2020-06-27,Yes,256816.4,Business,0
C100179,37.0,Female,rawalpindi,83604.84,Matric,31,42200.89,539.0,2020-06-28,No,327009.67,Business,0
C100180,37.0,Female,islamabad,152630.71,PhD,18,28803.19,301.0,2020-06-29,Y,191686.86,Student,1
C100181,64.0,Male,islamabad,59191.76,Bachelor,6,25350.98,688.0,2020-06-30,Yes,302949.95,Student,0
C100182,34.0,Male,rawalpindi,32591.97,PhD,29,34995.39,557.0,2020-01-07,No,374543.62,Unemployed,0
C100183,63.0,Male,rawalpindi,51647.3,Intermediate,16,67219.93,594.0,2020-02-07,Yes,221466.37,Government,0
C100184,64.0,Female,islamabad,61261.61,PhD,19,33729.87,433.0,2020-03-07,Yes,451180.04,Private,0
C100185,55.0,Female,karachi,73382.32,Master,22,45473.9,472.0,2020-04-07,Yes,131843.82,Government,0
C100186,60.0,Male,karachi,93653.51,Bachelor,24,33807.41,461.0,2020-05-07,Yes,368838.64,Unemployed,0
C100187,31.0,Female,islamabad,95693.72,Intermediate,10,32649.31,475.0,2020-06-07,Yes,517792.68,Student,1
C100188,50.0,Male,Lahore,77805.91,Matric,32,53548.0,615.0,2020-07-07,Yes,455282.53,Government,0
C100189,25.0,Female,rawalpindi,87500.32,PhD,5,31972.25,309.0,2020-08-07,Yes,247704.90777003483,Unemployed,0
C100190,21.0,Male,faisalabad,85476.32999999999,PhD,29,20635.94,674.0,2020-09-07,No,405237.33,Private,0
C100191,42.0,Female,islamabad,53078.63,Intermediate,24,14611.75,630.0,2020-10-07,Yes,217868.16,Government,0
C100192,34.0,Female,Lahore,88256.61,Bachelor,20,32759.18,612.0,2020-11-07,Yes,456246.89,Private,0
C100193,26.0,Female,karachi,114432.56,Bachelor,2,44587.53,824.0,2020-12-07,Yes,194490.72,Unemployed,0
C100194,47.0,Male,faisalabad,124371.71,Matric,27,27369.78,363.0,2020-07-13,No,216991.43,Government,0
C100195,67.0,Female,islamabad,48873.62,Master,4,20713.15,738.0,2020-07-14,No,30953.72,Business,0
C100196,32.0,Male,islamabad,99622.41,PhD,11,27462.26,557.0,2020-07-15,Yes,378397.19,Private,0
C100197,28.0,Male,faisalabad,76219.51,PhD,31,44249.58,741.0,2020-07-16,Yes,342603.87,Student,0
C100198,67.0,Male,Lahore,70989.6,PhD,18,27762.91,353.0,2020-07-17,Yes,246310.75,Student,0
C100199,19.0,Female,karachi,66145.52,Intermediate,19,19322.53,423.0,2020-07-18,no,356920.31,Unemployed,0
C100200,51.0,Female,karachi,102429.48,Intermediate,20,19461.31,694.0,2020-07-19,No,356912.99,Student,0
C100201,49.0,Male,karachi,57702.47,Intermediate,14,24161.34,396.0,2020-07-20,No,85308.77,Student,0
C100202,44.0,Female,Unknown,30085.79,Bachelor,0,750000.0,422.0,2020-07-21,Yes,519932.36,Private,1
C100203,42.0,Male,Lahore,65506.98,Intermediate,34,24988.27,427.0,2020-07-22,Yes,276642.15,Private,0
C100204,19.0,Male,faisalabad,121701.89,Intermediate,34,51035.05,597.0,2020-07-23,Yes,312708.69,Unemployed,0
C100205,66.0,Male,Lahore,85476.32999999999,Intermediate,25,32620.79,482.0,2020-07-24,No,455645.37,Government,0
C100206,21.0,Female,islamabad,88997.04,Intermediate,19,71385.65,788.0,2020-07-25,No,135439.22,Government,0
C100207,27.0,Female,rawalpindi,75259.65,Unknown,27,33748.17,824.0,2020-07-26,No,144595.96,Private,0
C100208,68.0,Male,faisalabad,117522.42,Bachelor,20,38547.87,381.0,2020-07-27,Yes,247704.90777003483,Student,0
C100209,38.0,Male,faisalabad,99128.01,Master,4,39975.33,674.0,2020-07-28,No,257825.78,Private,0
C100210,44.0,Male,islamabad,157642.3,Matric,5,43833.8,803.0,2020-07-29,Yes,468813.79,Private,0
C100211,54.0,Female,rawalpindi,105345.02,Master,2,12467.03,330.0,2020-07-30,Yes,119220.65,Unemployed,0
C100212,50.0,Male,Lahore,43419.82,PhD,34,39740.71,404.0,2020-07-31,Yes,355351.97,Student,1
C100213,71.0,Female,rawalpindi,84092.28,Matric,17,50022.4,316.0,2020-01-08,Yes,234535.05,Business,0
C100214,71.0,Female,Lahore,130210.28,PhD,19,36705.07,574.3770154373927,2020-02-08,Yes,64048.23,Private,0
C100215,32.0,Female,islamabad,31003.67,Master,19,37727.14,762.0,2020-03-08,Yes,-29357.89,Business,0
C100216,61.0,Male,karachi,139533.0,Matric,26,31975.95,583.0,2020-04-08,No,271411.01,Private,0
C100217,57.0,Male,rawalpindi,81726.63,Master,30,30094.22,620.0,2020-05-08,Yes,88170.67,Student,0
C100218,32.0,Female,Lahore,64116.85,PhD,21,30022.75,783.0,2020-06-08,Yes,284369.04,Private,0
C100219,26.0,Male,islamabad,59367.44,PhD,14,47043.55,790.0,2020-07-08,No,280713.2,Business,0
C100220,64.0,Male,karachi,76730.1,Master,24,39459.41,574.3770154373927,2020-08-08,No,247704.90777003483,Unemployed,1
C100221,60.0,Female,Lahore,84121.03,Matric,9,36765.75,371.0,2020-09-08,No,209205.99,Business,0
C100222,39.0,Male,rawalpindi,85476.32999999999,PhD,24,42505.34,655.0,2020-10-08,Yes,393356.61,Private,1
C100223,34.0,Female,Lahore,72406.61,PhD,5,35606.23,323.0,2020-11-08,No,270886.8,Government,0
C100224,57.0,Female,islamabad,128606.62,Bachelor,21,37671.29,707.0,2020-12-08,Yes,242004.76,Government,0
C100225,31.0,Female,Lahore,57158.73,Bachelor,0,14555.68,804.0,2020-08-13,Yes,672024.49,Government,0
C100226,44.0,Female,karachi,82391.02,Master,24,58980.18,743.0,2020-08-14,Yes,381674.78,Student,1
C100227,31.0,Female,Lahore,107403.98,Master,29,25051.05,795.0,2020-08-15,Yes,72146.48,Business,1
C100228,53.0,Male,islamabad,131887.79,Intermediate,11,20175.44,695.0,2020-08-16,Yes,257540.28,Business,0
C100229,39.0,Female,karachi,75117.84,Master,7,22905.98,734.0,2020-08-17,Yes,202973.94,Private,1
C100230,55.0,Male,karachi,90057.71,Intermediate,26,25461.94,306.0,2020-08-18,Yes,238614.62,Business,0
C100231,36.0,Male,karachi,50446.45,Matric,15,21431.85,631.0,2020-08-19,No,220180.26,Student,0
C100232,53.0,Male,karachi,90224.52,Master,29,41546.64,308.0,2020-08-20,Yes,336485.56,Government,0
C100233,52.0,Female,Lahore,95530.96,Bachelor,9,42951.57,629.0,2020-08-21,Yes,272796.49,Business,0
C100234,43.0,Male,karachi,92187.77,Master,24,12847.05,660.0,2020-08-22,No,248390.73,Government,0
C100235,49.0,Female,karachi,73667.08,Bachelor,16,26466.63,476.0,2020-08-23,No,378859.46,Government,1
C100236,28.0,Female,karachi,90865.12,Bachelor,28,51603.31,700.0,2020-08-24,Yes,193161.65,Private,0
C100237,60.0,Female,karachi,85476.32999999999,Master,7,70524.1,537.0,2020-08-25,Yes,140145.64,Private,0
C100238,59.0,Male,rawalpindi,113644.92,Bachelor,4,32948.84,480.0,2020-08-26,No,320334.97,Government,0
C100239,34.0,Male,rawalpindi,42108.42,Bachelor,2,30415.12,351.0,2020-08-27,No,165084.1,Unemployed,1
C100240,42.0,Male,karachi,51529.81,Intermediate,17,39166.73,547.0,2020-08-28,Yes,489546.41,Student,0
C100241,72.0,Male,Lahore,36583.22,Bachelor,18,21207.03,657.0,2020-08-29,No,201885.4,Unemployed,0
C100242,25.0,Female,karachi,62616.04,Matric,1,49084.18,797.0,2020-08-30,Yes,245976.28,Business,1
C100243,48.0,Male,karachi,88614.8,Intermediate,31,44389.22,615.0,2020-08-31,Yes,261363.47,Government,0
C100244,48.0,Female,Unknown,118730.4,PhD,27,45330.8,575.0,2020-01-09,Yes,21185.97,Private,0
C100245,56.0,Male,faisalabad,135705.37,Master,16,44389.55,486.0,2020-02-09,Yes,263239.54,Business,0
C100246,43.0,Female,islamabad,126325.28,Bachelor,23,39385.25,572.0,2020-03-09,Yes,10112.63,Unemployed,0
C100247,57.0,Male,karachi,87108.92,Intermediate,23,26207.32,782.0,2020-04-09,Yes,359568.91,Private,0
C100248,24.0,Female,islamabad,62011.24,Bachelor,30,27143.68,757.0,2020-05-09,Yes,216637.09,Government,0
C100249,26.0,Female,faisalabad,73398.01,Master,27,38046.63,791.0,2020-06-09,Yes,135983.01,Private,0
C100250,48.0,Male,rawalpindi,81345.38,PhD,2,38135.74,400.0,2020-07-09,Yes,305687.45,Private,0
C100251,26.0,Female,karachi,99102.8,Intermediate,28,15132.19,566.0,2020-08-09,Yes,206580.57,Government,0
C100252,19.0,Female,islamabad,80219.28,PhD,10,22882.67,316.0,2020-09-09,Yes,19421.73,Private,0
C100253,44.0,Female,islamabad,103290.9,Matric,14,25447.68,644.0,2020-10-09,Yes,287669.63,Private,0
C100254,57.0,Male,Lahore,41098.16,Intermediate,12,50515.55,566.0,2020-11-09,Yes,305556.29,Government,0
C100255,47.0,Male,karachi,74343.44,Intermediate,29,34387.08,574.3770154373927,2020-12-09,Yes,311775.8,Government,0
C100256,67.0,Female,islamabad,68066.19,PhD,31,17605.92,565.0,2023-12-04,No,472308.92,Unemployed,1
C100257,33.0,Male,faisalabad,70496.25,Master,13,41897.51,643.0,2020-09-14,No,122205.42,Unemployed,0
C100258,43.0,Male,islamabad,86113.85,Intermediate,8,40923.7,574.3770154373927,2020-09-15,Yes,57982.89,Private,0
C100259,28.0,Male,rawalpindi,88176.42,PhD,6,31250.26,579.0,2020-09-16,No,201985.47,Government,0
C100260,32.0,Male,islamabad,92390.99,Master,26,31862.39,844.0,2020-09-17,No,250608.68,Unemployed,0
C100261,46.0,Male,faisalabad,80573.37,Bachelor,17,20861.23,354.0,2020-09-18,Yes,302408.43,Business,0
C100262,52.0,Female,karachi,103378.82,Bachelor,15,17335.46,711.0,2020-09-19,Yes,267259.57,Private,0
C100263,55.0,Male,Lahore,78061.25,PhD,23,34641.09,698.0,2020-09-20,No,131602.45,Business,0
C100264,32.0,Male,karachi,52812.32,Master,2,26269.62,432.0,2020-09-21,Yes,132132.66,Private,0
C100265,31.0,Female,Lahore,85476.32999999999,Bachelor,13,41204.38,788.0,2020-09-22,No,177212.11,Private,0
C100266,41.0,Female,islamabad,56023.64,Master,11,49901.97,357.0,2020-09-23,Yes,149034.39,Unemployed,0
C100267,30.0,Male,islamabad,128390.87,PhD,10,57981.3,365.0,2020-09-24,Yes,247704.90777003483,Student,0
C100268,30.0,Male,faisalabad,49990.48,Matric,29,34833.46,574.3770154373927,2020-09-25,No,228845.91,Government,0
C100269,72.0,Male,rawalpindi,58040.21,Master,6,34623.89,421.0,2020-09-26,Yes,212308.1,Unemployed,1
C100270,37.0,Female,rawalpindi,99160.34,Bachelor,26,28099.19,584.0,2020-09-27,Yes,247704.90777003483,Unemployed,1
C100271,59.0,Female,rawalpindi,85476.32999999999,PhD,7,60458.52,442.0,2020-09-28,YES,445561.07,Unemployed,0
C100272,36.0,Female,karachi,82264.38,Intermediate,28,54170.84,422.0,2020-09-29,No,391613.9,Government,1
C100273,19.0,Male,karachi,95194.38,Bachelor,29,39119.64,445.0,2020-09-30,Yes,203649.47,Student,0
C100274,20.0,Male,rawalpindi,122793.62,PhD,24,48976.07,821.0,2020-01-10,Yes,365644.68,Student,0
C100275,46.22862068965517,Male,rawalpindi,124378.86,Intermediate,5,27833.66,797.0,2020-02-10,Yes,391303.08,Unemployed,0
C100276,38.0,Male,Lahore,45041.93,Master,30,11388.35,581.0,2020-03-10,Yes,304173.1,Private,0
C100277,18.0,Female,karachi,119175.51,Matric,24,27896.09,325.0,2020-04-10,No,301165.52,Government,1
C100278,39.0,Female,rawalpindi,59798.38,Matric,19,35956.99,573.0,2020-05-10,No,247704.90777003483,Student,0
C100279,33.0,Female,rawalpindi,99473.75,Bachelor,29,43667.9,310.0,2020-06-10,Yes,312238.17,Private,0
C100280,56.0,Female,islamabad,136778.49,PhD,31,45024.46,691.0,2020-07-10,Yes,384877.0,Student,0
C100281,70.0,Female,rawalpindi,82153.25,Bachelor,5,49989.88,829.0,2020-08-10,Yes,199664.85,Business,0
C100282,68.0,Male,karachi,61116.13,Matric,24,37737.24,708.0,2020-09-10,No,347777.71,Private,0
C100283,22.0,Female,faisalabad,73329.12,Master,11,31984.85,473.0,2020-10-10,Yes,265054.07,Unemployed,0
C100284,18.0,Male,rawalpindi,55660.09,Bachelor,18,45742.67,561.0,2020-11-10,Yes,137737.9,Private,0
C100285,66.0,Male,faisalabad,101798.96,Matric,29,77649.29,618.0,2020-12-10,Yes,27440.29,Private,0
C100286,28.0,Female,Lahore,71376.01,Intermediate,7,41013.44,783.0,2020-10-13,Yes,247704.90777003483,Unemployed,0
C100287,26.0,Male,Lahore,36529.99,Master,33,60262.76,677.0,2020-10-14,Yes,-15647.22,Unemployed,0
C100288,71.0,Female,Lahore,65103.25,Intermediate,22,36233.99,688.0,2020-10-15,Yes,287869.7,Student,0
C100289,46.22862068965517,Male,islamabad,65624.91,Matric,21,44162.46,817.0,2020-10-16,No,396293.99,Student,0
C100290,66.0,Female,faisalabad,102853.3,Bachelor,18,31234.56,711.0,2020-10-17,No,119305.47,Unemployed,0
C100291,62.0,Female,rawalpindi,103575.16,PhD,31,50603.49,593.0,2020-10-18,Yes,234459.88,Business,0
C100292,29.0,Female,islamabad,91696.59,Matric,23,40457.56,441.0,2020-10-19,Yes,249960.64,Unemployed,1
C100293,69.0,Female,karachi,100599.68,PhD,18,23086.21,405.0,2020-10-20,Yes,497320.06,Unemployed,1
C100294,53.0,Female,Lahore,86419.98,PhD,13,55688.66,688.0,2020-10-21,No,247704.90777003483,Unemployed,0
C100295,44.0,Female,rawalpindi,112068.9,Matric,28,29864.53,574.3770154373927,2020-10-22,Yes,244842.21,Government,1
C100296,45.0,Male,Lahore,55795.12,PhD,31,6759.86,537.0,2020-10-23,No,254732.14,Business,0
C100297,20.0,Female,faisalabad,130386.66,Bachelor,23,38208.37,559.0,2020-10-24,Yes,456729.17,Unemployed,1
C100298,67.0,Male,faisalabad,39150.16,Bachelor,10,30832.53,537.0,2020-10-25,Yes,317105.91,Business,0
C100299,35.0,Male,rawalpindi,48777.58,Matric,30,51503.98,757.0,2020-10-26,Yes,250383.85,Student,1
C100300,33.0,Female,karachi,107325.41,Matric,3,40192.46,742.0,2020-10-27,Yes,152735.75,Government,1
C100301,18.0,Female,faisalabad,85476.32999999999,Master,20,16192.0,545.0,2020-10-28,Yes,216895.17,Government,0
C100302,32.0,Male,karachi,77610.84,Bachelor,2,44068.53,364.0,2020-10-29,No,221865.65,Unemployed,0
C100303,37.0,Male,faisalabad,116078.5,Intermediate,20,34829.17,499.0,2020-10-30,Yes,342743.86,Unemployed,0
C100304,20.0,Male,Unknown,132757.44,Intermediate,17,34798.72,659.0,2020-10-31,No,133090.6,Private,0
C100305,55.0,Male,Lahore,77612.78,PhD,16,23848.84,817.0,2020-01-11,No,372438.36,Unemployed,1
C100306,26.0,Female,rawalpindi,111241.03,Bachelor,34,46507.3,669.0,2020-02-11,Yes,385541.02,Government,1
C100307,33.0,Female,karachi,92469.85,Intermediate,1,34798.72,538.0,2020-03-11,Yes,243162.35,Government,1
C100308,45.0,Male,faisalabad,39519.33,Bachelor,13,14619.74,625.0,2020-04-11,Yes,125509.35,Government,0
C100309,55.0,Male,Unknown,89124.37,Matric,14,83846.23,748.0,2020-05-11,No,226809.31,Business,0
C100310,28.0,Female,rawalpindi,113460.53,PhD,21,50695.58,757.0,2020-06-11,Yes,389121.75,Government,0
C100311,70.0,Male,Lahore,70648.62,PhD,2,16869.98,441.0,2020-07-11,Yes,268546.64,Unemployed,0
C100312,47.0,Female,Lahore,127085.38,Intermediate,31,28029.8,587.0,2020-08-11,No,2516.59,Government,1
C100313,44.0,Male,rawalpindi,89963.53,Master,22,34798.72,312.0,2020-09-11,No,413463.14,Business,1
C100314,60.0,Male,karachi,114437.42,Bachelor,2,8188.66,719.0,2020-10-11,No,118460.89,Student,0
C100315,29.0,Female,faisalabad,87027.43,Matric,12,39367.25,537.0,2020-11-11,Yes,111946.7,Unemployed,0
C100316,34.0,Male,karachi,87058.86,Bachelor,12,13234.88,688.0,2020-12-11,Yes,147198.81,Business,0
C100317,46.22862068965517,Female,Lahore,102032.16,Master,26,37905.52,558.0,2020-11-13,Yes,306704.01,Unemployed,0
C100318,58.0,Female,Lahore,42994.43,Matric,8,35072.76,348.0,2020-11-14,Yes,126221.64,Business,0
C100319,71.0,Female,faisalabad,68556.8,Bachelor,2,7656.88,361.0,2020-11-15,Yes,137783.0,Unemployed,0
C100320,53.0,Female,karachi,116352.68,PhD,4,18750.3,401.0,2020-11-16,Yes,503847.86,Unemployed,0
C100321,25.0,Male,karachi,85476.32999999999,Master,4,56508.64,731.0,2020-11-17,Yes,226061.93,Business,0
C100322,61.0,Female,karachi,71218.64,PhD,29,34798.72,310.0,2020-11-18,Yes,-26618.04,Government,0
C100323,46.22862068965517,Male,Unknown,94184.35,Matric,6,47353.89,835.0,2020-11-19,Yes,212075.26,Student,1
C100324,25.0,Male,rawalpindi,140488.55,PhD,30,38552.61,497.0,2020-11-20,Yes,107478.02,Business,1
C100325,34.0,Female,islamabad,26953.23,Intermediate,14,21642.09,570.0,2020-11-21,Yes,267448.66,Unemployed,1
C100326,62.0,Female,karachi,85930.84,Unknown,20,22251.29,549.0,2020-11-22,Yes,414437.43,Unemployed,1
C100327,25.0,Male,faisalabad,73713.05,PhD,9,34798.72,410.0,2020-11-23,Yes,503732.98,Business,0
C100328,73.0,Male,islamabad,55817.22,PhD,6,26772.66,693.0,2020-11-24,No,189448.51,Private,0
C100329,24.0,Male,rawalpindi,142534.0,Bachelor,21,48204.58,345.0,2020-11-25,Yes,272803.59,Unemployed,1
C100330,19.0,Male,islamabad,76053.77,Master,7,27136.77,546.0,2020-11-26,Yes,500016.08,Student,1
C100331,61.0,Female,Lahore,116698.99,Intermediate,1,62999.09,457.0,2020-11-27,Yes,250108.32,Student,1
C100332,18.0,Female,islamabad,47418.08,PhD,12,34097.25,679.0,2020-11-28,Yes,251238.59,Business,0
C100333,23.0,Male,islamabad,41682.52,Bachelor,19,52364.63,354.0,2020-11-29,Yes,218562.94,Student,0
C100334,56.0,Male,faisalabad,18480.41,Intermediate,34,26476.37,481.0,2020-11-30,Yes,40280.9,Private,1
C100335,46.22862068965517,Female,faisalabad,112160.8,Matric,21,42384.3,844.0,2020-01-12,Yes,184053.88,Private,0
C100336,68.0,Female,rawalpindi,153842.84,PhD,24,49924.12,722.0,2020-02-12,Yes,336504.05,Private,0
C100337,31.0,Female,rawalpindi,114924.87,Bachelor,32,32285.2,408.0,2020-03-12,Yes,236007.32,Unemployed,1
C100338,64.0,Female,karachi,74479.96,Intermediate,32,32048.3,338.0,2020-04-12,Yes,397892.96,Government,0
C100339,41.0,Male,karachi,65721.82,PhD,33,29057.8,342.0,2020-05-12,No,247704.90777003483,Business,1
C100340,62.0,Male,islamabad,89498.17,Master,23,42968.46,507.0,2020-06-12,Yes,297110.41,Business,1
C100341,26.0,Male,faisalabad,93898.51,Bachelor,5,23038.67,379.0,2020-07-12,Yes,226030.01,Unemployed,0
C100342,59.0,Male,faisalabad,36596.79,Matric,5,29561.63,776.0,2020-08-12,Yes,317125.16,Unemployed,0
C100343,55.0,Male,rawalpindi,134378.75,Intermediate,30,40766.04,561.0,2020-09-12,No,83883.11,Private,0
C100344,41.0,Female,Lahore,81605.52,PhD,22,29027.41,664.0,2020-10-12,Yes,328161.5,Private,0
C100345,44.0,Female,Lahore,112376.32,Unknown,31,58544.2,574.3770154373927,2020-11-12,Yes,-24208.22,Private,0
C100346,27.0,Male,faisalabad,145459.26,Unknown,28,37525.23,479.0,2020-12-12,Yes,364452.22,Business,0
C100347,40.0,Female,karachi,136688.83,Bachelor,4,28487.41,455.0,2020-12-13,No,240604.08,Student,1
C100348,52.0,Female,faisalabad,54782.1,Master,5,34798.72,735.0,2020-12-14,Yes,277082.81,Unemployed,0
C100349,63.0,Female,islamabad,55946.93,Master,7,39829.65,464.0,2020-12-15,Yes,137275.15,Government,0
C100350,52.0,Female,rawalpindi,36903.4,PhD,13,34144.3,332.0,2023-12-04,No,446820.3,Student,0
C100351,44.0,Female,islamabad,121272.88,Master,24,24725.8,469.0,2020-12-17,Yes,265637.14,Student,0
C100352,58.0,Female,karachi,85476.32999999999,Matric,2,21119.21,593.0,2020-12-18,Yes,377147.96,Business,1
C100353,57.0,Male,rawalpindi,100103.21,Bachelor,22,26006.36,595.0,2020-12-19,Yes,183461.97,Unemployed,0
C100354,71.0,Female,karachi,63159.66,PhD,12,61338.3,726.0,2020-12-20,no,89581.22,Government,0
C100355,62.0,Male,karachi,86076.38,Bachelor,21,41876.46,446.0,2020-12-21,N,386511.08,Business,1
C100356,22.0,Female,islamabad,62602.71,Bachelor,26,27427.83,578.0,2025-06-15,Yes,69194.92,Government,0
C100357,53.0,Female,islamabad,64415.67,PhD,12,40355.73,573.0,2020-12-23,Yes,118192.98,Unemployed,0
C100358,58.0,Male,islamabad,113123.27,Master,11,33586.34,306.0,2020-12-24,No,157070.44,Private,1
C100359,72.0,Male,faisalabad,93953.74,Intermediate,12,27712.53,692.0,2020-12-25,No,381134.07,Unemployed,0
C100360,61.0,Male,faisalabad,80013.73,Intermediate,14,18710.48,555.0,2020-12-26,Yes,247704.90777003483,Business,0
C100361,49.0,Female,islamabad,106314.2,Intermediate,4,34798.72,765.0,2020-12-27,No,207366.14,Student,0
C100362,20.0,Female,islamabad,85476.32999999999,Intermediate,9,30831.23,528.0,2020-12-28,Yes,182138.32,Government,1
C100363,30.0,Female,faisalabad,96306.22,Master,11,6043.66,379.0,2020-12-29,Yes,248856.87,Unemployed,1
C100364,61.0,Male,faisalabad,58966.45,PhD,27,58290.72,840.0,2020-12-30,Yes,194333.76,Business,0
C100365,48.0,Female,rawalpindi,85889.88,Intermediate,3,34798.72,547.0,2020-12-31,Yes,280879.74,Unemployed,0
C100366,57.0,Female,karachi,91626.91,Master,30,38962.45,355.0,2021-01-01,Yes,151581.24,Private,1
C100367,31.0,Female,karachi,85476.32999999999,Matric,22,24367.62,459.0,2021-02-01,Yes,215648.58,Government,0
C100368,63.0,Female,islamabad,61472.96,Bachelor,33,35783.0,718.0,2021-03-01,Yes,376545.04,Private,1
C100369,22.0,Female,islamabad,80473.03,Matric,14,42031.51,681.0,2021-04-01,Yes,167832.19,Private,0
C100370,73.0,Female,faisalabad,35815.49,Unknown,22,33160.85,317.0,2021-05-01,Yes,199620.97,Unemployed,0
C100371,46.22862068965517,Female,faisalabad,84702.05,Master,0,12030.76,389.0,2021-06-01,Yes,301289.98,Student,0
C100372,57.0,Male,islamabad,119557.47,Bachelor,12,25616.41,343.0,2021-07-01,Yes,160357.46,Unemployed,0
C100373,33.0,Female,faisalabad,149470.02,Bachelor,11,19692.94,770.0,2021-08-01,Yes,155516.0,Unemployed,0
C100374,63.0,Male,rawalpindi,87041.74,Bachelor,10,42668.36,829.0,2021-09-01,No,190178.85,Unemployed,0
C100375,35.0,Male,rawalpindi,46518.38,Matric,30,31047.99,359.0,2021-10-01,Yes,294079.24,Government,1
C100376,66.0,Male,karachi,115051.27,Intermediate,6,38080.96,703.0,2021-11-01,Yes,200845.67,Business,0
C100377,74.0,Female,faisalabad,80184.18,PhD,22,40011.05,529.0,2021-12-01,Yes,83130.96,Business,0
C100378,66.0,Female,Lahore,97297.42,Master,20,40831.03,841.0,2021-01-13,Yes,125145.08,Private,0
C100379,40.0,Male,Lahore,106610.79,PhD,8,40487.71,690.0,2021-01-14,Yes,311063.7,Student,0
C100380,69.0,Female,Lahore,103956.19,Master,3,42346.84,379.0,2021-01-15,Yes,135623.42,Government,0
C100381,43.0,Male,karachi,40481.61,Bachelor,31,19055.03,512.0,2021-01-16,Yes,267299.8,Student,0
C100382,64.0,Male,Lahore,95393.73,Master,0,25732.92,355.0,2021-01-17,Yes,442736.01,Government,0
C100383,70.0,Female,rawalpindi,50619.67,Master,20,33588.17,740.0,2021-01-18,No,285435.15,Business,0
C100384,39.0,Female,Lahore,109300.18,Intermediate,32,43066.18,431.0,2021-01-19,Yes,-50883.53,Government,0
C100385,63.0,Male,Lahore,135665.84,Master,11,23570.93,648.0,2021-01-20,No,78610.37,Government,0
C100386,74.0,Male,rawalpindi,100469.94,Bachelor,1,28494.67,578.0,2021-01-21,Yes,111704.13,Business,0
C100387,66.0,Male,islamabad,16654.16,Matric,2,14043.13,330.0,2021-01-22,Yes,274037.53,Student,1
C100388,29.0,Female,faisalabad,110783.44,Bachelor,23,23637.01,577.0,2021-01-23,Yes,125720.89,Government,0
C100389,44.0,Female,karachi,73444.58,Unknown,28,32594.48,787.0,2021-01-24,No,275668.94,Business,0
C100390,43.0,Female,islamabad,117383.57,Matric,9,30590.59,760.0,2021-01-25,Yes,389698.8,Government,0
C100391,30.0,Female,rawalpindi,146281.52,PhD,0,2849.21,533.0,2021-01-26,No,440127.13,Business,0
C100392,30.0,Male,islamabad,122477.99,Matric,15,24040.38,431.0,2021-01-27,Yes,412024.93,Unemployed,1
C100393,21.0,Male,Lahore,68170.51,Master,25,19231.78,713.0,2021-01-28,Yes,163601.49,Private,0
C100394,46.22862068965517,Female,karachi,42354.55,Intermediate,29,6971.36,652.0,2021-01-29,No,266947.49,Student,0
C100395,22.0,Male,Lahore,87257.45,Master,27,47851.64,757.0,2021-01-30,Yes,217658.04,Unemployed,0
C100396,25.0,Female,rawalpindi,60970.36,Bachelor,8,43485.63,711.0,2021-01-31,Yes,484472.31,Private,0
C100397,46.22862068965517,Male,faisalabad,135068.72,PhD,23,40190.47,410.0,2021-01-02,Yes,309372.28,Student,0
C100398,47.0,Male,karachi,114783.16,Master,9,41232.6,313.0,2021-02-02,Yes,281046.27,Unemployed,0
C100399,33.0,Female,Lahore,61761.65,PhD,21,29497.37,412.0,2021-03-02,No,113962.04,Private,1
C100400,43.0,Male,rawalpindi,114139.84,Matric,10,33612.53,569.0,2021-04-02,Yes,279989.35,Business,0
C100401,62.0,Male,faisalabad,68283.28,Matric,26,32915.66,329.0,2021-05-02,No,380884.09,Government,0
C100402,38.0,Female,faisalabad,117177.97,Intermediate,26,49141.19,848.0,2021-06-02,Yes,163440.64,Student,0
C100403,31.0,Male,Lahore,73440.3,Bachelor,29,64384.89,464.0,2021-07-02,No,382699.1,Business,0
C100404,22.0,Female,Lahore,112199.47,PhD,31,39174.41,529.0,2021-08-02,Yes,294846.26,Business,1
C100405,42.0,Male,islamabad,62957.56,Master,25,21033.61,719.0,2021-09-02,No,207173.23,Private,0
C100406,64.0,Female,Lahore,36715.55,PhD,12,35746.11,487.0,2021-10-02,No,280288.89,Unemployed,0
C100407,44.0,Female,Lahore,45811.23,Matric,4,50622.83,787.0,2021-11-02,No,314826.32,Student,0
C100408,33.0,Female,Unknown,72367.94,Intermediate,7,34798.72,737.0,2021-12-02,Yes,34417.9,Unemployed,0
C100409,35.0,Male,rawalpindi,83299.44,PhD,34,60632.87,850.0,2021-02-13,Y,383712.83,Business,1
C100410,18.0,Male,karachi,34669.95,Bachelor,16,28971.32,727.0,2021-02-14,Yes,247704.90777003483,Business,0
C100411,28.0,Male,faisalabad,82229.29,Bachelor,13,37954.14,802.0,2021-02-15,Yes,163838.35,Government,0
C100412,23.0,Male,karachi,108691.74,Matric,2,37578.08,470.0,2021-02-16,Yes,261725.33,Private,1
C100413,33.0,Male,Lahore,111727.34,Matric,1,60816.52,611.0,2021-02-17,Yes,344606.79,Private,0
C100414,71.0,Female,Lahore,69061.63,Intermediate,24,41878.75,764.0,2021-02-18,No,247704.90777003483,Student,0
C100415,66.0,Female,Lahore,36796.49,PhD,24,28756.17,569.0,2021-02-19,Yes,204055.97,Student,0
C100416,61.0,Male,karachi,161631.18,Master,31,33802.96,574.3770154373927,2021-02-20,Yes,393450.98,Private,0
C100417,74.0,Female,rawalpindi,85476.32999999999,Bachelor,21,25570.39,791.0,2021-02-21,No,204327.02,Government,0
C100418,35.0,Male,faisalabad,85740.34,Bachelor,20,24853.82,817.0,2021-02-22,Yes,67351.43,Government,0
C100419,39.0,Female,rawalpindi,134078.69,Master,12,33516.04,448.0,2021-02-23,Yes,149333.85,Business,0
C100420,20.0,Female,karachi,73765.93,PhD,25,9197.34,340.0,2021-02-24,No,285150.53,Private,0
C100421,44.0,Female,karachi,85851.2,Intermediate,3,24796.4,825.0,2021-02-25,No,412542.41,Government,0
C100422,47.0,Female,faisalabad,71000.97,Master,32,40435.71,789.0,2021-02-26,Yes,113767.34,Business,1
C100423,37.0,Female,Lahore,85476.32999999999,Bachelor,18,39529.32,402.0,2021-02-27,Yes,146076.98,Student,0
C100424,56.0,Male,rawalpindi,101428.96,Master,29,20880.34,541.0,2021-02-28,Yes,406986.85,Business,0
C100425,38.0,Male,rawalpindi,92354.69,Master,7,24845.69,594.0,2021-01-03,No,154118.37,Private,0
C100426,43.0,Male,Lahore,55782.72,PhD,0,27005.76,624.0,2021-02-03,No,249316.89,Business,1
C100427,57.0,Female,rawalpindi,110434.01,PhD,23,28719.57,675.0,2021-03-03,Yes,238672.16,Government,0
C100429,46.22862068965517,Male,karachi,40929.05,Matric,32,36029.83,474.0,2021-05-03,Yes,234630.67,Government,0
C100430,57.0,Female,rawalpindi,49762.13,Intermediate,18,26997.21,717.0,2021-06-03,No,166671.48,Unemployed,0
C100431,36.0,Male,Lahore,86387.25,Bachelor,33,12927.11,746.0,2021-07-03,Yes,305492.27,Government,0
C100432,30.0,Male,faisalabad,94446.07,PhD,4,49161.01,685.0,2021-08-03,No,375570.57,Business,0
C100433,26.0,Male,Lahore,119428.43,Bachelor,3,37665.96,728.0,2021-09-03,No,60850.91,Student,0
C100434,36.0,Female,karachi,96778.86,Unknown,6,32457.68,446.0,2021-10-03,Yes,265668.95,Government,0
C100435,58.0,Male,faisalabad,70636.96,Master,34,10242.5,692.0,2021-11-03,No,463058.72,Private,0
C100436,66.0,Female,Lahore,85476.32999999999,Bachelor,7,39334.96,830.0,2021-12-03,Yes,250294.35,Student,0
C100437,43.0,Male,Lahore,89345.92,Intermediate,26,33029.12,419.0,2021-03-13,Yes,196813.89,Government,1
C100438,22.0,Female,islamabad,111383.23,Master,14,46904.47,706.0,2021-03-14,Yes,143593.91,Private,0
C100439,70.0,Female,rawalpindi,61550.76,Matric,6,37157.7,394.0,2021-03-15,Yes,153449.95,Private,1
C100440,65.0,Female,karachi,98038.96,Matric,30,29785.14,457.0,2021-03-16,No,207733.02,Student,0
C100441,41.0,Male,faisalabad,105572.39,Intermediate,7,25657.17,408.0,2021-03-17,No,164513.89,Private,0
C100442,53.0,Male,karachi,161414.56,Master,27,50910.53,799.0,2021-03-18,Yes,289619.1,Government,0
C100443,19.0,Male,islamabad,62573.72,Bachelor,8,34798.72,587.0,2021-03-19,Yes,202275.24,Government,0
C100444,41.0,Female,Lahore,85476.32999999999,Matric,5,34798.72,624.0,2021-03-20,Yes,247161.54,Government,0
C100445,59.0,Male,islamabad,112744.2,Matric,29,34798.72,842.0,2021-03-21,No,105943.88,Business,0
C100446,60.0,Male,Lahore,103198.74,Matric,24,48723.33,578.0,2021-03-22,No,94131.69,Student,0
C100447,74.0,Male,karachi,74382.45,PhD,13,41793.86,741.0,2021-03-23,No,226567.81,Government,0
C100448,46.0,Female,Lahore,80567.01,Master,1,19285.26,624.0,2021-03-24,Yes,18580.42,Private,0
C100449,44.0,Male,karachi,91599.62,Master,12,56474.83,646.0,2021-03-25,Yes,364767.4,Government,1
C100450,48.0,Male,rawalpindi,85476.32999999999,Intermediate,5,85179.98,579.0,2021-03-26,Yes,298269.08,Private,0
C100451,72.0,Male,Lahore,131001.07,Master,14,34930.11,380.0,2021-03-27,Yes,136696.4,Business,0
C100452,24.0,Male,rawalpindi,106066.01,Unknown,11,35990.8,557.0,2021-03-28,Yes,353112.02,Student,0
C100453,27.0,Male,islamabad,51084.02,Matric,9,35137.95,811.0,2021-03-29,Yes,273074.6,Private,1
C100454,63.0,Male,karachi,32889.24,Matric,17,28794.55,599.0,2021-03-30,No,239206.93,Private,0
C100455,30.0,Male,Lahore,86932.99,Intermediate,0,43134.2,561.0,2021-03-31,No,295726.03,Student,0
C100456,53.0,Female,faisalabad,85393.99,Bachelor,11,8640.2,537.0,2021-01-04,Yes,165969.33,Student,0
C100457,37.0,Female,Lahore,105251.83,Unknown,17,30537.49,696.0,2021-02-04,No,298323.59,Government,0
C100458,61.0,Male,islamabad,85320.96,Bachelor,26,35550.71,768.0,2021-03-04,No,385190.63,Government,0
C100459,41.0,Female,islamabad,54247.35,Bachelor,34,12003.66,584.0,2021-04-04,Yes,172329.54,Student,0
C100460,27.0,Male,karachi,85476.32999999999,Bachelor,7,27423.83,432.0,2021-05-04,No,407676.97,Student,1
C100461,69.0,Female,Lahore,1.0,PhD,34,31954.63,750.0,2021-06-04,No,254478.0,Private,0
C100462,18.0,Female,Lahore,50522.47,Bachelor,1,19776.34,815.0,2021-07-04,Yes,197624.37,Business,0
C100463,73.0,Male,Lahore,64109.63,Intermediate,27,34798.72,769.0,2021-08-04,Y,193979.07,Private,0
C100464,20.0,Male,islamabad,85365.77,Bachelor,24,6161.5,753.0,2021-09-04,Yes,182631.96,Business,0
C100465,47.0,Female,faisalabad,68553.43,Unknown,22,66563.84,385.0,2021-10-04,Yes,188859.91,Private,0
C100466,70.0,Male,islamabad,94808.61,Bachelor,9,26614.98,687.0,2021-11-04,No,382754.96,Business,0
C100467,57.0,Male,faisalabad,101080.73,Bachelor,23,34798.72,799.0,2021-12-04,Yes,357143.19,Private,0
C100468,30.0,Female,Unknown,100318.88,Matric,11,14756.2,314.0,2021-04-13,Yes,332080.92,Business,0
C100469,53.0,Male,islamabad,88136.71,Bachelor,31,18437.79,474.0,2021-04-14,No,456665.51,Private,0
C100470,29.0,Female,islamabad,68197.94,Matric,16,8261.05,689.0,2021-04-15,No,415217.83,Government,1
C100471,67.0,Female,Lahore,51151.8,Intermediate,27,34798.72,309.0,2021-04-16,Yes,363087.83,Business,0
C100472,21.0,Female,Lahore,111126.32,Master,19,2298.38,319.0,2021-04-17,No,394647.78,Government,0
C100473,24.0,Female,Lahore,93039.48,PhD,6,40514.62,774.0,2021-04-18,No,58351.49,Unemployed,0
C100474,58.0,Male,karachi,109143.26,Bachelor,20,35664.12,751.0,2021-04-19,Yes,129769.22,Business,0
C100475,46.22862068965517,Male,Lahore,63528.86,PhD,30,50562.62,481.0,2021-04-20,Yes,191776.29,Private,0
C100476,60.0,Male,karachi,86298.57,PhD,2,38622.63,829.0,2021-04-21,No,282157.75,Government,0
C100477,64.0,Male,karachi,39115.65,Intermediate,32,34798.72,519.0,2021-04-22,No,422246.92,Business,1
C100478,22.0,Female,karachi,91815.3,Matric,32,30741.49,777.0,2021-04-23,No,208105.11,Unemployed,0
C100479,62.0,Male,faisalabad,55178.95,Bachelor,13,54382.67,486.0,2021-04-24,Yes,419925.83,Student,0
C100480,39.0,Female,karachi,53275.85,Master,32,2555.33,323.0,2021-04-25,Yes,242378.16,Private,0
C100481,61.0,Female,karachi,82018.08,Unknown,6,38284.54,798.0,2021-04-26,Yes,316011.53,Business,0
C100482,46.22862068965517,Male,rawalpindi,71380.53,Master,20,45380.48,643.0,2021-04-27,No,210673.91,Student,1
C100483,73.0,Female,Lahore,77227.56,Master,22,33066.09,599.0,2021-04-28,No,430302.77,Student,1
C100484,45.0,Female,Lahore,64065.07,Bachelor,26,54649.45,350.0,2021-04-29,Yes,473075.91,Private,0
C100485,19.0,Male,Lahore,105334.05,Master,16,40547.29,638.0,2021-04-30,No,189604.05,Government,0
C100486,58.0,Male,Lahore,104357.91,Bachelor,6,36355.83,499.0,2021-01-05,Yes,162535.77,Business,0
C100487,24.0,Male,islamabad,95176.25,Matric,3,34798.72,841.0,2021-02-05,Yes,335137.48,Student,0
C100488,52.0,Male,karachi,97131.71,PhD,34,34798.72,665.0,2021-03-05,Yes,186989.93,Government,0
C100489,26.0,Male,islamabad,72727.04,Matric,26,54225.75,556.0,2021-04-05,Yes,270678.78,Business,0
C100490,30.0,Female,islamabad,144872.76,Master,13,31423.66,752.0,2021-05-05,Yes,461648.37,Private,0
C100491,51.0,Male,Lahore,122098.46,Master,10,34798.72,800.0,2021-06-05,No,206342.81,Unemployed,0
C100492,51.0,Male,karachi,81161.15,Master,25,60145.11,571.0,2021-07-05,Yes,332020.8,Student,0
C100493,42.0,Female,faisalabad,96141.33,Matric,32,17274.75,316.0,2021-08-05,Yes,364095.41,Student,0
C100494,34.0,Female,faisalabad,40079.63,PhD,4,17816.06,373.0,2021-09-05,No,214523.5,Government,1
C100495,21.0,Male,islamabad,53655.47,Matric,16,33589.92,751.0,2021-10-05,Yes,247704.90777003483,Private,0
C100496,37.0,Male,karachi,107971.45,Intermediate,24,27857.17,746.0,2021-11-05,Yes,503436.88,Private,0
C100497,33.0,Female,faisalabad,135871.34,Intermediate,2,49482.72,684.0,2021-12-05,Yes,76090.56,Government,0
C100498,46.22862068965517,Female,islamabad,127958.08,PhD,2,51160.76,384.0,2021-05-13,No,393544.32,Business,1
C100499,40.0,Male,karachi,74750.84,PhD,6,51349.59,647.0,2021-05-14,No,261518.45,Student,1
C100500,48.0,Female,faisalabad,89030.77,Bachelor,11,31961.36,577.0,2021-05-15,No,299650.79,Government,0
C100501,46.0,Male,Lahore,85476.32999999999,Bachelor,34,42470.34,462.0,2021-05-16,Yes,360694.59,Private,1
C100502,70.0,Female,Lahore,74113.24,Bachelor,26,38138.14,599.0,2021-05-17,No,306544.93,Business,0
C100503,61.0,Female,islamabad,126033.98,Bachelor,10,10149.13,447.0,2021-05-18,No,309384.56,Unemployed,1
C100504,49.0,Female,Lahore,82688.83,PhD,29,34031.11,676.0,2021-05-19,Yes,468912.42,Unemployed,0
C100505,45.0,Female,islamabad,62733.42,Matric,6,10602.11,611.0,2021-05-20,Yes,62385.02,Business,1
C100506,69.0,Female,islamabad,78385.44,Master,34,38531.95,375.0,2021-05-21,Yes,147853.46,Student,0
C100507,65.0,Male,karachi,47208.38,Matric,26,25560.41,515.0,2021-05-22,Yes,299007.83,Business,0
C100508,57.0,Female,faisalabad,123303.5,Master,32,19109.05,387.0,2021-05-23,Yes,163061.47,Business,1
C100509,48.0,Female,Lahore,115322.75,PhD,30,30046.25,394.0,2021-05-24,Yes,247704.90777003483,Unemployed,1
C100510,24.0,Male,rawalpindi,120663.98,Matric,11,32130.62,684.0,2021-05-25,Yes,27894.33,Unemployed,0
C100511,38.0,Male,islamabad,24665.59,Matric,3,9976.47,808.0,2021-05-26,No,439218.45,Unemployed,1
C100512,58.0,Male,rawalpindi,79494.76,Intermediate,19,31879.99,735.0,2021-05-27,No,329452.05,Unemployed,0
C100513,63.0,Female,faisalabad,80528.33,Bachelor,19,18916.23,816.0,2021-05-28,No,251458.73,Student,0
C100514,56.0,Male,karachi,150498.92,Matric,19,57559.14,679.0,2021-05-29,No,289174.96,Unemployed,1
C100515,28.0,Male,islamabad,85476.32999999999,Bachelor,17,50140.81,349.0,2021-05-30,No,344089.91,Student,0
C100516,30.0,Male,faisalabad,94167.84,Master,16,36394.18,585.0,2021-05-31,Yes,123407.12,Government,0
C100517,68.0,Male,rawalpindi,77599.63,Bachelor,8,18864.1,311.0,2021-01-06,Yes,169150.05,Government,0
C100518,38.0,Female,Lahore,103289.24,Matric,17,56204.72,619.0,2021-02-06,No,325915.11,Business,0
C100519,56.0,Female,islamabad,69629.12,PhD,16,15090.92,807.0,2021-03-06,Yes,326027.5,Student,0
C100520,29.0,Male,faisalabad,57768.45,Matric,4,35529.72,442.0,2021-04-06,Yes,425119.85,Private,0
C100521,72.0,Female,faisalabad,95180.99,Intermediate,9,31877.31,417.0,2021-05-06,No,367036.75,Private,0
C100522,33.0,Female,islamabad,99192.57,PhD,27,23663.23,833.0,2021-06-06,No,85552.65,Unemployed,0
C100523,29.0,Female,islamabad,73056.21,Intermediate,33,29163.2,501.0,2021-07-06,Yes,431762.01,Student,0
C100524,33.0,Male,faisalabad,107940.65,Master,12,77044.81,692.0,2021-08-06,No,166314.33,Government,0
C100525,31.0,Male,Lahore,109591.6,Matric,27,32446.79,604.0,2021-09-06,Yes,235608.25,Student,0
C100526,23.0,Female,faisalabad,107257.67,PhD,15,55604.72,481.0,2021-10-06,No,354929.48,Business,0
C100527,46.22862068965517,Female,islamabad,88115.6,PhD,21,18540.82,440.0,2021-11-06,No,276132.48,Unemployed,0
C100528,50.0,Male,rawalpindi,114690.79,PhD,1,16136.23,766.0,2021-12-06,Yes,214024.64,Student,0
C100529,26.0,Female,faisalabad,129126.74,PhD,11,7275.67,451.0,2021-06-13,Yes,29393.33,Private,0
C100530,44.0,Male,faisalabad,50408.04,Master,10,45332.01,611.0,2021-06-14,Yes,257410.37,Private,0
C100531,20.0,Male,rawalpindi,74304.93,Matric,4,30004.09,378.0,2021-06-15,Yes,208484.99,Student,0
C100532,49.0,Female,rawalpindi,84215.39,Bachelor,2,41198.93,419.0,2021-06-16,No,458625.28,Business,0
C100533,38.0,Male,islamabad,77047.04,PhD,22,40701.23,426.0,2021-06-17,No,340927.62,Private,0
C100534,56.0,Female,faisalabad,84689.64,Bachelor,27,29451.26,757.0,2021-06-18,No,400733.54,Student,0
C100535,60.0,Male,karachi,72637.73,Bachelor,1,33586.3,754.0,2021-06-19,Yes,118232.92,Business,0
C100536,27.0,Female,rawalpindi,23184.91,PhD,11,38171.14,574.3770154373927,2021-06-20,No,213787.92,Business,0
C100537,46.22862068965517,Male,islamabad,61518.22,Intermediate,9,21936.59,574.3770154373927,2021-06-21,No,479265.53,Private,1
C100538,63.0,Female,rawalpindi,16428.31,Matric,23,40257.11,838.0,2021-06-22,No,387748.57,Business,1
C100539,31.0,Female,Lahore,137059.93,PhD,24,32569.78,323.0,2021-06-23,Yes,170138.41,Government,0
C100540,43.0,Male,islamabad,85476.32999999999,Master,29,14819.96,784.0,2021-06-24,Yes,210489.27,Business,0
C100541,71.0,Female,karachi,45797.49,Master,30,24573.17,828.0,2021-06-25,Yes,229958.91,Student,0
C100542,68.0,Male,Unknown,13955.83,Matric,13,45534.7,413.0,2021-06-26,No,185771.74,Government,0
C100543,22.0,Female,rawalpindi,112385.47,Matric,32,27925.01,420.0,2021-06-27,Yes,-17605.24,Student,0
C100544,68.0,Female,karachi,94097.59,Matric,13,31305.99,368.0,2021-06-28,Yes,-25935.28,Government,1
C100545,22.0,Female,Lahore,24541.32,Bachelor,19,24797.7,599.0,2021-06-29,No,247704.90777003483,Business,0
C100546,36.0,Male,Lahore,70429.43,Intermediate,8,15881.55,352.0,2021-06-30,Yes,11923.13,Government,1
C100547,58.0,Male,faisalabad,85865.91,Matric,30,60481.16,695.0,2021-01-07,no,301201.86,Government,0
C100548,64.0,Male,islamabad,79816.63,PhD,16,12715.57,461.0,2021-02-07,Yes,-32965.54,Private,0
C100549,21.0,Male,faisalabad,89716.24,Master,25,55214.77,724.0,2021-03-07,No,247704.90777003483,Private,0
C100550,72.0,Female,islamabad,95344.3,Bachelor,3,34081.14,827.0,2021-04-07,Yes,200416.33,Private,0
C100551,73.0,Male,Lahore,84583.4,Matric,19,16945.33,574.3770154373927,2021-05-07,No,213798.08,Business,0
C100552,39.0,Female,faisalabad,42203.05,PhD,32,36048.92,596.0,2021-06-07,Yes,220001.72,Student,1
C100553,33.0,Female,islamabad,120354.94,Intermediate,8,32685.93,761.0,2021-07-07,Yes,422654.09,Government,0
C100554,24.0,Female,Lahore,84384.59,Intermediate,1,41691.71,759.0,2021-08-07,Yes,283869.23,Business,0
C100555,25.0,Female,islamabad,74115.36,PhD,9,42959.0,837.0,2021-09-07,Yes,108728.16,Government,0
C100556,21.0,Male,Lahore,85443.14,Intermediate,4,41228.65,574.3770154373927,2021-10-07,Yes,262438.06,Business,0
C100557,61.0,Male,faisalabad,94934.66,Matric,16,19357.78,428.0,2021-11-07,No,189769.54,Business,0
C100558,42.0,Female,islamabad,45929.77,Master,15,12470.06,386.0,2021-12-07,Yes,161176.32,Unemployed,1
C100559,42.0,Male,islamabad,74721.71,Intermediate,3,10857.68,748.0,2021-07-13,Yes,413201.45,Business,0
C100560,32.0,Male,rawalpindi,82567.06,Master,19,43246.06,765.0,2021-07-14,No,504324.85,Government,0
C100561,69.0,Female,Lahore,95004.83,Bachelor,3,47125.92,649.0,2021-07-15,Yes,247704.90777003483,Private,0
C100562,47.0,Female,Lahore,139167.39,Master,19,29117.8,836.0,2021-07-16,Yes,341363.67,Private,0
C100563,46.0,Male,Lahore,80836.71,Intermediate,20,23760.15,777.0,2021-07-17,No,339268.66,Government,0
C100564,39.0,Male,karachi,94260.86,Matric,7,55590.0,351.0,2021-07-18,No,338835.52,Business,0
C100565,18.0,Male,rawalpindi,95971.76,Master,32,19281.46,372.0,2021-07-19,Yes,247704.90777003483,Student,1
C100566,27.0,Female,Lahore,71634.03,Unknown,19,34798.72,564.0,2021-07-20,Yes,235284.65,Unemployed,0
C100567,27.0,Male,rawalpindi,94583.51,Bachelor,29,38554.1,507.0,2021-07-21,Yes,233128.51,Private,0
C100568,42.0,Male,faisalabad,67117.72,Bachelor,23,36671.61,770.0,2021-07-22,No,298123.97,Government,0
C100569,23.0,Female,rawalpindi,85476.32999999999,Bachelor,32,37177.37,574.3770154373927,2021-07-23,Yes,259527.1,Private,0
C100570,46.22862068965517,Female,rawalpindi,128771.38,Unknown,5,8428.09,574.3770154373927,2021-07-24,No,-31787.71,Unemployed,0
C100571,28.0,Female,karachi,88126.95,PhD,20,41706.05,367.0,2021-07-25,Yes,247704.90777003483,Government,1
C100572,51.0,Male,Lahore,82785.37,Intermediate,3,38563.82,693.0,2021-07-26,No,321096.64,Student,0
C100573,33.0,Female,faisalabad,75760.74,Intermediate,4,27433.88,842.0,2021-07-27,Yes,86862.24,Private,0
C100574,22.0,Female,Unknown,98863.55,Matric,23,33005.21,814.0,2021-07-28,No,337482.54,Student,0
C100575,22.0,Female,karachi,29587.59,Matric,29,47385.09,410.0,2021-07-29,Yes,182117.76,Unemployed,1
C100576,45.0,Female,Lahore,75759.58,Intermediate,10,53390.66,537.0,2021-07-30,No,152589.23,Student,0
C100577,68.0,Male,rawalpindi,74176.21,Bachelor,4,53854.98,436.0,2021-07-31,Yes,241599.59,Student,0
C100578,59.0,Female,faisalabad,85973.48,Intermediate,8,49175.2,719.0,2021-01-08,Yes,273553.09,Private,0
C100579,56.0,Male,rawalpindi,86993.78,Bachelor,26,20035.05,370.0,2021-02-08,No,74191.3,Private,0
C100580,53.0,Male,rawalpindi,63431.78,PhD,29,48486.89,356.0,2021-03-08,Yes,162532.04,Unemployed,1
C100581,43.0,Female,faisalabad,101616.53,Intermediate,32,24293.21,769.0,2021-04-08,No,195145.25,Government,1
C100582,57.0,Male,islamabad,132453.41,Bachelor,11,34989.8,584.0,2021-05-08,Yes,231441.68,Private,0
C100583,69.0,Female,Lahore,96548.53,Master,3,28530.34,772.0,2021-06-08,No,315878.23,Private,0
C100584,48.0,Male,faisalabad,91480.77,Intermediate,12,39156.7,454.0,2021-07-08,Yes,308331.38,Government,0
C100585,52.0,Female,karachi,91065.56,Intermediate,4,16245.97,427.0,2021-08-08,Yes,314437.88,Student,0
C100586,28.0,Female,faisalabad,95588.61,Master,19,17664.18,831.0,2021-09-08,Yes,408704.98,Unemployed,0
C100587,56.0,Female,karachi,51697.09,Matric,20,19570.65,476.0,2021-10-08,Yes,334301.05,Unemployed,1
C100588,24.0,Male,rawalpindi,61764.02,PhD,18,42324.38,471.0,2021-11-08,No,295963.64,Unemployed,0
C100589,58.0,Male,islamabad,86394.27,Matric,13,60528.13,574.3770154373927,2021-12-08,No,543007.66,Private,0
C100590,74.0,Female,islamabad,104611.14,Matric,26,19770.02,832.0,2021-08-13,Yes,207195.56,Business,0
C100591,43.0,Male,karachi,85476.32999999999,Intermediate,5,6481.19,338.0,2021-08-14,no,261768.56,Government,1
C100592,47.0,Female,islamabad,87345.39,Matric,23,53321.05,624.0,2021-08-15,Yes,128713.01,Student,0
C100593,46.22862068965517,Female,islamabad,85476.32999999999,Intermediate,4,46664.64,640.0,2021-08-16,No,102328.85,Unemployed,0
C100594,60.0,Female,islamabad,97986.78,Master,0,35306.72,721.0,2021-08-17,No,323983.94,Student,0
C100595,68.0,Female,rawalpindi,95179.49,PhD,33,40434.07,759.0,2021-08-18,Yes,334587.95,Unemployed,0
C100596,27.0,Male,karachi,122703.93,Intermediate,17,34845.32,601.0,2021-08-19,Yes,514848.63,Student,0
C100597,39.0,Female,karachi,130585.52,Matric,29,37071.77,718.0,2021-08-20,No,269521.77,Government,0
C100598,38.0,Male,islamabad,58306.32,Intermediate,28,23348.43,690.0,2021-08-21,Yes,271798.34,Student,0
C100599,42.0,Male,islamabad,84940.42,Master,10,32231.67,409.0,2021-08-22,No,88305.29,Private,0
C100600,19.0,Male,islamabad,58546.2,Bachelor,0,16688.26,839.0,2021-08-23,Yes,308761.39,Unemployed,1
C100601,33.0,Male,Lahore,59012.67,Bachelor,16,26567.81,574.3770154373927,2021-08-24,No,264007.6,Government,0
C100602,46.0,Female,rawalpindi,108833.31,Intermediate,34,57518.94,648.0,2021-08-25,No,241132.23,Business,0
C100603,49.0,Female,islamabad,88962.01,Matric,14,40904.9,548.0,2021-08-26,No,219687.05,Student,0
C100604,61.0,Male,karachi,111990.67,Master,27,50598.05,845.0,2021-08-27,Yes,96040.7,Government,0
C100605,48.0,Male,karachi,47533.25,Master,33,35620.07,421.0,2021-08-28,Yes,247704.90777003483,Unemployed,0
C100606,20.0,Female,karachi,81816.39,Matric,27,59995.79,555.0,2021-08-29,No,337819.96,Student,0
C100607,42.0,Female,islamabad,69472.4,Matric,9,58190.69,681.0,2021-08-30,Yes,161195.85,Private,0
C100608,42.0,Female,karachi,47131.29,Matric,13,32459.81,574.3770154373927,2021-08-31,Yes,315581.27,Private,1
C100609,38.0,Female,Lahore,29464.45,Bachelor,16,33421.69,361.0,2021-01-09,No,203759.08,Unemployed,0
C100610,46.22862068965517,Male,Lahore,114952.36,PhD,7,34798.72,519.0,2021-02-09,Yes,165445.2,Private,0
C100611,48.0,Female,Lahore,57309.68,Bachelor,33,42412.33,483.0,2021-03-09,Yes,500610.48,Government,1
C100612,44.0,Female,karachi,55419.52,Master,27,52837.98,731.0,2021-04-09,No,316798.35,Business,0
C100613,39.0,Male,karachi,96977.49,Master,21,58925.33,746.0,2021-05-09,No,275977.72,Private,0
C100614,74.0,Female,Lahore,92270.16,Intermediate,17,30865.6,811.0,2021-06-09,Yes,490730.14,Unemployed,0
C100615,62.0,Female,islamabad,85476.32999999999,Matric,0,48817.47,478.0,2021-07-09,Yes,289370.98,Student,1
C100616,26.0,Female,karachi,53926.6,Matric,6,12139.93,395.0,2021-08-09,Yes,174581.63,Business,0
C100617,26.0,Female,Lahore,147418.57,Intermediate,29,21649.82,574.3770154373927,2021-09-09,No,266876.13,Unemployed,0
C100618,33.0,Female,Lahore,85476.32999999999,Master,19,28890.25,494.0,2021-10-09,Yes,184470.78,Business,1
C100619,59.0,Male,faisalabad,140491.79,Intermediate,26,16650.16,664.0,2021-11-09,Yes,196016.07,Private,0
C100620,29.0,Male,faisalabad,40856.59,Master,32,18891.06,531.0,2021-12-09,Yes,267741.6,Business,0
C100621,29.0,Female,islamabad,77674.29,Matric,30,52030.33,514.0,2021-09-13,Yes,481121.08,Business,1
C100622,74.0,Female,karachi,55250.7,PhD,32,50136.93,667.0,2021-09-14,No,-138086.23,Business,0
C100623,71.0,Male,faisalabad,50252.75,Bachelor,4,32803.54,754.0,2021-09-15,N,180171.89,Government,0
C100624,58.0,Female,karachi,99400.52,Bachelor,10,34798.72,517.0,2021-09-16,Yes,503985.84,Student,1
C100625,39.0,Female,Lahore,102336.28,PhD,33,40072.64,652.0,2021-09-17,No,-67346.74,Business,0
C100626,54.0,Female,faisalabad,97555.76,PhD,21,24851.9,545.0,2021-09-18,Yes,481134.34,Private,1
C100627,36.0,Female,islamabad,149548.11,Matric,24,47440.12,324.0,2021-09-19,Yes,205613.69,Business,0
C100628,18.0,Male,Lahore,125988.48,Matric,8,18897.81,741.0,2021-09-20,No,157915.4,Business,0
C100629,69.0,Male,islamabad,55734.01,Master,14,40255.56,693.0,2021-09-21,No,411679.82,Private,1
C100630,74.0,Female,faisalabad,97695.58,Bachelor,21,53712.34,431.0,2021-09-22,Yes,281152.58,Government,0
C100631,46.22862068965517,Male,Lahore,97809.84,Matric,32,5955.33,449.0,2021-09-23,Yes,182286.29,Business,1
C100632,50.0,Male,rawalpindi,109213.09,PhD,19,23311.76,652.0,2021-09-24,Yes,161908.94,Government,0
C100633,73.0,Female,rawalpindi,110592.47,Bachelor,8,37808.33,758.0,2021-09-25,Yes,183022.64,Business,0
C100634,64.0,Male,faisalabad,136031.87,Master,12,40856.92,415.0,2021-09-26,No,339098.6,Government,0
C100635,70.0,Male,islamabad,118052.83,PhD,20,21030.83,803.0,2021-09-27,Yes,264812.09,Student,0
C100636,63.0,Female,karachi,129135.66,Master,9,40926.64,652.0,2021-09-28,Yes,248671.0,Private,0
C100637,55.0,Male,faisalabad,96078.03,Matric,24,30068.11,670.0,2021-09-29,Yes,373678.62,Student,1
C100638,47.0,Male,faisalabad,35971.75,PhD,24,25122.84,533.0,2021-09-30,Yes,247704.90777003483,Business,1
C100639,50.0,Male,islamabad,114063.98,Bachelor,14,48898.61,758.0,2021-01-10,Yes,323235.86,Student,0
C100640,19.0,Male,karachi,59935.45,Bachelor,23,13706.41,516.0,2021-02-10,No,341282.47,Student,0
C100641,47.0,Male,faisalabad,85476.32999999999,Intermediate,11,52154.66,813.0,2021-03-10,Yes,136255.73,Private,0
C100642,19.0,Female,rawalpindi,70997.66,Bachelor,0,37321.19,324.0,2021-04-10,No,368999.86,Government,1
C100643,22.0,Male,faisalabad,75404.86,Bachelor,34,55324.48,478.0,2021-05-10,No,306722.13,Private,0
C100644,46.22862068965517,Female,rawalpindi,94598.05,Intermediate,5,34743.51,448.0,2021-06-10,Yes,194147.05,Unemployed,0
C100645,23.0,Male,Lahore,118005.21,Master,4,33355.24,345.0,2021-07-10,Yes,435002.1,Unemployed,0
C100646,50.0,Male,karachi,114072.85,PhD,14,55141.55,620.0,2021-08-10,Yes,463019.97,Business,0
C100647,57.0,Female,karachi,108390.85,PhD,26,19810.61,390.0,2021-09-10,No,424205.9,Government,1
C100648,19.0,Female,karachi,83392.4,Intermediate,12,19176.78,836.0,2021-10-10,No,238819.83,Unemployed,0
C100649,72.0,Female,rawalpindi,127973.98,Bachelor,0,20725.11,640.0,2021-11-10,Yes,79925.28,Government,1
C100650,41.0,Female,Lahore,80841.64,PhD,15,28212.17,321.0,2021-12-10,Yes,253795.84,Business,0
C100651,47.0,Female,rawalpindi,100755.68,Matric,14,21078.01,587.0,2021-10-13,Yes,321779.11,Business,0
C100652,71.0,Male,faisalabad,41022.72,PhD,26,42230.28,449.0,2021-10-14,Yes,259192.1,Government,1
C100653,18.0,Male,rawalpindi,38839.9,Master,21,34596.8,730.0,2021-10-15,No,283621.49,Business,0
C100654,25.0,Female,islamabad,79133.59,Intermediate,7,21087.02,692.0,2021-10-16,No,231958.13,Business,0
C100655,65.0,Male,karachi,104026.8,Intermediate,12,15233.34,376.0,2021-10-17,No,1148.12,Unemployed,1
C100656,35.0,Female,faisalabad,104942.6,PhD,27,24619.14,633.0,2021-10-18,No,255887.5,Private,0
C100657,65.0,Male,faisalabad,85476.32999999999,Master,15,14699.75,486.0,2021-10-19,Yes,253800.07,Private,0
C100658,70.0,Female,faisalabad,111982.4,PhD,34,40142.03,479.0,2021-10-20,No,257337.85,Private,0
C100659,37.0,Female,islamabad,58505.11,Intermediate,30,51507.27,511.0,2021-10-21,Yes,503135.58,Unemployed,0
C100660,18.0,Male,islamabad,128392.07,Intermediate,3,27307.84,485.0,2021-10-22,Yes,65214.99,Student,0
C100661,56.0,Female,rawalpindi,121030.49,Bachelor,23,39716.39,647.0,2021-10-23,Yes,69540.84,Government,0
C100662,63.0,Male,karachi,57293.98,Intermediate,9,52294.2,619.0,2021-10-24,No,87382.37,Government,0
C100663,26.0,Female,faisalabad,104449.45,Matric,3,20600.07,342.0,2021-10-25,Yes,247704.90777003483,Private,0
C100664,32.0,Male,rawalpindi,95998.68,Master,20,53067.75,399.0,2021-10-26,Yes,270386.35,Unemployed,0
C100665,27.0,Male,Lahore,28567.01,Master,6,35057.07,436.0,2021-10-27,Yes,57757.22,Business,1
C100666,52.0,Female,faisalabad,75720.02,Intermediate,10,34798.72,696.0,2021-10-28,Yes,247704.90777003483,Private,0
C100667,58.0,Female,faisalabad,50099.47,Matric,14,31136.29,770.0,2021-10-29,No,287975.61,Government,0
C100668,19.0,Female,karachi,82956.52,Master,21,48661.08,687.0,2021-10-30,Yes,247704.90777003483,Business,0
C100669,47.0,Female,islamabad,98907.43,Matric,6,63187.08,700.0,2021-10-31,Yes,106172.24,Government,0
C100670,59.0,Male,Lahore,83004.7,Bachelor,24,53429.27,682.0,2021-01-11,Yes,497897.64,Business,0
C100671,51.0,Female,rawalpindi,117372.28,Master,34,34537.24,748.0,2021-02-11,Yes,461180.62,Student,0
C100672,74.0,Female,rawalpindi,108284.09,PhD,17,34030.03,611.0,2021-03-11,No,376182.82,Student,0
C100673,47.0,Male,karachi,102531.8,PhD,9,58320.71,723.0,2021-04-11,Yes,314383.32,Government,0
C100674,71.0,Male,Lahore,65042.9,Master,11,28746.64,464.0,2021-05-11,No,133472.94,Unemployed,0
C100675,71.0,Female,faisalabad,67893.49,Matric,16,23090.23,473.0,2021-06-11,No,247704.90777003483,Private,0
C100677,62.0,Male,faisalabad,20416.85,Matric,27,34798.72,367.0,2021-08-11,Yes,197563.51,Private,0
C100678,53.0,Female,Lahore,126460.18,PhD,0,63982.02,714.0,2021-09-11,Yes,321938.35,Government,0
C100679,69.0,Female,Unknown,28252.23,Bachelor,24,36898.88,769.0,2021-10-11,No,203247.78,Government,0
C100680,32.0,Female,Lahore,119463.6,PhD,10,31878.92,397.0,2021-11-11,No,410768.55,Government,0
C100681,34.0,Male,Lahore,52525.87,Matric,20,40614.81,629.0,2021-12-11,Yes,181662.87,Private,0
C100682,41.0,Male,rawalpindi,40792.7,Matric,9,74318.19,646.0,2021-11-13,Yes,293392.2,Private,0
C100683,73.0,Male,faisalabad,98419.98,Intermediate,16,38694.53,430.0,2021-11-14,Yes,224091.84,Business,0
C100684,74.0,Male,Lahore,111401.86,Matric,14,21779.82,586.0,2021-11-15,No,222675.22,Government,0
C100685,64.0,Female,islamabad,83026.37,Bachelor,6,28883.16,406.0,2021-11-16,Yes,473016.07,Business,0
C100686,20.0,Female,islamabad,83897.64,Unknown,17,31822.15,500.0,2021-11-17,Yes,177063.39,Private,0
C100687,23.0,Female,faisalabad,48423.61,Bachelor,6,21559.11,377.0,2021-11-18,No,412494.51,Unemployed,1
C100688,56.0,Female,islamabad,88109.82,Bachelor,0,21990.35,390.0,2021-11-19,No,189810.45,Unemployed,1
C100689,22.0,Male,islamabad,60722.56,Master,22,9353.73,831.0,2021-11-20,Yes,268453.5,Student,0
C100690,73.0,Female,rawalpindi,80493.18,Master,23,12161.5,618.0,2021-11-21,Yes,155471.48,Private,0
C100691,28.0,Female,islamabad,83899.06,PhD,25,28973.83,350.0,2021-11-22,Yes,468894.98,Student,0
C100692,71.0,Female,islamabad,113418.51,PhD,13,10950.45,609.0,2021-11-23,Yes,293289.05,Business,1
C100693,37.0,Male,faisalabad,117551.65,Matric,11,34798.72,486.0,2021-11-24,No,247704.90777003483,Business,0
C100694,32.0,Female,faisalabad,106516.25,Bachelor,0,21749.34,645.0,2021-11-25,yes,137996.32,Private,1
C100695,30.0,Male,islamabad,86202.38,Bachelor,6,3844.0,431.0,2021-11-26,Yes,198277.65,Business,0
C100696,61.0,Male,Lahore,32688.08,Master,18,37221.14,333.0,2021-11-27,No,313188.63,Student,1
C100697,20.0,Female,Lahore,126000.85,Master,1,22938.75,332.0,2021-11-28,Yes,112775.98,Business,1
C100698,51.0,Male,faisalabad,65161.0,Master,9,42802.31,470.0,2021-11-29,Yes,247704.90777003483,Student,1
C100699,43.0,Male,islamabad,59744.16,Matric,29,46712.01,505.0,2021-11-30,Yes,385766.92,Unemployed,1
C100700,49.0,Male,faisalabad,70234.25,Intermediate,30,26526.59,847.0,2021-01-12,Yes,152956.58,Unemployed,0
C100701,32.0,Female,faisalabad,59940.12,PhD,6,39720.57,834.0,2021-02-12,Yes,93237.48,Business,0
C100702,21.0,Female,Lahore,87987.34,Master,19,23207.86,419.0,2021-03-12,Yes,417195.41,Business,0
C100703,44.0,Female,karachi,68269.85,Intermediate,1,26377.52,598.0,2021-04-12,Yes,388605.68,Government,0
C100704,36.0,Female,karachi,119921.77,Master,33,15786.2,424.0,2021-05-12,Yes,214054.16,Private,0
C100705,62.0,Female,rawalpindi,42938.55,Matric,18,45354.0,545.0,2021-06-12,No,217777.91,Business,1
C100706,37.0,Female,faisalabad,65624.59,PhD,19,19863.28,719.0,2021-07-12,Yes,251036.49,Student,0
C100707,36.0,Male,islamabad,6343.52,PhD,3,30979.74,665.0,2021-08-12,Yes,376816.14,Unemployed,0
C100708,39.0,Female,islamabad,88585.01,Matric,17,54225.46,850.0,2021-09-12,No,62100.0,Business,0
C100709,20.0,Male,karachi,133951.29,Intermediate,16,39175.54,356.0,2021-10-12,no,130286.22,Business,0
C100710,46.0,Male,faisalabad,66328.51,Bachelor,30,25196.55,708.0,2021-11-12,Yes,264632.62,Government,1
C100711,65.0,Female,faisalabad,68891.0,Bachelor,21,42204.55,809.0,2021-12-12,Yes,174355.79,Student,0
C100712,46.0,Female,karachi,68810.74,Master,15,63.82,833.0,2021-12-13,Yes,201578.06,Private,0
C100713,45.0,Male,rawalpindi,112339.23,Master,9,37993.45,749.0,2021-12-14,Yes,113642.81,Unemployed,0
C100714,46.0,Female,Lahore,114934.26,Intermediate,3,50096.55,762.0,2021-12-15,No,244344.03,Government,0
C100715,31.0,Male,islamabad,34224.95,PhD,24,5431.95,747.0,2021-12-16,Yes,270868.65,Unemployed,0
C100716,24.0,Male,rawalpindi,94945.74,PhD,25,39940.0,397.0,2021-12-17,yes,327004.74,Government,1
C100717,70.0,Female,faisalabad,134908.71,Bachelor,23,34296.0,794.0,2021-12-18,No,256147.63,Business,0
C100718,62.0,Female,karachi,60908.43,Matric,32,38558.69,601.0,2021-12-19,Yes,326045.51,Unemployed,0
C100719,59.0,Female,faisalabad,67992.33,Matric,9,49573.37,333.0,2021-12-20,No,91522.56,Government,0
C100720,21.0,Female,karachi,51412.72,Bachelor,17,46574.56,397.0,2021-12-21,No,172242.41,Government,0
C100721,42.0,Female,Lahore,65506.87,PhD,23,20199.67,436.0,2021-12-22,Yes,123322.31,Private,0
C100722,18.0,Female,Lahore,85476.32999999999,Intermediate,1,39218.95,531.0,2021-12-23,No,247704.90777003483,Private,0
C100723,37.0,Female,rawalpindi,95023.59,Matric,4,21752.0,414.0,2021-12-24,No,300383.99,Unemployed,0
C100724,23.0,Male,faisalabad,62835.14,PhD,10,24289.04,685.0,2021-12-25,No,198206.06,Government,0
C100725,22.0,Male,faisalabad,89142.86,PhD,12,31171.76,375.0,2021-12-26,Yes,85777.88,Unemployed,0
C100726,44.0,Male,rawalpindi,69035.64,Matric,0,38203.64,642.0,2021-12-27,No,100385.16,Student,0
C100727,34.0,Male,karachi,85476.32999999999,Bachelor,19,57314.28,495.0,2021-12-28,Yes,403776.72,Student,1
C100728,73.0,Female,Lahore,141276.72,Matric,14,38804.79,781.0,2021-12-29,Yes,355809.53,Government,0
C100729,58.0,Male,karachi,61112.95,Matric,26,39523.57,553.0,2021-12-30,No,207401.61,Unemployed,0
C100730,38.0,Female,Lahore,71366.36,Master,15,30452.03,778.0,2021-12-31,Yes,142044.73,Government,1
C100731,22.0,Male,karachi,71004.65,Bachelor,10,45600.0,596.0,2022-01-01,No,247704.90777003483,Business,0
C100732,54.0,Female,Lahore,99365.31,Bachelor,1,15557.28,701.0,2022-02-01,N,152191.8,Government,0
C100733,39.0,Male,rawalpindi,57718.77,Bachelor,15,27033.7,434.0,2022-03-01,No,279711.78,Business,0
C100734,39.0,Female,islamabad,114898.76,Intermediate,2,69844.94,727.0,2022-04-01,Yes,254703.59,Business,0
C100735,51.0,Male,karachi,110939.08,Master,29,22520.72,564.0,2022-05-01,No,469285.04,Student,1
C100736,41.0,Male,rawalpindi,94775.41,Bachelor,3,28726.91,615.0,2022-06-01,Yes,180694.02,Student,1
C100737,60.0,Female,rawalpindi,58926.09,Master,7,31938.54,498.0,2022-07-01,Yes,257722.68,Unemployed,0
C100738,46.22862068965517,Female,Lahore,63477.34,Intermediate,13,58606.51,442.0,2022-08-01,Yes,202797.69,Private,0
C100739,46.22862068965517,Male,islamabad,4090.39,PhD,21,46729.45,800.0,2022-09-01,No,177213.52,Student,0
C100740,74.0,Female,rawalpindi,48696.26,PhD,26,47598.76,561.0,2022-10-01,Yes,437806.52,Government,0
C100741,34.0,Male,Lahore,126145.46,Bachelor,3,40516.6,375.0,2022-11-01,Yes,377832.02,Business,1
C100742,35.0,Female,islamabad,93291.63,Master,23,11250.45,517.0,2022-12-01,No,487999.74,Government,0
C100743,36.0,Male,faisalabad,85476.32999999999,Matric,16,21041.55,305.0,2022-01-13,Yes,328684.52,Student,0
C100744,28.0,Female,faisalabad,93901.02,Bachelor,14,41203.23,566.0,2022-01-14,Yes,106107.74,Government,1
C100745,26.0,Female,islamabad,75380.03,PhD,12,24053.46,506.0,2022-01-15,No,287632.53,Government,0
C100746,28.0,Female,karachi,81641.1,Intermediate,27,42735.42,341.0,2022-01-16,Yes,184081.44,Business,0
C100747,59.0,Female,karachi,86200.64,Intermediate,34,25885.23,827.0,2022-01-17,Yes,397025.08,Private,0
C100748,46.0,Male,islamabad,31473.74,Intermediate,8,27935.53,574.3770154373927,2022-01-18,Yes,348193.48,Business,0
C100749,33.0,Male,islamabad,90758.14,Intermediate,18,35359.92,527.0,2022-01-19,Yes,201799.1,Unemployed,1
C100750,55.0,Female,karachi,112119.77,Master,26,65162.31,506.0,2022-01-20,No,247704.90777003483,Student,0
C100751,45.0,Female,faisalabad,105085.52,Master,27,44357.89,400.0,2022-01-21,Yes,-11549.25,Private,0
C100752,18.0,Male,karachi,55795.91,Bachelor,16,16814.29,658.0,2023-12-04,Yes,235344.26,Student,0
C100753,69.0,Male,rawalpindi,87966.19,PhD,4,26488.42,429.0,2022-01-23,Yes,348258.35,Student,0
C100754,39.0,Male,karachi,81989.62,Intermediate,31,32650.96,532.0,2022-01-24,Yes,177688.76,Private,0
C100755,18.0,Male,islamabad,110894.31,Master,19,40310.9,753.0,2022-01-25,No,207769.78,Government,0
C100756,28.0,Female,islamabad,74598.37,Bachelor,21,31719.95,724.0,2022-01-26,No,401417.53,Business,0
C100757,66.0,Female,islamabad,101888.88,Matric,3,19321.63,827.0,2022-01-27,Yes,301719.13,Government,0
C100758,54.0,Male,karachi,25138.67,Master,3,27768.83,544.0,2022-01-28,Yes,75699.98,Unemployed,0
C100759,60.0,Female,karachi,67968.17,PhD,28,33310.04,617.0,2022-01-29,No,157557.6,Business,0
C100760,36.0,Female,karachi,116201.13,Intermediate,25,33830.62,708.0,2022-01-30,Yes,236273.26,Government,0
C100761,54.0,Female,rawalpindi,57920.03,Bachelor,4,46967.74,524.0,2022-01-31,Yes,247704.90777003483,Private,0
C100762,35.0,Male,islamabad,122553.83,Master,33,24206.05,505.0,2022-01-02,Yes,210402.78,Business,0
C100763,41.0,Male,islamabad,69000.38,PhD,16,23756.84,314.0,2022-02-02,Yes,114400.68,Unemployed,0
C100764,27.0,Male,islamabad,85476.32999999999,PhD,29,34798.72,353.0,2022-03-02,Yes,339087.67,Business,1
C100765,53.0,Male,rawalpindi,105687.76,Matric,26,46974.91,463.0,2022-04-02,No,319664.39,Government,1
C100766,52.0,Male,Unknown,52554.33,Matric,7,34798.72,503.0,2022-05-02,No,49096.7,Business,0
C100767,72.0,Female,rawalpindi,85476.32999999999,PhD,16,33234.41,425.0,2022-06-02,Yes,387122.23,Student,1
C100768,56.0,Male,Lahore,121816.36,PhD,23,34798.72,685.0,2022-07-02,Yes,304556.86,Government,0
C100769,23.0,Male,faisalabad,93210.76,Master,11,9387.31,706.0,2022-08-02,Yes,181858.79,Private,0
C100770,33.0,Female,Lahore,82866.61,Master,6,26703.87,488.0,2022-09-02,Yes,222761.81,Student,1
C100771,21.0,Female,faisalabad,97037.3,Master,25,42528.07,394.0,2022-10-02,Yes,372328.55,Government,1
C100772,34.0,Female,faisalabad,62486.89,Bachelor,34,61140.97,582.0,2022-11-02,Yes,273401.11,Government,0
C100773,37.0,Male,islamabad,138466.91,Matric,16,39094.25,692.0,2022-12-02,Yes,129802.11,Unemployed,0
C100774,71.0,Male,faisalabad,156595.59,PhD,25,34086.43,410.0,2022-02-13,Yes,155226.74,Unemployed,1
C100775,23.0,Male,faisalabad,122485.12,Intermediate,18,35245.91,656.0,2022-02-14,Yes,21773.16,Private,0
C100776,47.0,Male,karachi,50705.65,Master,18,21421.6,708.0,2022-02-15,No,212650.86,Private,0
C100777,70.0,Female,Unknown,93990.67,Bachelor,28,45419.8,777.0,2022-02-16,Yes,414094.9,Government,0
C100778,35.0,Female,karachi,45339.42,Bachelor,19,59592.44,755.0,2022-02-17,Yes,252660.96,Student,0
C100779,62.0,Male,rawalpindi,52346.49,Intermediate,4,41487.57,822.0,2022-02-18,Yes,467633.49,Unemployed,0
C100780,36.0,Male,rawalpindi,76575.56,PhD,7,45899.43,428.0,2022-02-19,Yes,301068.95,Government,0
C100781,27.0,Male,karachi,91361.87,Matric,4,45131.96,369.0,2022-02-20,Yes,191473.77,Government,0
C100782,51.0,Male,islamabad,80109.72,Intermediate,0,50999.18,426.0,2022-02-21,Yes,118462.48,Government,1
C100783,39.0,Female,Lahore,99171.25,Master,34,43519.85,523.0,2022-02-22,Yes,95888.82,Government,1
C100784,18.0,Male,Lahore,107182.47,Bachelor,10,44597.6,688.0,2022-02-23,Yes,82322.72,Government,0
C100785,41.0,Female,karachi,100527.13,Intermediate,34,40825.64,311.0,2022-02-24,Yes,340617.76,Private,0
C100786,40.0,Female,faisalabad,92845.67,Matric,16,46798.89,757.0,2022-02-25,Yes,175324.04,Unemployed,0
C100787,72.0,Female,rawalpindi,83554.17,PhD,30,40908.98,822.0,2022-02-26,No,224489.82,Government,0
C100788,66.0,Male,faisalabad,143409.27,Intermediate,12,48957.05,760.0,2022-02-27,Yes,341894.13,Government,0
C100789,36.0,Male,rawalpindi,97154.36,Bachelor,20,35967.13,705.0,2022-02-28,Yes,201848.01,Student,1
C100790,60.0,Female,Lahore,113113.21,Intermediate,7,45931.99,537.0,2022-01-03,Yes,100974.12,Private,1
C100791,45.0,Female,karachi,60715.31,Bachelor,2,27636.37,513.0,2022-02-03,No,131197.61,Business,0
C100792,69.0,Female,karachi,52557.58,Bachelor,5,19837.2,784.0,2022-03-03,Yes,159363.53,Business,0
C100793,48.0,Female,karachi,101242.04,Bachelor,6,34798.72,829.0,2022-04-03,Yes,123000.49,Government,0
C100794,22.0,Female,faisalabad,94922.84,Matric,21,18460.36,800.0,2022-05-03,Yes,112225.4,Business,0
C100795,62.0,Male,islamabad,121677.52,PhD,16,29021.74,807.0,2022-06-03,Yes,132525.64,Government,0
C100796,-1.0,Female,faisalabad,85476.32999999999,Matric,1,38223.38,656.0,2022-07-03,No,354694.02,Student,0
C100797,67.0,Female,Unknown,63794.48,Intermediate,21,45487.56,312.0,2022-08-03,Yes,196814.94,Student,0
C100798,58.0,Female,karachi,109604.95,Intermediate,13,14444.56,635.0,2022-09-03,Yes,142798.83,Government,0
C100799,56.0,Female,karachi,124637.07,Matric,12,18354.33,694.0,2022-10-03,Yes,100576.07,Government,0
C100800,46.22862068965517,Female,rawalpindi,37455.58,Intermediate,30,34522.15,317.0,2022-11-03,Yes,280110.21,Private,1
C100801,38.0,Male,karachi,133025.5,Master,32,18273.51,316.0,2022-12-03,Yes,192494.1,Student,0
C100802,39.0,Male,Lahore,27831.67,Master,9,18623.27,830.0,2022-03-13,Yes,353496.6,Unemployed,0
C100803,31.0,Female,karachi,125744.52,Intermediate,27,34812.24,827.0,2022-03-14,Yes,178447.5,Private,0
C100804,46.22862068965517,Male,islamabad,34602.66,Intermediate,5,50635.17,630.0,2022-03-15,No,121091.68,Government,0
C100805,40.0,Male,Lahore,85476.32999999999,Bachelor,6,30186.0,775.0,2022-03-16,No,278328.97,Private,0
C100806,72.0,Male,islamabad,75363.26,Matric,33,34379.98,312.0,2022-03-17,Yes,210343.84,Government,1
C100807,46.22862068965517,Male,faisalabad,89945.15,Bachelor,22,26589.82,403.0,2022-03-18,Yes,175464.08,Business,0
C100808,35.0,Male,faisalabad,50043.01,PhD,9,27090.68,817.0,2022-03-19,Yes,489383.49,Student,0
C100809,61.0,Male,karachi,21984.82,PhD,7,28091.46,574.3770154373927,2022-03-20,Yes,220432.14,Business,0
C100810,44.0,Female,Lahore,56977.27,Master,23,22314.04,820.0,2022-03-21,Yes,248204.91,Business,0
C100811,46.22862068965517,Female,Lahore,112690.6,Intermediate,11,34116.54,747.0,2022-03-22,No,350798.05,Unemployed,1
C100812,63.0,Female,faisalabad,85464.23,PhD,17,23175.41,341.0,2022-03-23,No,81179.68,Unemployed,0
C100813,67.0,Female,rawalpindi,88347.15,Matric,5,37765.37,478.0,2022-03-24,Yes,275893.59,Unemployed,0
C100814,73.0,Male,islamabad,72882.65,Intermediate,18,34798.72,699.0,2022-03-25,Yes,480137.24,Private,0
C100815,62.0,Female,faisalabad,86624.06,Matric,8,55016.54,644.0,2022-03-26,Yes,197108.23,Private,0
C100816,71.0,Male,faisalabad,107916.15,Matric,22,17602.05,459.0,2022-03-27,Yes,209318.47,Business,1
C100817,69.0,Male,islamabad,138014.37,Intermediate,14,12962.16,794.0,2022-03-28,No,-10939.84,Unemployed,0
C100818,26.0,Male,islamabad,76617.21,Intermediate,30,25258.71,565.0,2022-03-29,No,34770.96,Private,0
C100819,57.0,Female,karachi,76164.6,Matric,22,22067.25,334.0,2022-03-30,Yes,408571.67,Private,1
C100820,49.0,Female,faisalabad,72162.19,Matric,32,15770.85,706.0,2022-03-31,No,421660.73,Private,1
C100821,71.0,Male,Lahore,119901.8,Master,30,41837.77,644.0,2022-01-04,Yes,185629.85,Unemployed,0
C100822,61.0,Female,karachi,109401.37,PhD,1,3200.23,711.0,2022-02-04,Yes,474725.86,Unemployed,1
C100823,47.0,Female,rawalpindi,55246.53,Intermediate,5,34798.72,306.0,2022-03-04,Yes,329101.21,Student,0
C100824,54.0,Male,Lahore,109025.83,Matric,9,49447.96,839.0,2022-04-04,Yes,247704.90777003483,Business,0
C100825,23.0,Female,Lahore,76765.87,Master,19,29995.46,574.3770154373927,2022-05-04,No,347250.9,Private,0
C100826,38.0,Female,rawalpindi,66744.69,PhD,13,34924.66,710.0,2022-06-04,No,385050.97,Unemployed,1
C100827,59.0,Male,karachi,83375.62,Bachelor,29,42493.79,594.0,2022-07-04,Yes,51405.16,Unemployed,1
C100828,42.0,Male,karachi,94270.79,PhD,15,47282.14,749.0,2022-08-04,No,439107.93,Student,0
C100829,72.0,Female,karachi,66101.33,Matric,30,23209.14,771.0,2022-09-04,Yes,233841.04,Private,0
C100830,55.0,Female,faisalabad,59564.16,PhD,18,34151.82,406.0,2022-10-04,Yes,87741.23,Government,1
C100831,19.0,Male,rawalpindi,143327.69,PhD,23,2667.08,502.0,2022-11-04,No,148953.54,Unemployed,0
C100832,27.0,Female,rawalpindi,90282.91,Bachelor,17,22184.73,712.0,2022-12-04,Yes,-51735.76,Unemployed,0
C100833,53.0,Male,islamabad,98470.92,Bachelor,31,35435.31,423.0,2022-04-13,No,218181.4,Government,0
C100834,63.0,Female,Lahore,99082.97,Matric,1,50286.15,424.0,2022-04-14,Yes,381155.27,Government,0
C100835,35.0,Male,Lahore,85476.32999999999,Bachelor,9,46468.4,375.0,2022-04-15,Yes,410992.95,Private,1
C100836,40.0,Male,rawalpindi,62155.89,Intermediate,15,59899.06,376.0,2022-04-16,No,246698.61,Business,0
C100837,41.0,Male,Lahore,120164.66,Intermediate,27,25139.18,550.0,2022-04-17,Yes,104715.59,Unemployed,0
C100838,32.0,Female,Lahore,124272.59,Master,24,68748.37,474.0,2022-04-18,No,104011.19,Private,0
C100839,70.0,Male,karachi,112528.49,Master,14,19037.17,424.0,2022-04-19,No,271817.83,Business,1
C100840,46.0,Female,islamabad,59697.29,Master,12,18948.85,703.0,2022-04-20,No,132187.72,Unemployed,0
C100841,37.0,Male,Unknown,103682.01,Matric,33,40270.38,359.0,2022-04-21,Yes,236505.95,Business,1
C100842,71.0,Male,Lahore,103504.01,Matric,12,9350.35,653.0,2022-04-22,Yes,111236.05,Private,0
C100843,53.0,Female,faisalabad,96870.62,Bachelor,14,34798.72,408.0,2022-04-23,Yes,251524.82,Unemployed,0
C100844,18.0,Female,karachi,49293.32,Master,15,21902.11,502.0,2022-04-24,Yes,159699.44,Government,1
C100845,42.0,Female,karachi,115099.27,Intermediate,32,55349.37,570.0,2022-04-25,Yes,192301.75,Private,0
C100846,56.0,Male,faisalabad,121985.06,Bachelor,32,44882.93,323.0,2022-04-26,Yes,247704.90777003483,Student,1
C100847,70.0,Male,faisalabad,79034.69,PhD,9,35998.86,582.0,2022-04-27,Yes,145430.54,Unemployed,0
C100848,47.0,Female,faisalabad,99373.52,Intermediate,15,15574.67,406.0,2022-04-28,Yes,247704.90777003483,Government,1
C100849,39.0,Male,faisalabad,80597.1,Intermediate,27,34798.72,321.0,2022-04-29,Yes,163209.12,Private,0
C100850,36.0,Female,rawalpindi,106744.42,Master,4,35223.74,572.0,2022-04-30,No,224936.38,Private,1
C100851,23.0,Male,Lahore,63183.22,Bachelor,28,21161.1,668.0,2022-01-05,Yes,231648.43,Private,0
C100852,23.0,Female,karachi,95938.08,Intermediate,32,49512.7,663.0,2022-02-05,Yes,251914.61,Unemployed,0
C100853,41.0,Female,islamabad,130216.67,Master,26,35249.18,823.0,2022-03-05,Yes,2128.41,Private,1
C100854,62.0,Female,Unknown,77778.92,Matric,31,33809.82,484.0,2022-04-05,Yes,105420.87,Student,0
C100855,41.0,Male,Lahore,100759.6,Master,26,29149.27,771.0,2022-05-05,No,247704.90777003483,Private,0
C100856,25.0,Female,rawalpindi,77494.49,Intermediate,16,20871.99,382.0,2022-06-05,Yes,321028.03,Private,1
C100857,68.0,Male,Lahore,81539.58,Intermediate,5,36832.09,472.0,2022-07-05,No,247704.90777003483,Private,0
C100858,64.0,Male,rawalpindi,72091.98,Intermediate,16,36319.85,393.0,2022-08-05,No,-42898.14,Private,0
C100859,36.0,Male,rawalpindi,50482.45,PhD,27,22070.29,530.0,2022-09-05,No,144209.4,Government,0
C100860,37.0,Female,rawalpindi,20788.26,Bachelor,10,45286.2,670.0,2022-10-05,Yes,263433.93,Business,0
C100861,34.0,Male,faisalabad,121524.56,Master,2,38081.99,420.0,2022-11-05,Yes,190967.79,Government,0
C100862,26.0,Male,karachi,115234.05,Bachelor,0,25696.63,542.0,2022-12-05,Yes,262016.15,Private,1
C100863,41.0,Male,Lahore,92332.35,Bachelor,11,29779.31,443.0,2022-05-13,Yes,74077.57,Unemployed,0
C100864,44.0,Male,rawalpindi,101842.55,Bachelor,15,30066.42,674.0,2022-05-14,No,168175.47,Private,0
C100865,57.0,Male,karachi,91507.47,Intermediate,7,21212.07,626.0,2022-05-15,Yes,295075.11,Business,0
C100866,28.0,Female,islamabad,84754.95,Matric,8,26570.25,423.0,2022-05-16,No,348441.06,Private,0
C100867,42.0,Male,islamabad,80301.42,Master,22,31728.35,540.0,2022-05-17,Yes,182081.23,Business,1
C100868,18.0,Male,faisalabad,113948.49,Bachelor,13,16433.62,701.0,2022-05-18,No,152785.09,Government,0
C100869,47.0,Female,Lahore,72993.29,Matric,23,34589.87,660.0,2022-05-19,Yes,198926.34,Government,0
C100870,41.0,Male,karachi,45022.95,PhD,33,44755.01,421.0,2022-05-20,Yes,290146.47,Private,0
C100871,58.0,Male,Lahore,83676.28,Intermediate,34,8405.02,454.0,2022-05-21,Yes,136370.13,Private,1
C100872,50.0,Male,faisalabad,152948.04,Master,27,41561.86,648.0,2022-05-22,yes,331467.22,Private,0
C100873,19.0,Female,rawalpindi,112204.93,Intermediate,19,70425.32,683.0,2022-05-23,Yes,332785.99,Government,0
C100874,25.0,Male,islamabad,93644.14,Bachelor,33,28621.09,834.0,2022-05-24,Yes,328896.52,Business,0
C100875,25.0,Male,faisalabad,80333.6,Master,12,34798.72,553.0,2022-05-25,No,360287.94,Unemployed,0
C100876,65.0,Male,rawalpindi,85494.38,PhD,21,29893.9,330.0,2022-05-26,Yes,202401.16,Unemployed,0
C100878,27.0,Male,karachi,70904.45,Master,21,37714.18,518.0,2022-05-28,Yes,133041.36,Student,0
C100879,69.0,Female,karachi,90492.22,Intermediate,24,36738.48,848.0,2022-05-29,Yes,381504.64,Unemployed,0
C100880,48.0,Female,islamabad,61483.38,Master,8,38964.38,471.0,2022-05-30,No,167914.81,Business,0
C100881,67.0,Male,Lahore,83248.68,Intermediate,20,15940.89,559.0,2022-05-31,Yes,424464.5,Business,1
C100882,29.0,Male,islamabad,80931.64,Master,4,30720.11,309.0,2022-01-06,Yes,561960.95,Unemployed,0
C100883,58.0,Female,islamabad,72808.49,Matric,20,56675.15,328.0,2022-02-06,Yes,236917.76,Unemployed,0
C100884,54.0,Male,karachi,64710.3,Master,19,34798.72,314.0,2022-03-06,Yes,304696.63,Unemployed,0
C100885,73.0,Male,karachi,135293.04,Intermediate,2,38897.67,848.0,2022-04-06,Yes,247704.90777003483,Private,0
C100886,42.0,Male,rawalpindi,85476.32999999999,Intermediate,20,8431.93,323.0,2022-05-06,Yes,201656.84,Business,0
C100887,66.0,Male,islamabad,85476.32999999999,Matric,31,6708.79,654.0,2022-06-06,Yes,26454.75,Unemployed,0
C100888,21.0,Male,islamabad,95550.79,PhD,4,27172.6,841.0,2022-07-06,Yes,238623.71,Business,0
C100889,57.0,Male,rawalpindi,70372.07,Intermediate,1,25925.1,467.0,2022-08-06,Yes,309973.96,Government,1
C100890,49.0,Female,islamabad,87609.58,Unknown,7,30687.38,379.0,2022-09-06,Yes,31627.17,Business,0
C100891,54.0,Female,rawalpindi,85476.32999999999,Master,11,32826.22,308.0,2022-10-06,No,534570.41,Government,1
C100892,63.0,Male,Lahore,67782.56,Bachelor,8,36740.55,805.0,2022-11-06,Yes,167833.89,Unemployed,0
C100893,66.0,Female,karachi,102150.13,Intermediate,20,34798.72,470.0,2022-12-06,No,190893.64,Student,0
C100894,22.0,Male,Lahore,104470.51,Matric,12,59066.42,766.0,2022-06-13,Yes,63159.02,Private,0
C100895,68.0,Male,faisalabad,56056.19,Bachelor,21,23718.3,339.0,2022-06-14,Yes,201241.08,Student,1
C100896,44.0,Male,faisalabad,116121.39,Intermediate,1,44225.48,806.0,2022-06-15,No,203826.24,Government,0
C100897,33.0,Female,Lahore,83381.76,Intermediate,22,38053.76,437.0,2022-06-16,No,433786.58,Private,1
C100898,21.0,Female,faisalabad,123543.46,Matric,23,57794.1,729.0,2022-06-17,Yes,30605.85,Unemployed,0
C100899,66.0,Female,islamabad,82936.14,Master,0,17095.51,589.0,2022-06-18,No,260482.01,Private,0
C100900,58.0,Female,faisalabad,106618.8,PhD,0,12408.68,459.0,2022-06-19,Yes,363881.78,Private,0
C100901,51.0,Female,karachi,75672.28,PhD,2,32502.69,333.0,2022-06-20,No,140164.47,Student,0
C100902,20.0,Male,rawalpindi,153435.81,PhD,34,39545.22,523.0,2022-06-21,Yes,326098.95,Unemployed,0
C100903,18.0,Male,islamabad,94683.31,Bachelor,6,53803.17,624.0,2024-02-15,No,268742.17,Unemployed,0
C100904,34.0,Female,karachi,111736.05,Matric,7,19789.32,791.0,2022-06-23,Yes,254353.19,Student,0
C100905,29.0,Male,Lahore,47912.51,Bachelor,23,26845.55,695.0,2022-06-24,Yes,215609.21,Unemployed,0
C100906,61.0,Female,islamabad,102840.24,Master,20,58277.74,706.0,2022-06-25,No,165199.54,Business,0
C100907,62.0,Female,islamabad,136530.26,PhD,11,34798.72,678.0,2022-06-26,Yes,213368.99,Unemployed,0
C100908,29.0,Male,islamabad,116958.63,Master,31,36042.4,666.0,2022-06-27,Yes,143262.9,Private,0
C100909,37.0,Male,islamabad,37509.16,Master,24,12879.6,433.0,2022-06-28,Yes,343778.45,Student,1
C100910,21.0,Male,faisalabad,84470.99,PhD,0,41143.7,748.0,2022-06-29,Yes,196275.64,Government,0
C100911,66.0,Male,karachi,110145.07,Bachelor,29,18321.07,417.0,2022-06-30,Yes,206612.1,Government,0
C100912,20.0,Female,Lahore,85577.68,Matric,4,52240.01,436.0,2022-01-07,No,-36583.34,Private,0
C100913,52.0,Female,islamabad,49328.01,Master,30,32610.15,780.0,2022-02-07,No,487168.96,Student,0
C100914,53.0,Female,Lahore,121660.09,PhD,34,39245.78,654.0,2022-03-07,No,226721.93,Private,0
C100915,46.22862068965517,Female,islamabad,85488.43,Bachelor,18,41837.64,739.0,2022-04-07,Yes,314865.02,Business,0
C100916,43.0,Female,Lahore,85476.32999999999,Intermediate,12,26272.04,806.0,2022-05-07,No,446613.56,Unemployed,0
C100917,61.0,Male,faisalabad,32878.09,Bachelor,1,38234.14,789.0,2022-06-07,Yes,176885.22,Business,1
C100918,33.0,Male,Lahore,50532.8,Master,25,34798.72,354.0,2022-07-07,Yes,139222.64,Unemployed,1
C100919,23.0,Female,rawalpindi,52747.15,Intermediate,33,55462.07,771.0,2022-08-07,Yes,340538.25,Private,0
C100920,65.0,Male,Lahore,55334.69,Intermediate,26,23289.27,773.0,2022-09-07,Yes,294965.89,Private,0
C100921,65.0,Female,karachi,86224.18,Matric,11,8490.42,760.0,2022-10-07,No,354171.3,Unemployed,0
C100922,70.0,Female,Lahore,86000.78,Bachelor,3,34798.72,521.0,2022-11-07,No,461896.64,Business,1
C100923,55.0,Female,rawalpindi,21932.4,Intermediate,12,31277.21,503.0,2022-12-07,No,222154.35,Unemployed,1
C100924,24.0,Male,rawalpindi,6230.25,Master,33,27522.13,372.0,2022-07-13,Yes,56992.06,Private,0
C100925,30.0,Female,rawalpindi,76802.8,PhD,31,32597.56,706.0,2022-07-14,No,208071.99,Student,0
C100926,50.0,Female,faisalabad,85476.32999999999,Matric,4,39674.27,710.0,2022-07-15,Yes,266664.43,Unemployed,1
C100927,47.0,Female,rawalpindi,27718.83,Matric,1,42478.84,539.0,2022-07-16,Yes,247704.90777003483,Government,1
C100928,23.0,Male,faisalabad,92603.22,Matric,12,35672.18,672.0,2022-07-17,Yes,197418.56,Unemployed,0
C100929,27.0,Female,rawalpindi,89047.75,PhD,15,10094.15,314.0,2022-07-18,Yes,39197.6,Government,0
C100930,53.0,Female,faisalabad,44341.33,Matric,2,23613.13,812.0,2022-07-19,Yes,96113.96,Business,0
C100931,39.0,Male,karachi,114023.84,Master,1,56498.58,315.0,2022-07-20,Yes,287929.63,Government,1
C100932,69.0,Female,karachi,85476.32999999999,Master,31,46802.57,506.0,2022-07-21,Yes,313775.62,Student,0
C100933,60.0,Female,karachi,116973.92,Intermediate,1,25105.47,756.0,2022-07-22,No,42155.47,Business,0
C100934,44.0,Female,faisalabad,23803.22,PhD,25,60056.43,549.0,2022-07-23,Yes,152948.26,Unemployed,1
C100935,43.0,Female,faisalabad,71976.75,Intermediate,17,63924.77,834.0,2022-07-24,Yes,113965.01,Government,1
C100936,23.0,Male,islamabad,90899.03,Intermediate,31,10601.01,469.0,2022-07-25,Yes,136446.39,Unemployed,1
C100937,55.0,Male,Lahore,85476.32999999999,Matric,14,21735.08,561.0,2022-07-26,Yes,412321.4,Government,1
C100938,64.0,Female,faisalabad,53946.69,Intermediate,28,15907.84,436.0,2022-07-27,Yes,310271.95,Student,0
C100939,69.0,Female,faisalabad,60207.16,PhD,9,39948.09,357.0,2022-07-28,Yes,162109.42,Unemployed,0
C100940,31.0,Male,Lahore,102153.3,Master,15,13581.96,358.0,2022-07-29,Yes,276999.96,Student,0
C100941,57.0,Female,rawalpindi,71230.66,PhD,20,41553.91,400.0,2022-07-30,Yes,420120.88,Government,0
C100942,39.0,Male,rawalpindi,56800.72,Intermediate,33,70569.14,605.0,2022-07-31,Yes,156173.7,Student,0
C100943,23.0,Female,faisalabad,102673.58,Intermediate,26,8904.73,304.0,2022-01-08,No,188737.08,Student,0
C100944,26.0,Male,faisalabad,75640.81,Intermediate,11,23413.49,592.0,2022-02-08,Yes,332630.41,Unemployed,1
C100945,41.0,Female,Lahore,105473.49,Master,6,44169.02,312.0,2022-03-08,Yes,329337.47,Government,1
C100946,18.0,Male,Lahore,36954.18,Bachelor,20,15678.18,406.0,2022-04-08,Yes,107821.95,Government,1
C100947,36.0,Male,karachi,157928.1,Master,31,39425.2,335.0,2022-05-08,Yes,289901.85,Student,1
C100948,45.0,Male,faisalabad,114389.14,PhD,10,19097.83,355.0,2022-06-08,No,310352.31,Student,0
C100949,45.0,Male,islamabad,99884.93,Intermediate,31,42968.77,650.0,2022-07-08,No,74727.23,Business,0
C100950,67.0,Male,faisalabad,63316.23,Intermediate,5,29791.08,609.0,2022-08-08,No,157039.1,Government,1
C100951,69.0,Female,islamabad,85476.32999999999,Matric,30,26799.54,357.0,2022-09-08,No,247704.90777003483,Student,0
C100952,40.0,Male,Unknown,100897.68,Intermediate,19,42352.41,663.0,2022-10-08,Yes,-25456.61,Student,0
C100953,37.0,Female,Lahore,90871.21,Intermediate,17,61377.71,723.0,2022-11-08,Yes,320392.69,Student,0
C100954,73.0,Male,rawalpindi,42162.73,Bachelor,3,23821.35,518.0,2022-12-08,No,402278.17,Student,1
C100955,60.0,Male,faisalabad,97217.26,Master,24,33399.68,517.0,2022-08-13,Yes,218461.78,Unemployed,1
C100956,27.0,Male,faisalabad,97504.66,Master,1,36781.45,755.0,2022-08-14,No,215462.7,Student,0
C100957,44.0,Male,islamabad,92590.57,Master,20,41182.99,803.0,2022-08-15,Yes,381575.02,Government,0
C100958,51.0,Male,karachi,116308.01,Bachelor,5,18815.12,625.0,2022-08-16,Yes,279236.04,Business,0
C100959,65.0,Male,islamabad,143294.37,Matric,23,76972.34,623.0,2022-08-17,Yes,121827.04,Unemployed,0
C100960,47.0,Male,Lahore,128419.23,Matric,19,37680.77,724.0,2022-08-18,No,231540.06,Private,0
C100961,31.0,Female,Lahore,82918.42,Bachelor,15,10921.44,827.0,2022-08-19,Yes,353949.76,Business,1
C100962,72.0,Female,karachi,77277.49,Bachelor,2,19201.58,533.0,2022-08-20,No,347297.96,Private,0
C100963,47.0,Female,faisalabad,99830.6,Intermediate,8,20329.34,835.0,2022-08-21,Yes,233274.98,Government,0
C100964,49.0,Male,faisalabad,85476.32999999999,PhD,21,16018.08,811.0,2022-08-22,Yes,258699.61,Student,0
C100965,54.0,Male,Unknown,115353.15,PhD,10,33214.75,767.0,2022-08-23,Yes,282526.22,Private,0
C100966,71.0,Male,Unknown,49472.63,Matric,5,16576.84,500.0,2022-08-24,No,123168.43,Unemployed,0
C100967,39.0,Male,karachi,100761.94,Matric,17,48060.39,629.0,2022-08-25,Yes,276082.08,Private,0
C100968,67.0,Male,faisalabad,84913.78,Master,33,52770.66,723.0,2022-08-26,No,178878.02,Private,1
C100969,50.0,Male,faisalabad,79179.41,Intermediate,14,32938.27,713.0,2022-08-27,Yes,262025.96,Student,0
C100970,68.0,Male,faisalabad,69350.65,PhD,26,34043.96,315.0,2022-08-28,No,282132.94,Private,1
C100971,34.0,Male,faisalabad,95014.85,PhD,7,34931.84,564.0,2022-08-29,Yes,249100.06,Student,0
C100972,67.0,Female,rawalpindi,24109.5,Intermediate,7,25749.65,674.0,2022-08-30,No,231024.66,Private,1
C100973,74.0,Female,islamabad,54773.07,Master,17,61415.28,742.0,2022-08-31,Yes,282127.9,Business,0
C100974,46.0,Female,islamabad,91430.7,PhD,29,61796.43,424.0,2022-01-09,Yes,272258.67,Government,1
C100975,57.0,Male,islamabad,75365.97,PhD,24,46331.84,680.0,2022-02-09,Yes,376899.65,Student,0
C100976,65.0,Male,Lahore,67369.63,Matric,26,10706.59,650.0,2022-03-09,Yes,222250.72,Private,0
C100977,53.0,Female,faisalabad,65160.63,Master,15,34879.12,733.0,2022-04-09,No,264424.73,Government,0
C100978,71.0,Female,karachi,86233.21,Matric,17,72034.8,764.0,2022-05-09,Yes,21164.56,Private,0
C100979,71.0,Male,karachi,102211.8,PhD,31,34351.44,418.0,2022-06-09,Yes,241982.9,Private,0
C100980,27.0,Female,islamabad,43620.57,Matric,11,34798.72,326.0,2022-07-09,No,404053.91,Unemployed,0
C100981,43.0,Female,faisalabad,76431.24,Matric,9,41960.3,705.0,2022-08-09,Yes,400527.55,Student,1
C100982,64.0,Male,karachi,93138.46,Master,25,56025.43,574.3770154373927,2022-09-09,No,200856.37,Student,0
C100983,73.0,Male,faisalabad,57882.42,Bachelor,34,40873.36,368.0,2022-10-09,Yes,247704.90777003483,Government,0
C100984,69.0,Female,Lahore,98454.84,Master,22,45847.01,344.0,2022-11-09,Yes,160442.01,Government,1
C100985,23.0,Male,faisalabad,47850.54,Intermediate,13,27829.13,496.0,2022-12-09,No,143350.57,Government,0
C100986,64.0,Male,rawalpindi,111242.55,PhD,12,43523.43,605.0,2022-09-13,No,300904.08,Government,0
C100987,74.0,Female,islamabad,70017.26,Master,24,45310.58,735.0,2022-09-14,No,406343.81,Unemployed,0
C100988,24.0,Female,rawalpindi,63072.89,Intermediate,24,63898.47,505.0,2022-09-15,Yes,289942.44,Business,0
C100989,59.0,Male,islamabad,99894.85,Bachelor,20,55183.65,788.0,2022-09-16,Yes,10899.48,Business,1
C100990,44.0,Male,karachi,65305.77,PhD,34,23016.83,782.0,2022-09-17,Yes,237897.42,Private,0
C100991,51.0,Male,islamabad,91758.27,Bachelor,26,34290.07,346.0,2022-09-18,Yes,293328.77,Unemployed,0
C100992,73.0,Female,islamabad,58855.55,PhD,27,25954.1,531.0,2022-09-19,No,300853.55,Unemployed,0
C100993,38.0,Female,islamabad,99763.37,PhD,13,37982.74,574.3770154373927,2022-09-20,No,313932.32,Private,0
C100994,33.0,Male,islamabad,83670.49,Master,12,23884.02,407.0,2022-09-21,Yes,313245.63,Private,1
C100995,29.0,Female,faisalabad,64009.24,Matric,29,48947.36,358.0,2022-09-22,No,169010.95,Government,0
C100996,29.0,Female,karachi,118575.53,PhD,17,63627.14,381.0,2022-09-23,Yes,1485.53,Unemployed,0
C100997,74.0,Male,Lahore,13612.47,PhD,6,36311.73,528.0,2022-09-24,No,142272.22,Government,0
C100998,32.0,Male,Lahore,66878.68,Matric,12,48513.04,574.3770154373927,2022-09-25,Yes,-11909.37,Student,0
C100999,31.0,Male,islamabad,71617.72,Master,10,52448.15,346.0,2022-09-26,Yes,302669.24,Private,0
C101000,46.0,Female,faisalabad,71938.07,PhD,3,44696.53,574.3770154373927,2022-09-27,Yes,42759.7,Unemployed,0
C101001,68.0,Male,faisalabad,121896.46,Matric,0,26770.69,748.0,2022-09-28,No,265249.97,Student,0
C101002,65.0,Female,Lahore,67693.73,Master,3,37313.03,401.0,2022-09-29,No,471300.24,Student,0
C101003,21.0,Female,islamabad,116005.27,Matric,28,49244.15,698.0,2022-09-30,Yes,327960.79,Business,0
C101004,24.0,Female,rawalpindi,85476.32999999999,PhD,7,22385.48,715.0,2022-01-10,Yes,159510.78,Unemployed,0
C101005,63.0,Female,islamabad,61243.52,Matric,28,34798.72,736.0,2022-02-10,Yes,179300.08,Business,0
C101006,59.0,Male,Lahore,43539.68,Intermediate,19,21098.64,574.3770154373927,2022-03-10,Yes,353678.71,Business,1
C101007,67.0,Male,islamabad,84602.33,Bachelor,28,54322.78,640.0,2022-04-10,No,207868.14,Business,0
C101008,28.0,Female,karachi,61859.43,PhD,11,19942.01,808.0,2022-05-10,Yes,129037.33,Student,0
C101009,31.0,Male,karachi,89667.8,Intermediate,23,42590.2,671.0,2022-06-10,No,399794.06,Business,1
C101010,74.0,Female,rawalpindi,60230.03,Matric,24,50439.64,467.0,2022-07-10,No,449263.35,Private,0
C101011,73.0,Female,islamabad,140185.15,Intermediate,26,34798.72,523.0,2022-08-10,Yes,245295.81,Student,1
C101012,55.0,Female,karachi,75741.11,Master,34,33992.64,435.0,2022-09-10,Yes,271154.69,Private,1
C101013,39.0,Female,rawalpindi,82717.97,Matric,24,37811.21,574.3770154373927,2022-10-10,Yes,202092.04,Unemployed,0
C101014,61.0,Male,faisalabad,104817.33,PhD,25,49438.32,430.0,2022-11-10,No,192065.4,Business,0
C101015,27.0,Male,islamabad,50784.25,PhD,3,23785.29,481.0,2022-12-10,Yes,279536.72,Private,1
C101016,54.0,Female,islamabad,72678.3,Matric,26,34798.72,554.0,2022-10-13,Yes,249494.75,Private,0
C101017,41.0,Male,karachi,106448.87,PhD,11,59030.68,522.0,2022-10-14,No,243505.24,Unemployed,0
C101018,66.0,Female,rawalpindi,73482.7,Matric,29,42449.94,668.0,2022-10-15,No,226789.17,Government,1
C101019,73.0,Male,rawalpindi,63343.96,Intermediate,31,15674.2,519.0,2022-10-16,Yes,610093.01,Business,0
C101020,42.0,Female,islamabad,72544.67,Intermediate,25,9746.81,545.0,2022-10-17,Yes,123859.95,Unemployed,0
C101021,24.0,Female,islamabad,95225.16,PhD,32,33381.09,404.0,2022-10-18,Yes,239968.71,Private,0
C101022,74.0,Male,rawalpindi,108767.41,Intermediate,21,37395.89,808.0,2022-10-19,No,285739.58,Business,0
C101023,57.0,Male,karachi,55371.64,Intermediate,6,36770.97,642.0,2022-10-20,No,147911.48,Business,0
C101024,32.0,Male,islamabad,115083.37,Bachelor,30,58913.43,659.0,2022-10-21,Yes,224332.99,Government,0
C101025,25.0,Male,karachi,117448.46,Matric,29,43224.56,335.0,2022-10-22,Yes,397701.19,Student,1
C101026,39.0,Female,karachi,84343.63,Intermediate,10,39203.93,578.0,2022-10-23,Yes,184995.09,Business,0
C101027,57.0,Male,islamabad,157032.13,Matric,5,62560.51,394.0,2022-10-24,No,353032.28,Student,0
C101028,35.0,Female,Lahore,110853.27,Matric,28,34522.31,306.0,2022-10-25,No,298758.39,Student,0
C101029,26.0,Male,faisalabad,81379.54,Matric,26,40278.7,609.0,2022-10-26,Yes,228749.99,Government,0
C101030,39.0,Male,Lahore,104559.43,Bachelor,4,42994.17,528.0,2022-10-27,Yes,227536.52,Unemployed,0
C101031,71.0,Male,islamabad,49323.46,Master,14,36853.32,370.0,2022-10-28,Yes,268553.4,Unemployed,1
C101032,35.0,Female,islamabad,85476.32999999999,Unknown,14,34798.72,670.0,2022-10-29,Yes,128894.28,Business,1
C101033,70.0,Female,Lahore,86055.91,Bachelor,22,47499.16,830.0,2022-10-30,Yes,350685.27,Business,0
C101034,41.0,Female,Lahore,63352.16,Master,33,6837.27,839.0,2022-10-31,Yes,309936.61,Business,1
C101035,74.0,Male,Lahore,73266.34,Master,4,19543.4,490.0,2022-01-11,No,250603.19,Private,0
C101036,71.0,Female,Lahore,87057.5,PhD,20,48423.26,551.0,2022-02-11,Yes,209813.51,Student,0
C101037,68.0,Male,karachi,102288.15,Matric,16,44582.29,326.0,2022-03-11,Yes,96935.07,Unemployed,0
C101038,21.0,Male,islamabad,52209.75,PhD,14,21186.88,363.0,2022-04-11,Yes,330444.5,Student,0
C101039,39.0,Male,karachi,122452.79,Master,11,34798.72,374.0,2022-05-11,Yes,242206.02,Business,0
C101040,64.0,Male,karachi,120629.92,Bachelor,13,51645.04,695.0,2022-06-11,Yes,161269.22,Unemployed,0
C101041,44.0,Female,Lahore,94623.78,Master,10,10805.22,374.0,2025-06-15,No,171560.49,Unemployed,0
C101042,52.0,Female,faisalabad,126533.79,Intermediate,26,35041.74,471.0,2022-08-11,Yes,290884.13,Private,0
C101043,35.0,Male,rawalpindi,79038.25,Intermediate,6,28864.84,495.0,2022-09-11,Yes,313840.14,Business,0
C101044,54.0,Male,faisalabad,54062.13,Intermediate,18,31879.1,574.3770154373927,2022-10-11,Yes,125151.13,Government,0
C101045,46.0,Female,islamabad,99794.85,Intermediate,15,27120.45,679.0,2022-11-11,Yes,158968.25,Government,0
C101046,65.0,Female,faisalabad,108569.07,Intermediate,17,41965.75,481.0,2022-12-11,No,175598.2,Private,0
C101047,31.0,Male,faisalabad,94091.01,Unknown,11,32773.43,789.0,2022-11-13,No,295799.57,Student,0
C101048,29.0,Male,Unknown,79734.38,PhD,19,35300.96,453.0,2022-11-14,No,158459.3,Private,0
C101049,72.0,Male,islamabad,86446.06,Bachelor,3,49468.22,411.0,2022-11-15,No,239023.44,Government,0
C101050,46.0,Female,islamabad,87606.42,PhD,11,37988.19,631.0,2022-11-16,Yes,247704.90777003483,Government,0
C101051,41.0,Female,faisalabad,80983.58,Intermediate,18,34798.72,771.0,2022-11-17,Yes,299316.01,Student,0
C101052,25.0,Female,karachi,96183.67,Intermediate,17,13202.7,727.0,2022-11-18,Yes,155704.16,Business,0
C101053,37.0,Male,islamabad,71869.03,Matric,7,54706.64,492.0,2022-11-19,Yes,308880.38,Student,1
C101054,63.0,Male,rawalpindi,85476.32999999999,Intermediate,33,13297.86,796.0,2022-11-20,Yes,249120.67,Unemployed,0
C101055,71.0,Female,karachi,125300.75,Intermediate,32,49192.86,658.0,2022-11-21,YES,247704.90777003483,Unemployed,0
C101056,22.0,Male,faisalabad,124359.34,PhD,23,38102.25,843.0,2022-11-22,YES,152368.71,Unemployed,0
C101057,37.0,Female,karachi,84723.61,Intermediate,16,65132.9,632.0,2022-11-23,Yes,243081.05,Government,0
C101058,24.0,Female,karachi,120377.63,Master,12,69674.4,709.0,2022-11-24,Yes,206145.77,Student,1
C101059,46.22862068965517,Female,karachi,109350.96,Matric,22,34798.72,470.0,2022-11-25,No,178833.91,Government,0
C101060,21.0,Male,islamabad,90573.42,Bachelor,29,11124.0,421.0,2022-11-26,No,148790.64,Private,0
C101061,53.0,Female,rawalpindi,114218.72,PhD,28,32965.14,508.0,2022-11-27,No,126674.22,Government,1
C101062,44.0,Male,islamabad,42993.71,PhD,16,34300.29,667.0,2022-11-28,No,333290.64,Student,0
C101063,59.0,Female,rawalpindi,110048.21,PhD,17,26035.39,683.0,2022-11-29,Yes,197756.69,Business,0
C101064,24.0,Male,karachi,85476.32999999999,Matric,9,60139.88,764.0,2022-11-30,No,489519.98,Business,1
C101065,42.0,Male,Unknown,45316.91,Master,31,14907.86,468.0,2022-01-12,Yes,233713.54,Government,1
C101066,61.0,Male,karachi,89198.5,Bachelor,9,37251.0,601.0,2022-02-12,No,-324.82,Private,0
C101067,30.0,Female,Unknown,49832.2,Unknown,3,37630.15,589.0,2022-03-12,Yes,245348.85,Business,0
C101068,34.0,Female,karachi,85476.32999999999,Matric,27,36398.46,695.0,2022-04-12,No,270977.5,Unemployed,0
C101069,53.0,Male,Lahore,114112.45,Master,18,34798.72,702.0,2022-05-12,Yes,261487.6,Government,0
C101070,62.0,Male,rawalpindi,86070.34,Intermediate,9,32024.66,311.0,2022-06-12,No,416470.84,Student,0
C101071,27.0,Male,faisalabad,85721.2,PhD,19,28207.83,301.0,2022-07-12,No,247704.90777003483,Private,0
C101072,40.0,Female,Lahore,70705.91,Bachelor,32,45787.8,340.0,2022-08-12,No,403797.64,Unemployed,1
C101073,53.0,Male,Lahore,85476.32999999999,Matric,34,31180.71,693.0,2022-09-12,No,230353.41,Unemployed,0
C101074,70.0,Female,faisalabad,32091.8,PhD,12,39385.97,507.0,2022-10-12,No,162857.21,Unemployed,1
C101075,54.0,Female,karachi,44180.21,Bachelor,3,42556.2,358.0,2022-11-12,No,391021.96,Unemployed,0
C101076,47.0,Male,Lahore,48154.37,Intermediate,4,61706.15,719.0,2022-12-12,Yes,315808.99,Unemployed,0
C101077,54.0,Male,rawalpindi,122531.97,Matric,2,64885.55,720.0,2022-12-13,Yes,163344.13,Government,0
C101078,23.0,Female,islamabad,59229.05,Master,28,58904.56,823.0,2022-12-14,Yes,357437.19,Student,1
C101079,38.0,Male,Lahore,86816.84,Master,31,37034.03,791.0,2022-12-15,Yes,-42516.29,Unemployed,0
C101080,50.0,Female,karachi,75109.37,Master,11,32443.78,456.0,2022-12-16,No,230072.0,Unemployed,0
C101081,40.0,Male,faisalabad,73933.11,Bachelor,20,26779.4,663.0,2022-12-17,No,267586.84,Unemployed,0
C101082,23.0,Female,karachi,34535.13,Bachelor,18,18952.15,551.0,2022-12-18,Yes,240000.35,Unemployed,0
C101083,33.0,Male,Lahore,103021.64,Matric,14,34451.06,843.0,2022-12-19,Yes,374394.02,Business,1
C101084,20.0,Female,Lahore,37536.54,Intermediate,11,268.81,842.0,2022-12-20,Yes,359923.43,Private,0
C101085,62.0,Male,rawalpindi,64925.36,Master,11,23299.84,580.0,2022-12-21,No,190812.9,Student,0
C101086,51.0,Male,rawalpindi,69426.54,Bachelor,7,39649.23,324.0,2022-12-22,No,266014.67,Business,0
C101087,58.0,Male,islamabad,114467.42,Intermediate,2,30653.91,684.0,2022-12-23,No,268691.25,Private,0
C101088,46.22862068965517,Male,rawalpindi,83105.07,Intermediate,6,34798.72,798.0,2022-12-24,No,321363.84,Student,0
C101089,57.0,Male,faisalabad,114156.39,Master,24,34082.13,393.0,2022-12-25,Yes,140055.25,Unemployed,0
C101090,51.0,Male,rawalpindi,55474.77,PhD,25,26431.21,653.0,2022-12-26,Yes,164275.29,Private,0
C101091,73.0,Female,karachi,112271.47,PhD,28,40188.51,831.0,2022-12-27,Yes,247704.90777003483,Business,0
C101092,36.0,Male,islamabad,77446.73,Bachelor,31,33323.02,689.0,2022-12-28,Yes,236292.89,Business,0
C101093,68.0,Female,rawalpindi,87650.3,Intermediate,25,53039.23,315.0,2022-12-29,No,349053.83,Unemployed,0
C101094,23.0,Female,Lahore,85476.32999999999,Matric,9,17096.37,520.0,2022-12-30,Yes,367039.88,Business,0
C101095,42.0,Female,islamabad,100475.9,PhD,18,44637.57,309.0,2022-12-31,Yes,198718.6,Student,0
C101096,72.0,Male,islamabad,135820.84,Matric,5,21648.16,769.0,2023-01-01,Yes,354058.53,Private,0
C101097,61.0,Female,faisalabad,85476.32999999999,Intermediate,11,30818.19,560.0,2023-02-01,Yes,183849.26,Unemployed,0
C101098,47.0,Female,Lahore,114812.1,Bachelor,16,23825.59,514.0,2023-03-01,Yes,169798.71,Unemployed,0
C101099,54.0,Male,faisalabad,82524.96,Bachelor,18,29867.12,509.0,2023-04-01,Yes,322677.9,Private,1
C101100,60.0,Male,islamabad,107203.32,Intermediate,1,25918.24,387.0,2023-05-01,No,91927.26,Unemployed,1
C101101,48.0,Female,rawalpindi,65849.21,Intermediate,28,24974.58,645.0,2023-06-01,Yes,79829.03,Private,0
C101102,64.0,Male,Lahore,87250.58,Master,14,13680.77,724.0,2023-07-01,Yes,240441.57,Unemployed,0
C101103,25.0,Male,karachi,64367.96,Master,8,34260.43,774.0,2023-08-01,Yes,286069.18,Private,0
C101104,57.0,Male,karachi,83777.67,Bachelor,23,19160.92,843.0,2023-09-01,No,131686.49,Government,0
C101105,46.0,Male,rawalpindi,145449.9,PhD,33,44381.85,661.0,2023-10-01,Yes,358235.43,Business,0
C101106,58.0,Female,faisalabad,85476.32999999999,Master,17,42370.37,658.0,2023-11-01,No,58774.17,Student,0
C101107,30.0,Female,rawalpindi,73135.71,PhD,1,53221.36,464.0,2023-12-01,Yes,82837.82,Business,0
C101108,19.0,Female,islamabad,40915.49,Intermediate,8,49702.77,776.0,2023-01-13,No,124505.63,Government,0
C101109,64.0,Female,islamabad,101496.18,Intermediate,6,41083.45,767.0,2023-01-14,No,163391.73,Student,0
C101110,20.0,Male,rawalpindi,47367.1,Intermediate,30,71104.68,540.0,2023-01-15,Yes,323593.17,Business,0
C101111,60.0,Female,Lahore,106482.66,Matric,10,39448.71,462.0,2023-01-16,No,285959.35,Business,0
C101112,35.0,Male,faisalabad,84460.83,Unknown,31,37945.05,440.0,2023-01-17,Yes,198414.08,Student,0
C101113,28.0,Female,rawalpindi,58026.99,PhD,9,24319.81,580.0,2023-01-18,Yes,139771.82,Business,0
C101114,45.0,Male,Lahore,53987.22,Bachelor,7,35764.95,570.0,2023-01-19,Yes,222921.94,Student,0
C101115,23.0,Male,islamabad,109270.79,Bachelor,7,56909.94,596.0,2023-01-20,Yes,295697.49,Private,0
C101116,60.0,Male,Lahore,106599.45,PhD,17,44675.0,484.0,2023-01-21,No,306999.24,Government,0
C101117,24.0,Female,rawalpindi,94766.65,Matric,23,40697.25,527.0,2023-01-22,No,212355.83,Student,1
C101118,61.0,Male,faisalabad,130736.06,Bachelor,20,11602.25,334.0,2023-01-23,No,226590.56,Government,0
C101119,62.0,Female,karachi,120356.17,PhD,26,34798.72,804.0,2023-01-24,No,400898.26,Private,1
C101120,42.0,Female,karachi,71649.18,Intermediate,22,15256.16,387.0,2023-01-25,Yes,139601.67,Student,1
C101121,71.0,Male,faisalabad,74893.17,Master,1,27494.63,809.0,2023-01-26,Yes,223030.72,Government,0
C101122,66.0,Female,islamabad,103051.73,Master,16,72393.79,395.0,2023-01-27,Yes,339891.95,Business,0
C101123,34.0,Female,Unknown,83014.73,Matric,34,55416.78,733.0,2023-01-28,Yes,268388.46,Student,0
C101124,70.0,Female,Lahore,102401.75,Matric,16,14390.31,313.0,2023-01-29,Yes,400816.08,Student,0
C101125,24.0,Female,Lahore,105640.39,Bachelor,33,26915.45,443.0,2023-01-30,Yes,281424.68,Business,0
C101126,68.0,Male,karachi,66572.78,PhD,1,31717.79,406.0,2023-01-31,Yes,271217.61,Government,0
C101127,58.0,Male,faisalabad,102004.66,Matric,33,46923.22,685.0,2023-01-02,Yes,514462.27,Student,0
C101128,36.0,Female,karachi,73889.37,PhD,26,51153.2,403.0,2023-02-02,Yes,171507.99,Business,0
C101129,47.0,Female,Unknown,134920.57,Master,8,16922.07,621.0,2023-03-02,Yes,263238.77,Government,0
C101130,31.0,Male,Lahore,84309.76,Bachelor,10,44851.41,740.0,2023-04-02,Yes,311126.67,Student,0
C101131,52.0,Male,rawalpindi,46808.12,Intermediate,0,49932.03,433.0,2023-05-02,Yes,247704.90777003483,Student,0
C101132,21.0,Female,faisalabad,111407.66,Master,34,36280.1,383.0,2023-06-02,Yes,386238.88,Unemployed,1
C101133,46.0,Male,Lahore,64573.98,PhD,7,35158.48,424.0,2023-07-02,Yes,252225.94,Private,0
C101134,58.0,Male,karachi,121711.72,Matric,12,25687.19,825.0,2023-08-02,Yes,56409.08,Government,1
C101135,64.0,Female,Lahore,127848.51,Bachelor,18,33234.42,702.0,2023-09-02,No,59498.2,Unemployed,0
C101136,20.0,Female,Lahore,48385.62,PhD,24,26157.89,566.0,2023-10-02,N,176557.77,Business,0
C101137,51.0,Female,islamabad,69575.28,PhD,21,37671.15,714.0,2023-11-02,Yes,225196.12,Private,1
C101138,65.0,Female,karachi,151415.86,PhD,15,40867.81,696.0,2023-12-02,No,178827.79,Private,0
C101139,63.0,Female,islamabad,93555.74,Master,15,66040.13,428.0,2023-02-13,No,276509.65,Student,1
C101140,70.0,Female,rawalpindi,86138.67,Intermediate,26,48153.82,672.0,2023-02-14,Yes,268730.11,Private,0
C101141,55.0,Female,faisalabad,91723.75,Master,14,48679.82,534.0,2023-02-15,Yes,144664.01,Student,0
C101142,37.0,Female,rawalpindi,85786.83,Bachelor,19,28939.96,610.0,2023-02-16,Yes,20721.01,Unemployed,0
C101143,57.0,Male,faisalabad,100633.64,PhD,11,82535.91,413.0,2023-02-17,No,253999.26,Government,0
C101144,31.0,Female,rawalpindi,78985.61,Matric,17,49336.69,658.0,2023-02-18,Yes,420456.71,Unemployed,0
C101145,59.0,Female,rawalpindi,83170.01,Intermediate,17,29632.78,830.0,2023-02-19,Yes,307224.56,Government,0
C101146,31.0,Male,Lahore,124516.96,Intermediate,11,30429.67,797.0,2023-02-20,Yes,175215.2,Private,0
C101147,50.0,Female,faisalabad,61099.59,Intermediate,16,37545.72,650.0,2023-02-21,Yes,338318.33,Unemployed,0
C101148,42.0,Male,faisalabad,74849.27,Intermediate,19,31922.15,669.0,2023-02-22,Yes,329271.92,Private,0
C101149,38.0,Male,rawalpindi,65449.54,Matric,18,63989.78,353.0,2023-02-23,No,439766.0,Government,0
C101150,67.0,Female,islamabad,122672.92,PhD,7,38977.35,765.0,2023-02-24,No,313899.41,Government,0
C101151,40.0,Male,islamabad,74479.04,Master,29,74222.75,407.0,2023-02-25,Yes,49385.58,Unemployed,0
C101152,54.0,Female,rawalpindi,85476.32999999999,Bachelor,20,27647.31,572.0,2023-02-26,Yes,268994.4,Private,0
C101153,19.0,Female,rawalpindi,46336.24,Intermediate,4,38376.85,309.0,2023-02-27,Yes,446927.67,Private,0
C101154,58.0,Female,rawalpindi,89739.41,Intermediate,18,48245.17,459.0,2023-02-28,Yes,407898.26,Government,1
C101155,20.0,Female,Lahore,116192.23,Master,28,17232.33,322.0,2023-01-03,Yes,239696.45,Unemployed,0
C101156,50.0,Female,faisalabad,57043.03,Bachelor,17,12034.66,470.0,2023-02-03,Yes,207506.91,Government,0
C101157,44.0,Male,islamabad,84862.61,Master,29,30358.18,769.0,2023-03-03,No,216702.31,Student,0
C101158,63.0,Male,faisalabad,85476.32999999999,Intermediate,2,34798.72,784.0,2023-04-03,No,129968.1,Student,0
C101159,63.0,Female,islamabad,42083.32,Matric,27,71071.83,700.0,2023-05-03,Yes,39727.14,Private,0
C101160,47.0,Male,Lahore,103745.34,Master,34,49948.57,664.0,2023-06-03,Yes,183702.52,Private,0
C101161,58.0,Female,islamabad,112262.37,Bachelor,8,38926.55,535.0,2023-07-03,No,318672.96,Unemployed,0
C101162,23.0,Male,islamabad,104151.78,Master,7,24871.32,321.0,2023-08-03,Yes,212323.51,Government,0
C101163,39.0,Male,islamabad,67622.83,Intermediate,4,999999.0,344.0,2023-09-03,Yes,66802.3,Business,0
C101164,51.0,Female,faisalabad,74413.33,Intermediate,0,56273.01,383.0,2023-10-03,Yes,98760.33,Unemployed,1
C101165,45.0,Male,karachi,125877.96,Intermediate,1,42214.94,332.0,2023-11-03,Yes,263368.08,Private,1
C101166,35.0,Male,rawalpindi,86554.62,Master,7,31569.85,844.0,2023-12-03,No,206989.44,Business,0
C101167,65.0,Male,rawalpindi,74221.27,Master,25,13423.71,744.0,2023-03-13,No,400461.75,Student,0
C101168,46.22862068965517,Female,islamabad,49990.74,PhD,32,53208.14,548.0,2023-03-14,Yes,489192.56,Unemployed,1
C101169,62.0,Female,faisalabad,27270.11,PhD,11,42983.36,492.0,2023-03-15,Yes,131325.76,Business,0
C101170,30.0,Male,islamabad,86451.23,Bachelor,24,13027.9,629.0,2023-03-16,No,242322.37,Government,0
C101171,52.0,Female,karachi,102362.52,Bachelor,5,31224.39,519.0,2023-03-17,No,376134.47,Government,1
C101172,49.0,Male,islamabad,44453.08,Bachelor,33,34798.72,343.0,2023-03-18,No,394032.84,Student,0
C101173,66.0,Female,islamabad,118025.85,Intermediate,19,33176.46,850.0,2023-03-19,Yes,241122.05,Business,0
C101174,42.0,Female,faisalabad,91863.37,Unknown,29,16547.49,324.0,2023-03-20,Yes,102295.04,Unemployed,0
C101175,73.0,Male,rawalpindi,112181.96,Matric,24,16262.86,701.0,2023-03-21,Yes,258670.41,Government,0
C101176,23.0,Male,islamabad,124348.43,Matric,0,40785.79,609.0,2023-03-22,Yes,175679.62,Private,1
C101177,53.0,Male,karachi,107884.47,Master,21,55635.4,344.0,2023-03-23,No,199308.27,Business,0
C101178,27.0,Female,rawalpindi,155085.8,Master,7,40853.7,448.0,2023-03-24,No,371117.92,Business,0
C101179,73.0,Male,rawalpindi,82660.52,Master,25,67108.51,358.0,2023-03-25,Yes,318033.12,Government,0
C101180,60.0,Female,karachi,78880.67,Matric,28,23102.76,585.0,2023-03-26,No,252281.12,Student,0
C101181,22.0,Male,faisalabad,66924.15,Intermediate,0,22885.46,633.0,2023-03-27,No,153289.38,Business,1
C101182,64.0,Male,rawalpindi,128582.45,PhD,9,38353.66,301.0,2023-03-28,Yes,138525.38,Business,1
C101183,62.0,Male,faisalabad,105568.25,Bachelor,17,31125.78,746.0,2023-03-29,Yes,181470.65,Government,0
C101184,31.0,Male,karachi,63667.87,Intermediate,27,15381.54,343.0,2023-03-30,Yes,379638.2,Government,0
C101185,23.0,Male,Lahore,107248.56,Matric,27,13050.28,376.0,2023-03-31,No,162260.67,Unemployed,0
C101186,23.0,Male,islamabad,97562.06,Matric,5,33852.96,517.0,2024-10-03,Yes,209654.89,Student,1
C101187,30.0,Male,islamabad,36116.29,Master,21,34798.72,535.0,2023-02-04,Yes,219378.48,Student,0
C101188,24.0,Female,rawalpindi,127857.78,Matric,5,38375.74,807.0,2023-03-04,Yes,292946.38,Business,0
C101189,37.0,Male,islamabad,70683.62,Matric,24,29484.57,660.0,2023-04-04,Yes,48483.3,Student,0
C101190,52.0,Female,Lahore,85476.32999999999,Master,7,23794.64,633.0,2023-05-04,Yes,302257.06,Student,0
C101191,24.0,Male,karachi,106498.59,Master,29,21006.37,550.0,2023-06-04,Yes,270601.21,Private,0
C101192,49.0,Male,karachi,108662.52,Bachelor,10,44376.83,585.0,2023-07-04,No,337267.88,Business,0
C101193,58.0,Male,faisalabad,108092.32,Master,18,39540.18,840.0,2023-08-04,Yes,197621.07,Private,1
C101194,27.0,Male,faisalabad,117021.34,Intermediate,21,33776.13,532.0,2023-09-04,Yes,272044.12,Business,0
C101195,37.0,Female,islamabad,113456.18,PhD,27,47980.24,625.0,2023-10-04,Yes,497024.2,Business,0
C101196,68.0,Female,rawalpindi,108252.98,Matric,26,31660.61,625.0,2023-11-04,No,141747.89,Private,0
C101197,27.0,Female,Lahore,68326.9,Master,13,20556.76,793.0,2023-12-04,Yes,280795.32,Unemployed,0
C101198,46.22862068965517,Female,karachi,68314.38,Bachelor,22,36822.34,745.0,2023-04-13,Yes,98097.64,Private,1
C101199,30.0,Male,islamabad,126780.73,PhD,5,30928.93,797.0,2023-04-14,No,167943.28,Government,0
C101200,47.0,Female,Lahore,68400.47,PhD,5,18838.26,628.0,2023-04-15,Yes,136429.03,Business,0
C101201,19.0,Male,Lahore,85476.32999999999,Unknown,4,33451.75,614.0,2023-04-16,Yes,315339.63,Unemployed,0
C101202,58.0,Female,Lahore,85476.32999999999,Matric,24,37563.47,577.0,2023-04-17,Yes,253658.71,Unemployed,0
C101203,72.0,Male,rawalpindi,79769.72,Master,6,41060.57,418.0,2023-04-18,Yes,131581.1,Private,1
C101204,42.0,Female,islamabad,119848.68,Matric,25,53065.62,690.0,2023-04-19,Yes,355212.38,Government,0
C101205,72.0,Male,islamabad,99344.6,Matric,9,46004.76,361.0,2023-04-20,No,433568.89,Student,0
C101206,35.0,Male,Lahore,68128.34,PhD,33,41518.85,549.0,2023-04-21,Yes,223701.72,Unemployed,0
C101207,32.0,Male,karachi,120149.0,Master,26,10082.01,617.0,2023-04-22,No,136643.94,Private,0
C101208,62.0,Female,Lahore,76083.55,Intermediate,34,58861.96,771.0,2023-04-23,No,247704.90777003483,Private,0
C101209,57.0,Female,Lahore,65791.21,Unknown,11,66731.02,661.0,2023-04-24,Yes,265030.74,Student,0
C101210,21.0,Male,karachi,108909.73,PhD,29,33140.56,566.0,2023-04-25,No,387413.61,Business,0
C101211,20.0,Female,Lahore,112505.26,PhD,21,24016.8,614.0,2023-04-26,No,392835.8,Business,0
C101212,19.0,Male,Lahore,119723.62,PhD,15,57924.14,797.0,2023-04-27,Yes,268737.7,Unemployed,0
C101213,37.0,Male,Lahore,68589.34,PhD,19,49438.64,324.0,2023-04-28,No,220810.75,Private,0
C101214,48.0,Female,faisalabad,79597.72,Matric,15,17734.81,617.0,2023-04-29,Yes,295414.5,Government,0
C101215,56.0,Female,faisalabad,41588.36,Bachelor,34,40653.37,444.0,2023-04-30,Yes,323325.88,Government,0
C101216,21.0,Female,islamabad,30320.4,Bachelor,22,12510.85,621.0,2023-01-05,Yes,336093.81,Student,1
C101217,30.0,Male,karachi,54514.53,Master,19,37279.97,829.0,2023-02-05,Yes,368563.05,Government,0
C101218,68.0,Female,Lahore,66715.5,Matric,18,33410.8,606.0,2023-03-05,Yes,160454.44,Government,0
C101219,37.0,Male,karachi,91593.38,Intermediate,15,52954.95,686.0,2023-04-05,No,238725.44,Business,0
C101220,18.0,Female,rawalpindi,72384.77,PhD,31,46359.87,357.0,2023-05-05,Yes,247704.90777003483,Private,1
C101221,25.0,Male,islamabad,30329.27,Bachelor,28,14473.14,720.0,2023-06-05,No,-44892.37,Government,1
C101222,65.0,Female,Lahore,99989.05,Bachelor,8,26823.13,700.0,2023-07-05,No,247704.90777003483,Unemployed,1
C101223,26.0,Female,rawalpindi,81972.01,Bachelor,20,17246.5,406.0,2023-08-05,No,193397.44,Private,1
C101224,58.0,Female,faisalabad,85476.32999999999,Bachelor,33,36284.32,468.0,2023-09-05,Yes,396854.37,Student,0
C101225,18.0,Male,karachi,104850.12,Master,28,27158.61,427.0,2023-10-05,Yes,169148.23,Student,0
C101226,53.0,Female,islamabad,25962.24,Matric,13,55171.62,331.0,2023-11-05,No,452232.29,Business,1
C101227,37.0,Female,faisalabad,111519.69,PhD,28,49801.14,315.0,2023-12-05,Yes,277767.14,Unemployed,0
C101228,45.0,Female,Lahore,56656.43,PhD,32,23341.47,421.0,2023-05-13,Yes,198748.69,Government,1
C101229,42.0,Female,rawalpindi,87677.86,Master,31,62520.54,824.0,2023-05-14,Yes,42400.84,Unemployed,0
C101230,46.22862068965517,Male,islamabad,104029.39,Bachelor,7,21938.6,508.0,2023-05-15,Yes,296103.67,Business,0
C101231,42.0,Female,rawalpindi,112685.2,Master,2,50069.27,349.0,2023-05-16,Yes,263286.75,Unemployed,1
C101232,73.0,Male,Lahore,105191.02,Matric,33,25956.19,658.0,2023-05-17,Yes,189169.24,Business,0
C101233,34.0,Female,islamabad,89799.28,Matric,10,32335.13,493.0,2023-05-18,Yes,102054.96,Student,0
C101234,57.0,Female,islamabad,95990.26,Master,34,9627.48,490.0,2023-05-19,Yes,-80101.98,Unemployed,1
C101235,48.0,Female,faisalabad,132117.6,Bachelor,18,42406.55,331.0,2023-05-20,Yes,307241.35,Business,0
C101236,49.0,Male,karachi,85476.32999999999,Intermediate,34,25763.15,487.0,2023-05-21,No,263683.09,Private,1
C101237,19.0,Male,karachi,58958.33,Matric,5,29011.57,845.0,2023-05-22,Yes,104374.59,Student,0
C101238,28.0,Female,islamabad,60075.92,PhD,17,29066.38,371.0,2023-05-23,No,57907.29,Student,1
C101239,41.0,Male,rawalpindi,115766.35,Master,8,46209.9,338.0,2023-05-24,Yes,351949.59,Government,0
C101240,38.0,Female,rawalpindi,77385.98,Bachelor,24,37935.14,395.0,2023-05-25,No,248824.93,Private,1
C101241,52.0,Male,faisalabad,85476.32999999999,Intermediate,5,21651.97,645.0,2023-05-26,Yes,455379.41,Government,0
C101242,18.0,Female,rawalpindi,99155.48,PhD,0,38090.16,574.3770154373927,2023-05-27,No,335315.49,Student,1
C101243,61.0,Female,karachi,69768.12,Master,26,38915.7,574.3770154373927,2023-05-28,Yes,354484.66,Private,1
C101244,23.0,Male,islamabad,48147.69,Matric,27,36697.12,482.0,2023-05-29,Yes,307160.85,Unemployed,0
C101245,74.0,Male,islamabad,82860.01,Master,15,35579.82,509.0,2023-05-30,Yes,254300.96,Business,0
C101246,30.0,Male,karachi,85367.37,Intermediate,34,23715.21,378.0,2023-05-31,Yes,354719.38,Government,1
C101247,43.0,Female,faisalabad,87820.1,Master,31,57370.93,374.0,2023-01-06,No,349922.47,Government,0
C101248,40.0,Male,Lahore,50525.42,Bachelor,7,24103.53,711.0,2023-02-06,Yes,164721.54,Unemployed,0
C101249,71.0,Male,Lahore,75836.05,Bachelor,1,35038.35,581.0,2023-03-06,No,235217.06,Government,0
C101250,70.0,Male,karachi,94157.8,Intermediate,33,59261.67,431.0,2023-04-06,Yes,253025.07,Student,0
C101251,70.0,Male,faisalabad,58134.44,Intermediate,16,56565.71,325.0,2023-05-06,Yes,226293.65,Government,0
C101252,62.0,Female,islamabad,73771.96,Bachelor,0,39938.17,574.3770154373927,2023-06-06,Yes,469388.53,Unemployed,1
C101253,25.0,Female,karachi,111068.49,PhD,2,24219.28,844.0,2023-07-06,No,187986.22,Government,0
C101254,33.0,Female,islamabad,72542.11,Master,18,10042.23,422.0,2023-08-06,Yes,314578.06,Student,0
C101255,46.0,Female,islamabad,114841.18,Master,18,31408.2,610.0,2023-09-06,No,536124.55,Unemployed,0
C101256,50.0,Male,karachi,80787.75,PhD,9,38187.49,391.0,2023-10-06,Yes,115305.27,Government,0
C101257,30.0,Female,Lahore,95207.95,Master,10,54250.72,675.0,2023-11-06,Yes,440252.95,Business,0
C101258,61.0,Male,rawalpindi,128589.6,Master,6,50220.42,339.0,2023-12-06,No,-8625.84,Unemployed,0
C101259,63.0,Male,karachi,114844.82,Matric,32,42351.88,579.0,2023-06-13,Yes,248173.64,Government,0
C101260,59.0,Female,islamabad,125497.44,Matric,27,36779.0,632.0,2023-06-14,Yes,262295.05,Private,0
C101261,59.0,Female,rawalpindi,57957.5,Master,16,58931.72,506.0,2023-06-15,Yes,71680.65,Private,1
C101262,66.0,Male,Lahore,91454.21,Intermediate,5,31868.1,377.0,2023-06-16,Yes,465694.68,Student,1
C101263,73.0,Female,karachi,108821.87,Matric,30,24807.48,384.0,2023-06-17,No,296806.42,Student,0
C101264,43.0,Male,Lahore,106371.09,Master,4,11472.92,322.0,2023-06-18,No,563655.51,Student,0
C101265,21.0,Male,islamabad,87399.46,PhD,8,45268.71,447.0,2023-06-19,Yes,-38900.5,Student,1
C101266,71.0,Female,rawalpindi,124913.92,Master,7,13525.76,612.0,2023-06-20,Yes,238012.43,Private,0
C101267,42.0,Female,karachi,84425.95,Master,13,33892.88,559.0,2023-06-21,Yes,300668.7,Private,0
C101268,46.0,Male,rawalpindi,96182.46,Bachelor,26,15534.05,327.0,2023-06-22,No,423911.72,Business,1
C101269,38.0,Female,Lahore,97866.24,Unknown,10,63284.94,492.0,2023-06-23,Yes,221021.88,Unemployed,1
C101270,60.0,Male,Unknown,86556.98,Intermediate,17,34197.88,353.0,2023-06-24,Yes,294524.83,Government,0
C101271,55.0,Male,islamabad,85329.85,Bachelor,19,56818.5,318.0,2023-06-25,Yes,286134.2,Unemployed,0
C101272,26.0,Male,islamabad,85476.32999999999,Master,15,48414.11,743.0,2023-06-26,No,189401.02,Private,0
C101273,48.0,Female,islamabad,111218.64,PhD,3,34798.72,363.0,2023-06-27,Yes,407082.05,Private,0
C101274,56.0,Female,faisalabad,143348.57,Master,7,43412.46,353.0,2023-06-28,No,247704.90777003483,Business,1
C101275,50.0,Male,islamabad,86346.16,Bachelor,6,14614.16,690.0,2023-06-29,Yes,170408.77,Private,0
C101276,47.0,Female,karachi,62322.38,Master,13,16220.97,550.0,2023-06-30,Yes,311569.62,Business,0
C101277,26.0,Male,faisalabad,74027.77,Intermediate,27,58233.84,554.0,2023-01-07,No,295911.68,Business,0
C101278,36.0,Female,karachi,69191.65,Bachelor,8,3584.79,563.0,2023-02-07,No,352857.63,Unemployed,1
C101279,71.0,Female,rawalpindi,113218.77,Bachelor,16,71407.09,774.0,2023-03-07,Yes,310437.95,Government,0
C101280,59.0,Female,islamabad,55429.8,Master,26,46799.76,676.0,2023-04-07,No,223764.21,Government,0
C101281,36.0,Female,faisalabad,56049.61,Intermediate,32,39722.1,459.0,2023-05-07,No,237504.25,Student,0
C101282,39.0,Female,faisalabad,81198.32,PhD,19,14381.8,711.0,2023-06-07,Yes,314599.26,Business,0
C101283,40.0,Female,rawalpindi,8337.13,Master,5,42164.87,312.0,2023-07-07,Yes,294844.99,Private,1
C101284,31.0,Female,islamabad,76090.36,Master,0,38310.58,754.0,2023-08-07,No,145541.93,Student,0
C101285,31.0,Male,rawalpindi,78879.94,Matric,8,57584.12,831.0,2023-09-07,Yes,389678.87,Unemployed,0
C101286,28.0,Male,islamabad,8076.08,Bachelor,23,37797.9,755.0,2023-10-07,Yes,192963.36,Government,0
C101287,35.0,Female,faisalabad,129596.78,PhD,28,14790.79,301.0,2023-11-07,No,239800.54,Private,0
C101288,29.0,Female,faisalabad,63318.82,Intermediate,4,75430.18,630.0,2023-12-07,Yes,88059.88,Business,0
C101289,39.0,Male,Lahore,108182.51,Bachelor,34,54433.76,699.0,2023-07-13,Yes,126390.14,Student,0
C101291,46.22862068965517,Female,karachi,80919.41,Master,29,41697.84,601.0,2023-07-15,No,190715.21,Unemployed,0
C101292,69.0,Male,karachi,54147.13,Matric,33,42361.96,608.0,2023-07-16,Yes,60813.45,Private,1
C101293,43.0,Male,Lahore,105774.03,Matric,27,34798.72,326.0,2023-07-17,Yes,113400.86,Unemployed,0
C101294,52.0,Female,Lahore,90401.57,Bachelor,34,25978.61,737.0,2023-07-18,No,181125.33,Private,0
C101295,65.0,Female,rawalpindi,94375.29,PhD,14,37835.07,326.0,2023-07-19,Yes,528112.79,Student,1
C101296,30.0,Male,islamabad,70928.31,PhD,21,21685.01,778.0,2023-07-20,Yes,148940.26,Government,0
C101297,66.0,Male,karachi,53076.86,PhD,2,25936.25,521.0,2023-07-21,Yes,148482.88,Private,1
C101298,73.0,Male,faisalabad,97027.24,Master,32,27949.94,702.0,2023-07-22,Yes,402085.87,Private,0
C101299,52.0,Male,Lahore,72464.02,Intermediate,20,14790.07,818.0,2023-07-23,No,247704.90777003483,Government,0
C101300,55.0,Male,islamabad,98408.31,Matric,15,32472.78,751.0,2023-07-24,Yes,332329.84,Government,0
C101301,49.0,Male,islamabad,69326.32,Bachelor,4,3772.11,468.0,2023-07-25,Yes,247704.90777003483,Student,1
C101302,37.0,Female,islamabad,38811.18,Master,7,17244.92,495.0,2023-07-26,Yes,222831.37,Private,0
C101303,52.0,Female,faisalabad,49507.94,Bachelor,17,54606.54,418.0,2023-07-27,Yes,242654.94,Government,1
C101304,41.0,Female,rawalpindi,102273.43,Matric,28,48067.45,511.0,2023-07-28,Yes,274696.27,Student,0
C101305,46.0,Male,karachi,85476.32999999999,Bachelor,1,25363.55,351.0,2023-07-29,No,127394.28,Unemployed,1
C101307,22.0,Male,islamabad,66848.45,PhD,15,38732.85,699.0,2023-07-31,No,292096.2,Government,0
C101308,46.22862068965517,Male,rawalpindi,84025.63,Master,27,34798.72,524.0,2023-01-08,Yes,172238.71,Student,0
C101309,23.0,Female,faisalabad,54161.07,PhD,1,57614.87,358.0,2023-02-08,Yes,261630.24,Business,1
C101310,65.0,Female,karachi,60508.93,PhD,30,30417.9,829.0,2023-03-08,No,106049.28,Government,0
C101311,45.0,Male,rawalpindi,85730.78,PhD,18,30448.11,348.0,2023-04-08,Yes,250475.12,Private,0
C101312,74.0,Male,islamabad,116435.08,Bachelor,33,35358.17,798.0,2023-05-08,Yes,244498.4,Unemployed,0
C101313,22.0,Female,Lahore,92188.77,PhD,6,55005.75,800.0,2023-06-08,Yes,321606.76,Government,0
C101314,46.22862068965517,Male,islamabad,107936.66,PhD,20,39262.53,777.0,2023-07-08,Yes,236356.36,Business,0
C101315,25.0,Female,rawalpindi,79525.6,Bachelor,14,50519.02,310.0,2023-08-08,Yes,359905.88,Government,1
C101316,37.0,Female,islamabad,106396.58,Bachelor,18,23383.69,719.0,2023-09-08,No,401383.78,Government,1
C101317,53.0,Male,karachi,74364.05,Intermediate,8,23361.26,377.0,2023-10-08,No,179078.76,Private,0
C101318,38.0,Male,rawalpindi,135166.99,Bachelor,26,35803.09,762.0,2023-11-08,Yes,209266.3,Business,0
C101319,71.0,Female,Lahore,94925.99,Master,25,25885.16,565.0,2023-12-08,Yes,212406.83,Student,0
C101320,74.0,Male,Lahore,87237.01,PhD,15,64817.39,541.0,2023-08-13,Yes,367201.04,Government,1
C101321,19.0,Male,rawalpindi,170416.77,Master,21,32410.89,333.0,2023-08-14,Yes,351490.3,Private,0
C101322,54.0,Male,faisalabad,153155.46,PhD,22,55334.27,453.0,2023-08-15,No,174773.58,Student,0
C101323,52.0,Female,faisalabad,54460.36,Intermediate,1,40065.01,850.0,2023-08-16,Yes,290190.86,Business,0
C101324,66.0,Female,rawalpindi,117906.53,Master,24,37046.76,632.0,2023-08-17,No,329043.25,Unemployed,0
C101325,43.0,Female,Lahore,149899.39,Bachelor,14,44436.05,327.0,2023-08-18,No,70512.78,Student,0
C101326,23.0,Male,karachi,96805.8,Intermediate,31,31885.27,551.0,2023-08-19,Yes,243377.19,Private,0
C101327,20.0,Female,islamabad,44769.21,Matric,6,16812.18,431.0,2023-08-20,No,273805.59,Private,1
C101328,27.0,Male,rawalpindi,70262.09,Master,26,56476.9,542.0,2023-08-21,No,109778.91,Private,0
C101329,62.0,Female,islamabad,52888.78,PhD,21,31721.96,677.0,2023-08-22,Yes,337589.26,Business,0
C101330,23.0,Male,rawalpindi,107655.51,Matric,11,31466.71,384.0,2023-08-23,Yes,357718.52,Government,1
C101331,58.0,Male,islamabad,109591.9,Bachelor,5,18990.45,329.0,2023-08-24,No,293806.28,Unemployed,0
C101332,25.0,Female,karachi,56178.6,Intermediate,33,52761.57,815.0,2023-08-25,No,322936.08,Government,1
C101333,71.0,Female,rawalpindi,107382.99,PhD,15,19704.13,614.0,2023-08-26,No,400479.86,Student,1
C101334,24.0,Female,rawalpindi,56360.51,PhD,5,40254.7,437.0,2023-08-27,Yes,369784.39,Student,0
C101335,55.0,Male,karachi,97506.2,PhD,18,34798.72,739.0,2023-08-28,Yes,378285.5,Business,0
C101336,18.0,Female,karachi,67962.23,PhD,1,28706.11,770.0,2023-08-29,No,360743.66,Student,1
C101337,58.0,Male,islamabad,119058.76,Matric,13,34798.72,574.3770154373927,2023-08-30,Yes,175356.65,Unemployed,0
C101338,21.0,Male,rawalpindi,82569.27,Bachelor,6,34814.38,324.0,2023-08-31,Yes,73926.89,Private,0
C101339,38.0,Female,karachi,109250.17,Master,28,34798.72,552.0,2023-01-09,No,164869.8,Business,0
C101340,66.0,Male,faisalabad,45018.45,Matric,10,25352.95,574.0,2023-02-09,No,421624.43,Private,1
C101341,51.0,Male,islamabad,118916.59,Intermediate,1,23727.88,501.0,2023-03-09,No,426010.35,Government,1
C101342,37.0,Female,karachi,52202.41,Intermediate,17,25134.62,724.0,2023-04-09,Yes,77689.77,Business,0
C101343,53.0,Female,Unknown,95286.15,Bachelor,34,23381.49,544.0,2023-05-09,No,291776.65,Business,0
C101344,53.0,Male,Lahore,125659.1,Bachelor,26,49239.75,312.0,2023-06-09,Yes,155423.71,Unemployed,0
C101345,24.0,Male,rawalpindi,80035.99,Bachelor,11,37274.79,757.0,2023-07-09,No,256933.67,Government,0
C101346,44.0,Female,karachi,121575.82,Intermediate,33,5312.68,315.0,2023-08-09,Yes,439965.87,Private,0
C101347,29.0,Male,faisalabad,88965.67,PhD,25,23688.02,308.0,2023-09-09,Yes,246715.31,Student,0
C101348,45.0,Male,karachi,118064.99,Master,9,46894.57,787.0,2023-10-09,No,328200.53,Student,0
C101349,31.0,Male,faisalabad,131559.42,Intermediate,0,49571.8,758.0,2023-11-09,Yes,154292.67,Government,1
C101350,32.0,Female,islamabad,104485.59,Bachelor,21,51543.46,525.0,2023-12-09,Yes,430031.78,Business,1
C101351,52.0,Female,islamabad,120928.8,Master,30,22301.85,488.0,2023-09-13,Yes,102991.84,Government,0
C101352,44.0,Female,faisalabad,152918.47,PhD,6,39734.12,475.0,2023-09-14,No,190050.04,Government,0
C101353,48.0,Male,rawalpindi,85476.32999999999,PhD,22,28678.56,613.0,2023-09-15,Yes,219581.6,Business,0
C101354,24.0,Male,islamabad,56056.4,Matric,14,55699.22,645.0,2023-09-16,Yes,324520.19,Unemployed,0
C101355,36.0,Female,Lahore,98199.33,Master,4,32632.66,573.0,2023-09-17,Yes,262395.14,Business,0
C101356,37.0,Male,islamabad,94731.57,Bachelor,9,32082.73,778.0,2023-09-18,Yes,287459.64,Student,0
C101357,63.0,Female,faisalabad,60044.52,Bachelor,29,6300.03,567.0,2023-09-19,No,307247.91,Unemployed,0
C101358,39.0,Male,faisalabad,76498.07,Master,17,27461.26,650.0,2023-09-20,Yes,224352.22,Student,0
C101359,46.22862068965517,Female,rawalpindi,24481.31,PhD,10,30068.84,594.0,2023-09-21,No,291615.44,Government,0
C101360,66.0,Female,karachi,34766.97,Intermediate,22,49453.3,541.0,2023-09-22,Yes,8331.91,Unemployed,0
C101361,25.0,Female,karachi,105504.36,Matric,32,46817.69,805.0,2023-09-23,Yes,79614.38,Unemployed,0
C101362,22.0,Male,Lahore,77352.53,PhD,33,32467.41,741.0,2023-09-24,No,368762.82,Business,0
C101363,63.0,Female,Lahore,78829.77,Intermediate,2,10584.14,798.0,2023-09-25,Yes,271453.24,Unemployed,0
C101364,35.0,Female,karachi,78332.28,Bachelor,22,51790.5,574.3770154373927,2023-09-26,Yes,247704.90777003483,Private,0
C101365,35.0,Male,karachi,70626.98,Intermediate,25,30126.06,478.0,2023-09-27,No,269164.77,Business,0
C101366,46.22862068965517,Male,Lahore,61863.89,Unknown,15,8846.01,576.0,2023-09-28,No,194458.5,Private,0
C101367,44.0,Female,Lahore,104855.64,Matric,26,20688.29,343.0,2023-09-29,Yes,298435.17,Private,0
C101368,53.0,Female,karachi,79840.01,Bachelor,12,9211.92,404.0,2023-09-30,Yes,491085.16,Government,0
C101369,28.0,Female,faisalabad,124337.33,Matric,24,13845.63,671.0,2023-01-10,Yes,135313.5,Student,0
C101370,32.0,Male,faisalabad,52763.5,Intermediate,8,29711.17,604.0,2023-02-10,Yes,194808.31,Private,0
C101371,40.0,Female,rawalpindi,103136.78,Intermediate,6,29851.9,832.0,2023-03-10,Yes,-53889.76,Government,0
C101372,19.0,Male,Lahore,108989.9,Matric,32,31938.96,769.0,2023-04-10,Yes,256686.63,Government,0
C101373,31.0,Male,islamabad,76806.74,Unknown,26,13048.85,816.0,2023-05-10,Yes,247704.90777003483,Unemployed,0
C101374,74.0,Female,rawalpindi,60599.68,Bachelor,23,48934.61,408.0,2023-06-10,Yes,350184.29,Private,1
C101375,59.0,Female,Lahore,118715.3,Matric,23,74467.17,615.0,2023-07-10,No,285622.24,Student,0
C101376,51.0,Female,karachi,113276.1,Intermediate,25,29059.2,766.0,2023-08-10,No,291820.26,Student,0
C101377,51.0,Male,Lahore,113550.65,Matric,22,34625.88,836.0,2023-09-10,No,247704.90777003483,Government,0
C101378,37.0,Female,rawalpindi,109494.33,Bachelor,1,52262.62,507.0,2023-10-10,No,169257.25,Business,0
C101379,68.0,Female,faisalabad,97680.77,Master,34,34245.66,455.0,2023-11-10,No,274554.55,Business,1
C101380,44.0,Female,karachi,78937.44,Master,19,24227.14,830.0,2023-12-10,Yes,130031.75,Student,0
C101381,27.0,Male,karachi,128183.9,Master,24,42074.67,816.0,2023-10-13,Yes,327961.5,Private,0
C101382,21.0,Female,faisalabad,143810.8,PhD,11,59174.25,601.0,2023-10-14,Yes,381959.4,Private,1
C101383,50.0,Male,faisalabad,118735.69,Bachelor,7,18476.62,644.0,2023-10-15,Yes,30941.19,Government,0
C101384,24.0,Male,karachi,85476.32999999999,PhD,1,34824.1,674.0,2023-10-16,Yes,318807.24,Private,0
C101385,44.0,Male,islamabad,35963.73,PhD,19,41204.65,380.0,2023-10-17,Yes,168126.62,Business,1
C101386,65.0,Female,faisalabad,86196.2,Intermediate,32,58569.97,697.0,2023-10-18,No,249692.52,Student,0
C101387,45.0,Male,Lahore,85476.32999999999,Bachelor,25,39052.45,515.0,2023-10-19,Yes,402549.02,Private,1
C101388,52.0,Male,faisalabad,53018.94,Matric,26,43837.11,447.0,2023-10-20,Yes,68981.4,Unemployed,0
C101389,61.0,Male,faisalabad,23358.67,Matric,2,40438.93,546.0,2023-10-21,Yes,224299.48,Business,1
C101390,41.0,Male,karachi,110212.67,PhD,30,27237.51,500.0,2023-10-22,Yes,452447.5,Student,1
C101391,41.0,Female,rawalpindi,113699.31,Intermediate,22,46150.28,491.0,2023-10-23,Yes,247704.90777003483,Student,1
C101392,22.0,Male,karachi,61774.77,Intermediate,12,34798.72,474.0,2023-10-24,Yes,102673.28,Unemployed,1
C101393,57.0,Male,Lahore,71753.76,Matric,6,18950.39,348.0,2023-10-25,Yes,408069.9,Private,0
C101394,18.0,Male,islamabad,62185.67,Bachelor,5,63729.17,830.0,2023-10-26,Yes,105131.46,Government,0
C101395,33.0,Female,Lahore,85476.32999999999,Matric,14,40819.2,667.0,2023-10-27,Yes,103492.45,Private,1
C101396,33.0,Female,islamabad,79896.09,Intermediate,23,60775.09,314.0,2023-10-28,Yes,183619.3,Private,0
C101397,25.0,Female,karachi,147804.37,Master,32,34798.72,666.0,2023-10-29,No,134528.88,Student,0
C101398,61.0,Female,islamabad,76843.2,PhD,1,50257.34,492.0,2023-10-30,Yes,117650.48,Government,0
C101399,63.0,Female,faisalabad,91652.74,Matric,25,9657.26,587.0,2023-10-31,Yes,144727.43,Student,0
C101400,25.0,Male,Lahore,94566.14,Matric,17,40009.78,850.0,2023-01-11,Yes,197716.26,Private,0
C101401,47.0,Female,islamabad,77056.44,Intermediate,29,25875.03,695.0,2023-02-11,Yes,63006.26,Unemployed,1
C101402,31.0,Male,karachi,102673.53,Matric,14,51588.55,310.0,2023-03-11,Yes,355128.47,Unemployed,0
C101403,32.0,Female,Lahore,85476.32999999999,Matric,4,39808.77,659.0,2023-04-11,Yes,152442.05,Government,0
C101404,26.0,Female,islamabad,102104.92,Bachelor,10,56923.3,749.0,2023-05-11,Yes,157725.68,Government,0
C101405,43.0,Male,rawalpindi,78250.24,Master,3,16633.31,662.0,2023-06-11,No,432165.57,Business,0
C101406,72.0,Male,islamabad,52106.03,PhD,11,38028.23,814.0,2023-07-11,Yes,262735.69,Unemployed,0
C101407,54.0,Male,karachi,87058.91,Matric,3,30058.15,576.0,2023-08-11,Yes,211885.96,Business,0
C101408,18.0,Male,faisalabad,101595.97,Bachelor,31,36177.49,432.0,2023-09-11,Yes,446501.87,Student,1
C101409,32.0,Male,Unknown,53360.61,Master,28,44107.05,388.0,2023-10-11,No,291591.16,Business,0
C101410,35.0,Male,karachi,40634.76,Bachelor,17,19092.62,751.0,2023-11-11,No,394524.53,Unemployed,1
C101411,46.22862068965517,Female,rawalpindi,92200.83,Unknown,13,34798.72,376.0,2023-12-11,Yes,247704.90777003483,Student,0
C101412,27.0,Male,Lahore,79332.07,Matric,16,58350.04,654.0,2023-11-13,No,391097.86,Unemployed,0
C101413,74.0,Female,karachi,78428.67,PhD,2,46344.44,626.0,2023-11-14,Yes,21051.35,Private,0
C101414,55.0,Female,islamabad,75693.19,Master,16,21266.88,560.0,2023-11-15,Yes,39171.26,Private,0
C101415,28.0,Male,Lahore,58621.36,PhD,33,32072.26,493.0,2023-11-16,No,327262.78,Business,1
C101416,47.0,Male,karachi,133484.39,Bachelor,0,40300.29,503.0,2023-11-17,Yes,455453.38,Government,1
C101417,37.0,Female,karachi,16044.48,Matric,33,61569.78,486.0,2023-11-18,Yes,247704.90777003483,Business,0
C101418,36.0,Male,faisalabad,83775.43,Master,23,40354.87,528.0,2023-11-19,No,215503.23,Student,1
C101419,40.0,Male,Lahore,79337.89,Bachelor,4,29826.44,409.0,2023-11-20,Yes,272819.13,Government,1
C101420,71.0,Male,faisalabad,102710.0,Matric,13,25206.45,327.0,2023-11-21,Yes,444730.63,Private,1
C101421,67.0,Male,rawalpindi,96000.69,PhD,21,46681.2,310.0,2023-11-22,Yes,275496.81,Private,1
C101422,49.0,Male,faisalabad,93782.24,Master,10,35313.35,570.0,2023-11-23,Yes,192036.11,Private,0
C101423,33.0,Male,islamabad,51534.82,Master,23,45923.58,413.0,2023-11-24,Yes,174726.02,Private,0
C101424,68.0,Male,Lahore,49620.59,Bachelor,22,26346.23,731.0,2023-11-25,Yes,247704.90777003483,Private,1
C101425,30.0,Male,rawalpindi,99777.64,PhD,7,54404.4,804.0,2023-11-26,No,165263.73,Private,0
C101426,19.0,Female,karachi,73840.93,Master,10,22838.63,729.0,2023-11-27,Yes,-57245.27,Business,0
C101427,25.0,Male,Lahore,79352.75,PhD,2,27367.28,580.0,2023-11-28,No,333930.95,Unemployed,0
C101428,48.0,Male,islamabad,115750.9,Intermediate,22,45318.55,749.0,2023-11-29,No,375086.7,Government,0
C101429,61.0,Female,Lahore,99012.44,Matric,1,50633.4,337.0,2023-11-30,Yes,210050.13,Student,0
C101430,31.0,Male,karachi,35012.53,Unknown,27,42402.61,435.0,2023-01-12,Yes,218775.06,Business,1
C101431,50.0,Female,islamabad,117633.73,Bachelor,16,32807.42,582.0,2023-02-12,No,324299.48,Unemployed,1
C101432,34.0,Male,faisalabad,69102.19,Intermediate,10,40863.29,574.3770154373927,2023-03-12,No,274933.88,Government,0
C101433,23.0,Female,faisalabad,74554.55,Matric,14,54159.02,722.0,2023-04-12,No,145894.18,Student,1
C101434,54.0,Female,islamabad,78415.34,Master,13,28287.31,614.0,2023-05-12,Yes,247704.90777003483,Private,0
C101435,43.0,Male,Lahore,150059.38,PhD,3,301.95,373.0,2023-06-12,No,375050.87,Business,1
C101436,39.0,Female,karachi,111812.52,Matric,31,19135.82,571.0,2023-07-12,Yes,350226.72,Government,0
C101437,74.0,Female,islamabad,85476.32999999999,Bachelor,0,34798.72,346.0,2023-08-12,Yes,286102.57,Student,0
C101438,72.0,Male,rawalpindi,95799.25,Bachelor,17,38626.58,772.0,2023-09-12,Yes,355792.81,Student,0
C101439,70.0,Female,faisalabad,84996.55,Bachelor,25,29848.79,610.0,2023-10-12,No,398532.6,Business,0
C101440,29.0,Female,islamabad,116973.01,Master,31,27080.09,504.0,2023-11-12,Yes,15744.2,Private,1
C101441,50.0,Male,faisalabad,93171.23,Intermediate,17,14729.06,697.0,2023-12-12,No,144115.52,Student,0
C101442,40.0,Male,islamabad,80721.1,Unknown,1,33643.66,719.0,2023-12-13,Yes,193477.52,Business,0
C101443,31.0,Female,karachi,60161.81,PhD,16,20066.65,570.0,2023-12-14,Yes,202668.86,Business,0
C101444,48.0,Male,islamabad,113847.67,Master,22,17312.45,434.0,2023-12-15,No,396654.78,Student,0
C101445,51.0,Male,rawalpindi,121943.25,Intermediate,17,6845.41,515.0,2023-12-16,Yes,197072.79,Business,0
C101446,65.0,Female,islamabad,79014.22,Bachelor,8,37200.43,631.0,2023-12-17,No,194313.84,Student,0
C101447,47.0,Female,rawalpindi,85476.32999999999,PhD,1,30782.89,617.0,2023-12-18,No,247954.26,Private,0
C101448,51.0,Female,Lahore,101600.04,Matric,34,33266.12,555.0,2023-12-19,Yes,425290.93,Unemployed,0
C101449,73.0,Female,islamabad,52765.39,Matric,26,15103.01,602.0,2023-12-20,Yes,239925.93,Government,0
C101450,26.0,Male,islamabad,61034.74,Master,30,35777.45,510.0,2023-12-21,Yes,363290.93,Student,0
C101451,18.0,Female,faisalabad,66299.74,Matric,33,21111.23,668.0,2023-12-22,Yes,-41829.8,Government,0
C101452,27.0,Female,islamabad,95471.06,Bachelor,0,38110.69,534.0,2023-12-23,Yes,326421.77,Private,0
C101453,35.0,Female,faisalabad,120813.31,Matric,27,38729.56,477.0,2023-12-24,No,146251.13,Student,1
C101454,34.0,Female,faisalabad,85476.32999999999,PhD,0,23230.35,574.3770154373927,2023-12-25,Yes,111906.3,Business,0
C101455,40.0,Male,islamabad,154050.07,Matric,17,20368.91,625.0,2023-12-26,No,223388.11,Private,0
C101456,55.0,Female,rawalpindi,112806.72,Bachelor,28,48317.83,574.3770154373927,2023-12-27,Yes,224170.1,Student,0
C101457,59.0,Female,Lahore,104301.8,Bachelor,13,61844.12,439.0,2023-12-28,No,167555.85,Unemployed,0
C101458,46.22862068965517,Female,rawalpindi,61996.75,Master,0,10451.21,501.0,2023-12-29,No,103887.03,Unemployed,1
C101459,60.0,Female,faisalabad,107300.24,Matric,25,44275.61,503.0,2023-12-30,Yes,224222.92,Student,0
C101460,47.0,Female,islamabad,84832.59,Master,33,29209.66,534.0,2023-12-31,Yes,171328.88,Private,1
C101461,59.0,Male,islamabad,155049.96,Matric,13,34161.99,679.0,2024-01-01,Yes,272632.97,Business,0
C101462,67.0,Male,faisalabad,137768.5,Master,5,52906.38,507.0,2024-02-01,Yes,156745.97,Unemployed,1
C101463,50.0,Female,karachi,93687.17,Intermediate,17,1.0,755.0,2024-03-01,Yes,-27565.11,Student,0
C101464,63.0,Male,faisalabad,107370.7,Matric,16,46430.45,725.0,2024-04-01,Yes,296022.95,Unemployed,0
C101465,49.0,Female,Lahore,39886.96,PhD,11,64781.83,537.0,2024-05-01,Yes,156438.02,Student,0
C101466,38.0,Male,islamabad,117085.55,PhD,34,34798.72,301.0,2024-06-01,Yes,422005.2,Business,0
C101467,34.0,Male,islamabad,84450.41,PhD,23,28118.37,758.0,2024-07-01,Yes,234371.01,Private,0
C101468,66.0,Male,karachi,72735.86,PhD,1,39266.17,737.0,2024-08-01,No,246189.39,Student,1
C101469,67.0,Male,karachi,92906.47,Bachelor,12,27566.59,763.0,2024-09-01,No,97002.39,Private,0
C101470,29.0,Male,rawalpindi,85476.32999999999,PhD,6,23709.71,773.0,2024-10-01,Yes,-820.19,Unemployed,0
C101471,42.0,Male,karachi,111790.88,Intermediate,24,28493.44,640.0,2024-11-01,Yes,192522.43,Unemployed,0
C101472,53.0,Male,karachi,49244.57,Bachelor,31,52204.19,698.0,2024-12-01,No,335696.92,Government,0
C101473,38.0,Female,faisalabad,41539.48,Bachelor,15,26454.51,388.0,2024-01-13,Yes,128548.77,Student,0
C101474,47.0,Female,Lahore,76631.49,Master,0,13139.31,654.0,2024-01-14,Yes,-78948.9,Student,0
C101475,63.0,Female,faisalabad,91013.37,Matric,26,23509.61,789.0,2024-01-15,No,217580.7,Student,0
C101476,32.0,Male,Lahore,36736.08,Bachelor,10,18969.33,746.0,2024-01-16,Yes,150089.02,Unemployed,1
C101477,59.0,Female,faisalabad,98150.42,Matric,26,15190.32,728.0,2024-01-17,Yes,218400.56,Student,0
C101478,41.0,Female,faisalabad,96095.37,Matric,2,43358.13,667.0,2024-01-18,Yes,445898.91,Unemployed,1
C101479,36.0,Male,islamabad,42220.14,Intermediate,34,15047.93,465.0,2024-01-19,Yes,196317.48,Unemployed,0
C101480,21.0,Male,Lahore,85476.32999999999,Matric,31,26228.7,413.0,2024-01-20,Yes,301939.83,Business,0
C101481,19.0,Female,karachi,51485.29,Bachelor,9,34044.44,369.0,2024-01-21,No,335727.42,Business,0
C101482,29.0,Male,Lahore,22042.8,Bachelor,5,32073.2,638.0,2024-01-22,Yes,303949.0,Unemployed,0
C101483,46.22862068965517,Female,Lahore,42543.12,Intermediate,1,27268.78,494.0,2024-01-23,No,296791.47,Unemployed,0
C101484,48.0,Male,islamabad,44323.65,Bachelor,2,25791.24,371.0,2024-01-24,No,-19954.45,Business,0
C101485,66.0,Female,faisalabad,88088.65,Bachelor,7,13159.34,655.0,2024-01-25,Yes,356879.9,Private,0
C101486,19.0,Female,faisalabad,130516.66,Master,12,58646.63,490.0,2024-01-26,Yes,106592.54,Student,0
C101487,26.0,Male,faisalabad,106885.17,Matric,33,25294.79,690.0,2024-01-27,No,140544.66,Student,0
C101488,67.0,Male,Lahore,122959.16,Matric,19,44763.71,677.0,2024-01-28,Yes,247704.90777003483,Student,0
C101489,52.0,Male,rawalpindi,108279.64,Intermediate,26,34798.72,632.0,2024-01-29,Yes,255630.89,Unemployed,0
C101490,61.0,Male,islamabad,49686.09,Bachelor,18,24532.57,520.0,2024-01-30,Yes,262034.84,Business,1
C101491,51.0,Male,Lahore,62038.74,Intermediate,7,43670.8,632.0,2024-01-31,Yes,291073.49,Private,1
C101492,72.0,Male,faisalabad,84541.02,PhD,17,16713.9,305.0,2024-01-02,Yes,473014.4,Private,0
C101493,30.0,Female,rawalpindi,92877.39,Master,31,61623.17,804.0,2024-02-02,Yes,145767.94,Government,0
C101494,65.0,Female,rawalpindi,64298.13,PhD,6,39100.64,507.0,2024-03-02,No,141927.26,Business,1
C101495,43.0,Female,Lahore,51552.04,Master,15,57233.35,591.0,2024-04-02,No,325349.34,Business,0
C101496,19.0,Female,islamabad,30633.26,Matric,34,33150.11,752.0,2024-05-02,No,164753.0,Student,0
C101497,41.0,Female,faisalabad,90513.9,Bachelor,22,34798.72,574.3770154373927,2024-06-02,No,422371.35,Private,1
C101498,41.0,Female,karachi,98586.26,Intermediate,23,60695.09,583.0,2024-07-02,No,218955.67,Private,0
C101499,46.0,Female,faisalabad,134626.25,Bachelor,24,13927.77,686.0,2024-08-02,No,172157.05,Student,0
C101500,27.0,Female,faisalabad,60434.52,Matric,15,44034.97,498.0,2024-09-02,Yes,349864.25,Business,0
C101501,66.0,Male,rawalpindi,76558.83,Intermediate,21,44124.35,710.0,2024-10-02,Yes,247704.90777003483,Student,1
C101502,35.0,Female,Lahore,52976.95,Matric,1,43179.56,834.0,2024-11-02,Yes,327053.09,Unemployed,1
C101503,70.0,Male,Lahore,73999.07,Master,19,35619.61,825.0,2024-12-02,No,307299.6,Unemployed,0
C101504,74.0,Male,Lahore,106528.4,Master,3,33956.95,746.0,2024-02-13,Yes,216086.11,Private,0
C101505,22.0,Male,Lahore,90605.05,Master,34,34094.54,677.0,2024-02-14,Yes,202027.25,Business,0
C101506,59.0,Female,karachi,95719.44,Matric,9,18646.18,636.0,2024-02-15,Yes,317765.41,Private,0
C101507,42.0,Female,karachi,84913.05,Bachelor,14,35617.28,417.0,2024-10-03,Yes,147844.33,Business,0
C101508,46.22862068965517,Female,Lahore,67431.99,Bachelor,10,32697.33,454.0,2024-02-17,Yes,79513.15,Business,0
C101509,34.0,Female,faisalabad,105599.57,Matric,15,16540.07,681.0,2024-02-18,Yes,170362.94,Business,0
C101510,40.0,Female,Lahore,55058.21,PhD,3,33246.54,301.0,2024-02-19,Yes,107786.76,Government,0
C101511,62.0,Male,faisalabad,105408.74,Intermediate,8,41661.89,497.0,2024-02-20,Yes,85046.58,Government,0
C101512,51.0,Female,faisalabad,68963.51,Master,9,37210.18,683.0,2024-02-21,Yes,172417.83,Private,0
C101513,37.0,Male,Lahore,86847.13,PhD,13,34798.72,707.0,2024-02-22,No,274907.46,Unemployed,0
C101514,58.0,Male,faisalabad,51689.47,Intermediate,5,27316.09,747.0,2024-02-23,No,247704.90777003483,Unemployed,0
C101515,45.0,Male,rawalpindi,33995.34,Bachelor,12,19120.83,783.0,2024-02-24,No,322235.38,Private,0
C101516,58.0,Female,karachi,102640.13,PhD,14,19393.21,706.0,2024-02-25,No,174558.83,Student,0
C101517,58.0,Female,islamabad,140826.93,PhD,21,24542.59,535.0,2024-02-26,Yes,49241.17,Business,0
C101518,67.0,Female,islamabad,147635.59,Matric,24,39672.05,762.0,2024-02-27,No,118071.22,Government,0
C101519,54.0,Female,faisalabad,155611.12,Bachelor,9,31460.89,499.0,2024-02-28,Yes,174686.01,Student,1
C101520,60.0,Male,Lahore,97835.13,Bachelor,26,22126.22,522.0,2024-02-29,No,407163.48,Business,0
C101521,60.0,Male,karachi,98880.0,PhD,21,36992.35,460.0,2024-01-03,No,296352.8,Government,1
C101522,63.0,Male,rawalpindi,85476.32999999999,PhD,13,10281.21,334.0,2024-02-03,Yes,228911.6,Government,1
C101523,42.0,Male,Lahore,98057.17,Intermediate,32,60543.72,491.0,2024-03-03,No,163906.66,Unemployed,0
C101524,32.0,Male,Lahore,96049.98,PhD,4,28772.51,675.0,2024-04-03,No,431668.9,Unemployed,1
C101525,48.0,Female,islamabad,63721.69,Bachelor,33,51248.56,504.0,2024-05-03,No,137722.81,Student,0
C101526,46.22862068965517,Male,islamabad,138545.41,Bachelor,27,39737.17,845.0,2024-06-03,No,247704.90777003483,Government,0
C101527,33.0,Male,Lahore,94394.59,Master,10,20136.7,613.0,2024-07-03,Yes,383027.31,Unemployed,1
C101528,31.0,Male,faisalabad,71939.58,Matric,9,40576.89,537.0,2024-08-03,Yes,328054.32,Student,0
C101529,62.0,Male,karachi,34851.77,Bachelor,15,32160.18,783.0,2024-09-03,Yes,475623.49,Business,1
C101530,51.0,Female,karachi,160394.8,Intermediate,7,11051.06,508.0,2024-10-03,Yes,427433.08,Unemployed,1
C101531,67.0,Male,faisalabad,85476.32999999999,Unknown,6,17183.55,577.0,2024-11-03,Yes,179900.58,Business,0
C101532,48.0,Female,rawalpindi,98171.18,Bachelor,27,34584.43,495.0,2024-12-03,Yes,279581.66,Private,0
C101533,35.0,Male,faisalabad,65726.37,Unknown,9,39249.11,371.0,2024-03-13,Yes,472291.98,Private,0
C101534,66.0,Male,islamabad,93298.16,Matric,34,27199.39,560.0,2024-03-14,Yes,306038.5,Unemployed,0
C101535,46.0,Female,karachi,89314.93,Intermediate,18,22516.49,431.0,2024-03-15,Yes,313190.54,Business,0
C101536,18.0,Female,faisalabad,85476.32999999999,Matric,34,58983.92,573.0,2024-03-16,Yes,387645.32,Business,1
C101537,23.0,Female,faisalabad,42790.19,Matric,17,40353.07,302.0,2024-03-17,Yes,317699.92,Business,0
C101538,47.0,Male,Lahore,76865.21,Master,0,42199.81,554.0,2024-03-18,No,13646.95,Business,0
C101539,24.0,Male,islamabad,85476.32999999999,Bachelor,20,35117.41,577.0,2024-03-19,No,294589.44,Business,0
C101540,64.0,Female,rawalpindi,82477.94,Intermediate,8,43947.26,752.0,2024-03-20,Yes,347318.4,Business,0
C101541,26.0,Female,Lahore,58936.9,PhD,25,54100.45,588.0,2024-03-21,Yes,350007.07,Student,0
C101542,44.0,Male,karachi,85476.32999999999,Intermediate,13,28893.89,559.0,2024-03-22,Yes,251731.16,Unemployed,0
C101543,53.0,Male,karachi,119638.61,PhD,6,28314.22,670.0,2024-03-23,Yes,379479.18,Private,0
C101544,19.0,Male,rawalpindi,124601.75,Master,33,40351.59,817.0,2024-03-24,No,263022.82,Private,0
C101545,62.0,Female,karachi,99881.23,Bachelor,13,41274.09,424.0,2024-03-25,Yes,247704.90777003483,Student,1
C101546,22.0,Female,islamabad,82816.22,Bachelor,9,10367.4,353.0,2024-03-26,No,250220.87,Student,0
C101547,25.0,Female,rawalpindi,70744.53,Matric,24,26559.0,692.0,2024-03-27,Yes,309409.23,Unemployed,0
C101548,20.0,Male,karachi,51726.52,Intermediate,6,36743.05,471.0,2024-03-28,Yes,71695.08,Government,0
C101549,74.0,Female,islamabad,60226.48,Intermediate,5,57088.82,681.0,2024-03-29,Yes,205214.46,Student,0
C101550,42.0,Female,islamabad,91643.56,Intermediate,14,43485.41,333.0,2024-03-30,Yes,430114.71,Business,1
C101551,38.0,Female,Unknown,87791.07,Matric,25,60245.21,438.0,2024-03-31,No,410069.58,Unemployed,0
C101552,30.0,Female,Lahore,77048.15,Bachelor,16,3850.79,572.0,2024-01-04,Yes,211484.27,Student,0
C101553,68.0,Female,Lahore,61496.47,Bachelor,4,15087.15,326.0,2024-02-04,Yes,193795.9,Unemployed,0
C101554,52.0,Male,rawalpindi,52068.29,Bachelor,10,22168.45,426.0,2024-03-04,No,396760.59,Business,0
C101555,74.0,Male,faisalabad,88440.38,PhD,16,38097.02,469.0,2024-04-04,Yes,324438.45,Government,1
C101556,74.0,Male,faisalabad,51504.59,Intermediate,34,59308.49,647.0,2024-05-04,Yes,198540.72,Business,0
C101557,65.0,Male,karachi,120095.35,Bachelor,32,30602.54,818.0,2024-06-04,No,688174.17,Business,0
C101558,62.0,Male,karachi,101373.05,Bachelor,26,23472.15,326.0,2024-07-04,Yes,513206.17,Private,1
C101559,39.0,Male,islamabad,146648.09,Intermediate,12,15977.69,411.0,2024-08-04,Yes,123362.29,Private,0
C101560,37.0,Male,faisalabad,97985.37,Bachelor,5,53444.47,559.0,2024-09-04,Yes,315631.4,Business,1
C101561,19.0,Male,Lahore,104370.45,PhD,9,65131.48,440.0,2024-10-04,Yes,218145.99,Government,0
C101562,63.0,Male,islamabad,92986.62,Unknown,31,26338.06,613.0,2024-11-04,Yes,319081.36,Private,0
C101563,46.0,Female,karachi,92040.88,Intermediate,5,23003.67,624.0,2024-12-04,No,300487.5,Government,0
C101564,67.0,Female,faisalabad,105257.88,Master,18,37360.96,556.0,2024-04-13,Yes,143428.98,Government,0
C101565,45.0,Male,faisalabad,80823.36,Master,1,49111.43,591.0,2024-04-14,No,217360.11,Private,0
C101566,46.22862068965517,Female,Lahore,141740.76,Bachelor,32,39725.39,453.0,2024-04-15,No,162731.79,Business,0
C101567,18.0,Male,Lahore,101313.87,PhD,8,27336.41,454.0,2024-04-16,Yes,316054.43,Unemployed,1
C101568,0.0,Male,islamabad,93309.31,Matric,31,34798.72,368.0,2024-04-17,No,265575.78,Government,0
C101569,67.0,Female,karachi,17021.11,PhD,3,12571.78,730.0,2024-04-18,Yes,120791.94,Government,0
C101570,38.0,Male,faisalabad,42600.71,Bachelor,3,47832.52,383.0,2024-04-19,No,134553.98,Business,1
C101571,26.0,Female,islamabad,85476.32999999999,Intermediate,20,46885.0,372.0,2024-04-20,No,326119.76,Government,0
C101572,21.0,Female,islamabad,86756.17,Intermediate,34,18028.01,344.0,2024-04-21,Yes,370684.42,Unemployed,0
C101573,53.0,Female,Lahore,70004.46,Intermediate,33,32390.69,720.0,2024-04-22,No,461864.82,Unemployed,0
C101574,65.0,Male,karachi,111414.54,Matric,0,16840.44,736.0,2024-04-23,Yes,98340.09,Private,1
C101575,32.0,Female,rawalpindi,76174.25,Bachelor,12,37464.15,377.0,2024-04-24,No,155349.54,Private,0
C101576,46.22862068965517,Male,rawalpindi,84184.8,Intermediate,11,13237.05,574.3770154373927,2024-04-25,Yes,446349.44,Business,1
C101577,41.0,Male,islamabad,50171.27,Master,21,31762.34,725.0,2024-04-26,Yes,37460.93,Unemployed,0
C101578,62.0,Male,rawalpindi,55772.87,Master,32,56611.53,604.0,2024-04-27,No,95003.7,Business,0
C101579,44.0,Female,rawalpindi,75321.46,Bachelor,10,64191.88,574.3770154373927,2024-04-28,Yes,36328.81,Unemployed,0
C101580,47.0,Male,faisalabad,85476.32999999999,Bachelor,1,18313.48,788.0,2024-04-29,Yes,375567.87,Private,0
C101581,51.0,Female,karachi,131065.59,Matric,30,46039.93,566.0,2024-04-30,Yes,31392.08,Student,1
C101582,48.0,Male,Lahore,53862.76,Bachelor,13,25658.23,788.0,2024-01-05,Yes,284458.16,Business,0
C101583,47.0,Male,islamabad,71811.68,Master,6,43493.14,417.0,2024-02-05,Yes,295057.42,Business,0
C101584,22.0,Male,Lahore,98805.64,Master,7,45868.27,322.0,2024-03-05,Yes,312725.42,Government,0
C101585,38.0,Female,Lahore,80880.81,Matric,18,39833.19,561.0,2024-04-05,Yes,193409.57,Unemployed,0
C101586,52.0,Female,faisalabad,100957.19,Intermediate,8,22583.82,513.0,2024-05-05,Yes,213764.29,Private,0
C101587,20.0,Female,rawalpindi,79808.53,Master,12,34828.16,626.0,2024-06-05,No,158947.83,Unemployed,0
C101588,46.22862068965517,Male,Unknown,80797.11,Intermediate,31,28410.79,684.0,2024-07-05,Yes,278493.96,Government,0
C101589,25.0,Male,Unknown,50709.34,Bachelor,7,2892.26,698.0,2024-08-05,No,391865.37,Government,1
C101590,18.0,Female,faisalabad,111342.2,Master,0,26638.86,514.0,2024-09-05,Yes,247704.90777003483,Unemployed,0
C101591,53.0,Female,karachi,115636.98,Intermediate,3,32615.17,388.0,2024-10-05,No,250899.2,Private,0
C101592,54.0,Female,Lahore,80362.4,Intermediate,24,34888.26,370.0,2024-11-05,Yes,186740.51,Government,0
C101593,52.0,Male,Lahore,123094.64,Bachelor,26,36996.67,356.0,2024-12-05,Yes,120238.88,Business,0
C101594,50.0,Male,rawalpindi,93383.66,Bachelor,16,51309.78,436.0,2024-05-13,Yes,209510.04,Private,0
C101595,56.0,Male,rawalpindi,101614.63,PhD,5,23261.87,679.0,2024-05-14,Yes,247704.90777003483,Business,0
C101596,38.0,Male,rawalpindi,55371.59,Intermediate,14,31709.26,474.0,2024-05-15,Yes,139822.25,Business,1
C101597,22.0,Female,rawalpindi,20413.2,Matric,4,6611.24,629.0,2024-05-16,Yes,282918.73,Business,1
C101598,59.0,Female,karachi,107933.53,Matric,1,36915.64,327.0,2024-05-17,Yes,247704.90777003483,Business,1
C101599,32.0,Male,islamabad,163287.67,Intermediate,0,38495.87,780.0,2024-05-18,Yes,238628.48,Government,0
C101600,22.0,Female,rawalpindi,67246.69,Master,22,51446.75,428.0,2024-05-19,Yes,437147.25,Unemployed,1
C101601,31.0,Male,rawalpindi,87089.54,PhD,13,24477.5,773.0,2024-05-20,No,260068.61,Private,0
C101602,68.0,Male,islamabad,105293.69,PhD,17,45021.41,401.0,2024-05-21,Yes,271959.85,Student,0
C101603,64.0,Female,Lahore,123380.23,PhD,11,59534.87,763.0,2024-05-22,No,255808.67,Business,1
C101604,24.0,Male,islamabad,88251.35,Master,9,29279.6,319.0,2024-05-23,No,434094.56,Government,0
C101605,61.0,Male,faisalabad,106385.27,Intermediate,24,38902.23,660.0,2024-05-24,Yes,212355.21,Government,0
C101606,49.0,Male,karachi,66040.68,Bachelor,32,37501.03,362.0,2024-05-25,no,279496.96,Student,1
C101607,60.0,Female,faisalabad,75911.84,PhD,10,27697.15,350.0,2024-05-26,Yes,146661.08,Private,0
C101609,73.0,Female,rawalpindi,92843.02,Matric,33,19145.33,420.0,2024-05-28,No,322160.21,Private,0
C101610,52.0,Male,islamabad,19315.37,Bachelor,19,47993.63,679.0,2024-05-29,Yes,274544.59,Business,0
C101611,70.0,Female,Lahore,84922.07,Master,27,34798.72,413.0,2024-05-30,Yes,176218.74,Government,1
C101612,62.0,Male,Lahore,140628.0,Bachelor,13,61003.13,821.0,2024-05-31,Yes,109817.03,Private,0
C101613,54.0,Male,Lahore,82629.35,Intermediate,11,34645.92,388.0,2024-01-06,Yes,379981.23,Business,0
C101614,46.22862068965517,Male,islamabad,96823.1,Unknown,1,24928.02,716.0,2024-02-06,No,392785.79,Student,0
C101615,47.0,Male,karachi,21055.78,Master,14,155.17,407.0,2024-03-06,No,74130.62,Private,1
C101616,70.0,Female,Lahore,74367.34,Intermediate,14,30624.65,625.0,2024-04-06,Yes,332810.32,Business,0
C101617,64.0,Female,islamabad,88405.51,PhD,30,65769.93,719.0,2024-05-06,No,358497.55,Private,0
C101618,45.0,Female,Lahore,89000.97,Bachelor,3,45624.82,457.0,2024-06-06,No,139255.82,Private,1
C101619,49.0,Female,Lahore,70825.78,PhD,5,31423.89,660.0,2024-07-06,Yes,267446.51,Unemployed,1
C101620,53.0,Female,rawalpindi,74810.56,Bachelor,26,25922.28,813.0,2024-08-06,Yes,473304.11,Unemployed,0
C101621,61.0,Female,Unknown,39251.94,Matric,22,34798.72,617.0,2024-09-06,No,279731.79,Student,0
C101622,31.0,Male,faisalabad,54419.68,Master,1,31473.46,419.0,2024-10-06,Yes,200468.45,Business,1
C101623,28.0,Male,islamabad,73189.72,Bachelor,26,49719.33,745.0,2024-11-06,Yes,182797.53,Government,0
C101624,59.0,Female,islamabad,100032.85,Intermediate,1,32711.38,676.0,2024-12-06,Yes,225783.54,Student,0
C101625,47.0,Female,islamabad,84374.45,Master,30,30008.34,574.3770154373927,2024-06-13,No,323792.97,Private,0
C101626,49.0,Female,islamabad,106002.55,Master,1,4072.61,393.0,2024-06-14,No,330979.34,Government,0
C101627,45.0,Male,Lahore,119276.28,Master,4,22528.0,461.0,2024-06-15,Yes,365226.21,Business,0
C101628,57.0,Female,karachi,69937.19,PhD,5,42395.04,667.0,2024-06-16,Yes,205839.48,Government,0
C101629,45.0,Male,rawalpindi,69612.82,Master,17,61988.74,538.0,2024-06-17,No,240181.64,Unemployed,0
C101630,56.0,Female,islamabad,129935.69,Bachelor,33,27711.01,631.0,2024-06-18,Yes,347073.24,Private,0
C101631,47.0,Female,islamabad,55332.99,Matric,8,31927.19,432.0,2024-06-19,No,196555.8,Government,0
C101632,20.0,Female,faisalabad,46156.67,Matric,4,45920.16,609.0,2024-06-20,Yes,375106.3,Business,0
C101633,52.0,Male,islamabad,62477.97,Matric,20,44542.25,309.0,2024-06-21,Yes,247704.90777003483,Government,0
C101634,22.0,Male,Lahore,40009.8,Master,27,45328.99,312.0,2024-06-22,No,153568.03,Private,0
C101635,52.0,Male,faisalabad,44113.17,Intermediate,16,37067.13,648.0,2024-06-23,YES,65632.29,Business,0
C101636,22.0,Female,Lahore,50241.25,Master,24,35996.06,591.0,2024-06-24,No,261544.71,Unemployed,1
C101637,72.0,Male,rawalpindi,71556.91,PhD,11,57855.94,382.0,2024-06-25,Yes,247704.90777003483,Government,0
C101638,31.0,Male,islamabad,101786.19,Bachelor,20,64760.15,497.0,2024-06-26,Yes,88248.98,Unemployed,0
C101639,30.0,Female,islamabad,80232.81,Bachelor,11,38240.83,412.0,2024-06-27,No,190342.08,Business,0
C101640,18.0,Male,islamabad,60897.91,Master,12,27269.52,398.0,2024-06-28,Yes,248014.31,Government,0
C101641,26.0,Male,faisalabad,142104.04,Bachelor,12,62278.34,447.0,2024-06-29,Yes,94386.45,Unemployed,0
C101642,19.0,Male,Lahore,73867.1,Matric,8,48727.92,552.0,2024-06-30,No,216752.87,Student,0
C101643,59.0,Female,rawalpindi,98554.16,Master,7,21529.74,681.0,2024-01-07,Yes,247704.90777003483,Private,0
C101644,25.0,Female,Lahore,85476.32999999999,Intermediate,29,21510.61,783.0,2024-02-07,Yes,253560.63,Unemployed,0
C101645,31.0,Male,islamabad,75725.07,Intermediate,30,58181.82,658.0,2024-03-07,Yes,349266.05,Student,0
C101646,69.0,Female,islamabad,98739.73,PhD,7,28228.0,775.0,2024-04-07,Yes,369581.54,Private,1
C101647,33.0,Male,Lahore,91521.39,PhD,27,12214.07,517.0,2024-05-07,No,444153.95,Business,1
C101648,53.0,Male,rawalpindi,71227.63,Master,14,60491.09,567.0,2024-06-07,Yes,571639.56,Business,0
C101649,28.0,Female,islamabad,67454.43,Master,4,49157.47,378.0,2024-07-07,Yes,224947.4,Unemployed,0
C101650,39.0,Male,karachi,84023.48,Master,28,60790.21,540.0,2024-08-07,Yes,86867.17,Student,0
C101651,45.0,Male,faisalabad,30478.54,Master,2,47363.01,562.0,2024-09-07,Yes,349556.81,Private,0
C101652,66.0,Male,rawalpindi,86410.11,Matric,32,15173.48,691.0,2024-10-07,No,175043.89,Private,0
C101653,41.0,Female,islamabad,89577.53,Matric,1,34694.69,505.0,2024-11-07,No,480459.66,Private,0
C101654,40.0,Female,Lahore,95621.85,PhD,0,45026.48,659.0,2024-12-07,Yes,247704.90777003483,Business,0
C101655,73.0,Male,Lahore,94389.84,PhD,16,24771.25,614.0,2024-07-13,Yes,208522.72,Business,0
C101656,38.0,Male,Lahore,74214.91,PhD,13,16538.07,834.0,2024-07-14,Y,149687.5,Private,0
C101657,56.0,Male,rawalpindi,85476.32999999999,Intermediate,14,29435.24,420.0,2024-07-15,Yes,204780.07,Government,1
C101658,71.0,Female,faisalabad,55063.89,Master,3,49985.22,362.0,2024-07-16,Yes,312277.28,Government,0
C101659,51.0,Male,rawalpindi,60000.64,Matric,6,43235.8,538.0,2024-07-17,No,127014.75,Private,1
C101660,59.0,Male,rawalpindi,83564.39,Matric,34,41577.65,680.0,2024-07-18,Yes,-8544.62,Government,0
C101661,50.0,Female,islamabad,134165.56,PhD,3,8059.52,454.0,2024-07-19,Yes,391815.16,Student,1
C101662,59.0,Female,faisalabad,117520.93,Intermediate,0,8852.7,381.0,2024-07-20,No,527069.41,Unemployed,0
C101663,34.0,Male,karachi,120938.78,Matric,25,34798.72,583.0,2024-07-21,Yes,367916.05,Private,0
C101664,50.0,Male,faisalabad,135079.6,Master,11,43413.7,673.0,2024-07-22,No,304460.46,Student,0
C101665,68.0,Female,faisalabad,59702.4,Bachelor,3,34798.72,574.3770154373927,2024-07-23,Yes,334540.26,Unemployed,0
C101666,28.0,Male,karachi,1761.48,Matric,33,34861.15,658.0,2024-07-24,No,-21872.81,Private,1
C101667,24.0,Female,Unknown,102984.25,Intermediate,31,35369.65,837.0,2024-07-25,Yes,63568.14,Government,0
C101668,40.0,Male,faisalabad,53662.28,Matric,13,8330.45,444.0,2024-07-26,Yes,364369.79,Student,1
C101669,59.0,Male,Lahore,76795.83,PhD,23,37903.63,833.0,2024-07-27,Yes,415353.15,Student,0
C101670,64.0,Male,Lahore,107021.2,Matric,13,31786.11,595.0,2024-07-28,No,199626.41,Student,0
C101671,25.0,Female,karachi,52070.43,Matric,22,61351.47,560.0,2024-07-29,Yes,37396.54,Private,0
C101672,54.0,Female,rawalpindi,74819.65,Intermediate,9,29552.34,322.0,2024-07-30,No,401385.85,Government,1
C101673,46.0,Male,rawalpindi,115705.48,Intermediate,27,41884.31,754.0,2024-07-31,No,188466.1,Student,0
C101674,50.0,Female,Unknown,120064.49,Master,8,24258.91,647.0,2024-01-08,Yes,-3111.87,Unemployed,0
C101675,30.0,Female,karachi,110395.02,Matric,18,61540.87,801.0,2024-02-08,No,231718.06,Unemployed,0
C101676,28.0,Female,faisalabad,126328.17,Matric,15,56701.92,450.0,2024-03-08,Yes,320622.03,Government,1
C101677,49.0,Male,Lahore,69819.96,PhD,12,37772.48,832.0,2024-04-08,No,178225.4,Government,0
C101678,50.0,Female,islamabad,79116.74,Matric,16,21375.98,563.0,2024-05-08,Yes,247704.90777003483,Government,0
C101679,29.0,Female,Lahore,114114.12,Master,7,45796.75,555.0,2024-06-08,Yes,344489.1,Student,0
C101680,30.0,Female,karachi,113397.54,PhD,1,40901.81,662.0,2024-07-08,Yes,395432.61,Unemployed,0
C101681,46.0,Male,rawalpindi,115790.39,Master,4,59869.85,727.0,2024-08-08,Yes,461008.6,Private,0
C101682,52.0,Male,karachi,117350.2,Intermediate,24,3809.68,622.0,2024-09-08,Yes,119045.53,Business,0
C101683,19.0,Male,islamabad,148843.83,Intermediate,29,19702.2,756.0,2024-10-08,Yes,380010.87,Government,0
C101684,59.0,Female,karachi,105120.92,PhD,26,44513.23,706.0,2024-11-08,Yes,261280.56,Unemployed,0
C101685,32.0,Female,rawalpindi,53291.05,PhD,31,56073.68,337.0,2024-12-08,No,243442.16,Government,0
C101686,61.0,Female,faisalabad,96683.34,Master,6,46833.68,313.0,2024-08-13,Yes,232803.22,Unemployed,0
C101687,59.0,Female,Lahore,70211.1,Intermediate,0,47874.09,698.0,2024-08-14,No,480714.92,Unemployed,0
C101688,67.0,Female,rawalpindi,61583.12,Matric,14,36728.24,424.0,2024-08-15,Yes,336756.55,Unemployed,1
C101689,47.0,Male,rawalpindi,121323.8,Bachelor,33,51839.34,303.0,2024-08-16,No,310086.84,Private,0
C101690,57.0,Female,faisalabad,139179.54,Matric,0,62574.08,435.0,2024-08-17,Yes,118704.02,Business,1
C101691,46.0,Female,islamabad,99655.9,Master,6,50692.61,825.0,2024-08-18,No,312185.92,Student,0
C101692,36.0,Male,karachi,98488.21,Intermediate,20,43449.7,512.0,2024-08-19,No,220091.78,Government,0
C101693,54.0,Male,Lahore,73288.11,Matric,11,9427.24,817.0,2024-08-20,Yes,310256.6,Private,0
C101694,56.0,Female,karachi,72389.45,Matric,16,34798.72,578.0,2024-08-21,yes,390128.59,Business,0
C101695,47.0,Female,islamabad,34279.13,Master,14,20419.35,374.0,2024-08-22,Yes,165316.08,Student,0
C101696,33.0,Female,Lahore,108806.63,PhD,23,11175.95,491.0,2024-08-23,No,247704.90777003483,Student,0
C101697,32.0,Male,islamabad,72076.71,PhD,1,25446.69,382.0,2024-08-24,No,322291.26,Business,1
C101698,70.0,Male,Lahore,103531.71,PhD,34,57489.67,539.0,2024-08-25,No,335254.9,Student,0
C101699,68.0,Female,faisalabad,99260.63,Intermediate,7,41124.82,593.0,2024-08-26,Yes,173095.4,Business,0
C101700,61.0,Male,karachi,25685.86,Bachelor,1,34798.72,590.0,2024-08-27,No,252211.64,Business,1
C101701,35.0,Female,faisalabad,122559.58,PhD,21,48964.71,752.0,2024-08-28,No,462332.87,Private,0
C101702,44.0,Male,faisalabad,94966.39,PhD,0,63016.45,828.0,2024-08-29,No,408704.23,Unemployed,0
C101703,19.0,Male,rawalpindi,98069.43,Bachelor,13,26265.81,419.0,2024-08-30,Yes,264133.46,Government,0
C101704,50.0,Male,Lahore,43415.83,Master,13,73634.79,476.0,2024-08-31,Yes,205322.89,Private,1
C101705,28.0,Female,karachi,89603.18,Master,19,35233.45,667.0,2024-01-09,Y,387398.63,Government,0
C101706,74.0,Male,islamabad,62696.31,Bachelor,25,53436.78,604.0,2024-02-09,No,246339.18,Government,0
C101707,41.0,Male,rawalpindi,86377.87,Intermediate,4,66538.33,650.0,2024-03-09,Yes,619683.69,Business,0
C101708,20.0,Female,faisalabad,145553.18,PhD,5,42918.77,563.0,2024-04-09,Yes,573425.08,Business,1
C101709,18.0,Male,rawalpindi,53545.66,Matric,31,40492.52,847.0,2024-05-09,No,319643.71,Private,0
C101710,56.0,Male,karachi,35978.94,Bachelor,20,43048.13,806.0,2024-06-09,No,34636.88,Business,0
C101711,49.0,Male,islamabad,83010.08,Bachelor,32,34972.68,698.0,2024-07-09,No,355784.02,Private,1
C101712,57.0,Male,islamabad,84426.9,Bachelor,19,33272.01,678.0,2024-08-09,Yes,156701.64,Private,0
C101713,72.0,Female,Lahore,95375.31,Intermediate,8,15918.46,612.0,2024-09-09,Yes,104687.68,Unemployed,0
C101714,35.0,Female,karachi,129807.13,Master,25,3762.84,718.0,2024-10-09,Yes,434776.72,Unemployed,0
C101715,49.0,Female,islamabad,63647.8,Bachelor,9,18397.79,574.3770154373927,2024-11-09,Yes,123769.4,Government,0
C101716,26.0,Female,faisalabad,98594.23,Master,11,39410.22,537.0,2024-12-09,No,115774.1,Unemployed,0
C101717,29.0,Male,karachi,49453.65,PhD,9,23046.6,837.0,2024-09-13,No,272120.28,Government,0
C101718,35.0,Female,rawalpindi,46704.42,Bachelor,19,50833.79,803.0,2024-09-14,Yes,304278.4,Unemployed,1
C101719,21.0,Male,faisalabad,95101.78,Intermediate,20,52912.16,700.0,2024-09-15,Yes,247704.90777003483,Business,0
C101720,24.0,Female,Lahore,109222.08,Matric,12,32547.13,574.3770154373927,2024-09-16,Yes,202285.34,Government,0
C101721,48.0,Male,karachi,72621.64,Matric,15,33163.71,370.0,2024-09-17,Yes,496022.45,Student,0
C101722,46.0,Female,islamabad,51520.58,PhD,0,36876.93,587.0,2024-09-18,Yes,429715.58,Business,1
C101723,57.0,Female,islamabad,45716.23,Master,25,56831.99,826.0,2024-09-19,Yes,397922.95,Student,0
C101724,54.0,Female,faisalabad,71342.06,PhD,19,23028.02,389.0,2024-09-20,Yes,247704.90777003483,Business,0
C101725,54.0,Female,faisalabad,85476.32999999999,Bachelor,24,45202.81,792.0,2024-09-21,No,34442.61,Unemployed,0
C101726,32.0,Female,islamabad,103628.37,Intermediate,21,39759.88,696.0,2024-09-22,Yes,199330.79,Government,0
C101727,50.0,Male,rawalpindi,62885.05,PhD,7,19410.72,621.0,2024-09-23,Yes,164374.32,Private,0
C101728,37.0,Female,Lahore,43806.92,PhD,16,28791.86,456.0,2024-09-24,Yes,290980.21,Student,0
C101729,38.0,Female,rawalpindi,49112.5,Matric,10,5205.93,770.0,2024-09-25,No,87300.37,Government,1
C101730,46.0,Female,faisalabad,34109.81,Intermediate,32,25205.66,798.0,2024-09-26,Yes,397060.97,Government,0
C101731,40.0,Male,islamabad,85476.32999999999,Matric,15,30694.12,501.0,2024-09-27,Yes,228581.46,Private,0
C101732,25.0,Female,islamabad,82000.01,Matric,19,28687.24,571.0,2024-09-28,Yes,343793.91,Business,1
C101733,67.0,Male,rawalpindi,119994.92,Bachelor,22,43212.22,486.0,2024-09-29,Yes,273763.88,Student,1
C101734,40.0,Female,rawalpindi,126522.03,Intermediate,17,3595.08,638.0,2024-09-30,No,420762.81,Unemployed,0
C101735,20.0,Female,faisalabad,115656.74,Matric,3,22892.38,697.0,2024-01-10,Yes,200371.42,Private,0
C101736,55.0,Male,karachi,67274.41,Master,26,24194.01,524.0,2024-02-10,Yes,204321.0,Business,0
C101737,35.0,Male,faisalabad,77540.11,Bachelor,21,18553.82,421.0,2024-03-10,Yes,126989.75,Business,0
C101738,63.0,Female,karachi,104599.04,Unknown,22,22315.98,479.0,2024-04-10,Yes,101281.24,Private,0
C101739,34.0,Female,faisalabad,94361.1,PhD,17,43430.94,318.0,2024-05-10,No,197516.14,Government,0
C101740,66.0,Male,rawalpindi,119979.32,Matric,29,21237.91,620.0,2024-06-10,No,221844.21,Student,0
C101741,73.0,Male,Lahore,56553.21,Master,7,31304.92,629.0,2024-07-10,No,201104.77,Private,0
C101742,48.0,Male,faisalabad,102088.02,Master,21,54872.66,507.0,2024-08-10,Yes,248799.58,Private,1
C101743,46.0,Male,islamabad,85476.32999999999,Matric,29,63711.06,716.0,2024-09-10,No,371594.53,Government,0
C101744,26.0,Female,rawalpindi,85476.32999999999,Intermediate,17,57120.25,580.0,2024-10-10,Yes,299414.98,Business,0
C101745,28.0,Female,rawalpindi,93845.83,Intermediate,10,65797.77,387.0,2024-11-10,No,221262.04,Private,0
C101746,29.0,Male,Lahore,47761.32,Matric,3,32862.36,685.0,2024-12-10,Yes,108226.92,Unemployed,1
C101747,66.0,Male,islamabad,97157.92,Intermediate,2,50228.57,657.0,2024-10-13,Yes,31822.86,Private,0
C101748,67.0,Female,karachi,74341.8,Master,27,42370.67,468.0,2024-10-14,Yes,317632.11,Business,0
C101749,39.0,Female,faisalabad,76831.59,Intermediate,14,62040.47,615.0,2024-10-15,Yes,88687.19,Private,0
C101750,65.0,Female,rawalpindi,77092.49,PhD,5,43877.78,379.0,2024-10-16,No,288536.75,Business,1
C101751,39.0,Female,karachi,145087.37,Bachelor,12,13152.09,414.0,2024-10-17,Yes,219725.87,Private,0
C101752,27.0,Male,karachi,99915.53,Bachelor,12,17538.2,413.0,2024-10-18,Yes,261667.13,Unemployed,0
C101753,37.0,Male,karachi,85476.32999999999,Bachelor,5,47331.85,597.0,2024-10-19,No,85733.56,Business,0
C101754,41.0,Male,faisalabad,138783.81,Bachelor,25,34798.72,401.0,2024-10-20,No,261141.41,Government,1
C101755,26.0,Male,islamabad,120873.73,Intermediate,18,25844.17,444.0,2024-10-21,No,223204.54,Business,0
C101756,56.0,Male,rawalpindi,120527.37,PhD,16,20844.14,502.0,2024-10-22,Yes,247704.90777003483,Business,0
C101757,43.0,Male,Lahore,58063.32,Bachelor,32,48795.65,564.0,2024-10-23,Yes,337226.7,Student,0
C101758,60.0,Male,faisalabad,82121.72,PhD,5,48781.48,598.0,2024-10-24,Yes,173841.94,Government,0
C101759,49.0,Male,karachi,82661.02,Intermediate,21,5984.7,559.0,2024-10-25,No,278366.5,Business,0
C101760,52.0,Male,karachi,113570.27,PhD,19,46980.43,407.0,2024-10-26,Yes,186147.97,Unemployed,0
C101761,43.0,Female,islamabad,130530.29,Intermediate,3,32038.06,774.0,2024-10-27,Yes,254356.49,Government,0
C101762,51.0,Female,Lahore,105358.88,Master,3,53719.64,487.0,2024-10-28,No,107006.86,Private,0
C101763,39.0,Male,karachi,110237.26,Matric,27,43218.88,426.0,2024-10-29,Yes,503118.14,Government,1
C101764,37.0,Male,karachi,116076.62,Bachelor,25,62513.67,608.0,2024-10-30,Yes,122439.9,Private,0
C101765,31.0,Male,Lahore,100379.64,Bachelor,1,60205.28,337.0,2024-10-31,No,130195.2,Unemployed,0
C101766,66.0,Male,faisalabad,47625.06,Intermediate,11,35193.85,388.0,2024-01-11,Yes,315265.78,Business,0
C101767,66.0,Female,islamabad,106571.29,Intermediate,13,36186.6,365.0,2024-02-11,No,229939.97,Business,1
C101768,65.0,Male,islamabad,64964.78,Intermediate,1,22406.78,368.0,2024-03-11,Yes,446674.62,Government,1
C101769,67.0,Female,karachi,64606.91,Matric,12,37818.35,627.0,2024-04-11,Yes,155997.28,Business,0
C101770,32.0,Female,islamabad,109203.29,Matric,30,33490.56,569.0,2024-05-11,No,55781.16,Business,0
C101771,50.0,Male,rawalpindi,85476.32999999999,Matric,0,23314.02,552.0,2024-06-11,No,268080.21,Business,0
C101772,72.0,Female,rawalpindi,105397.53,PhD,1,32762.94,827.0,2024-07-11,No,247704.90777003483,Business,1
C101773,58.0,Male,rawalpindi,74956.73,Bachelor,26,31258.66,484.0,2024-08-11,Yes,412566.05,Unemployed,1
C101774,26.0,Male,islamabad,84379.16,PhD,6,21509.65,673.0,2024-09-11,Yes,227859.63,Unemployed,0
C101775,69.0,Male,karachi,76545.44,Matric,29,33367.29,371.0,2024-10-11,Yes,399507.48,Unemployed,0
C101776,50.0,Female,rawalpindi,99484.86,Bachelor,11,34798.72,441.0,2024-11-11,Yes,431169.7,Private,0
C101777,27.0,Male,islamabad,77871.03,Master,18,48470.36,453.0,2024-12-11,No,-20529.92,Government,0
C101778,27.0,Male,karachi,77607.94,Master,31,409.0,361.0,2024-11-13,No,150101.97,Private,1
C101779,25.0,Male,faisalabad,97404.38,Master,31,13965.19,393.0,2024-11-14,Yes,135406.19,Unemployed,1
C101780,30.0,Female,faisalabad,80141.67,Matric,6,43035.15,475.0,2024-11-15,YES,277687.35,Unemployed,0
C101781,29.0,Female,karachi,34710.24,PhD,30,37085.23,353.0,2024-11-16,Yes,486060.49,Business,0
C101782,74.0,Male,Lahore,67909.43,Intermediate,5,34798.72,672.0,2024-11-17,Yes,287574.62,Student,1
C101783,51.0,Male,Lahore,57401.91,Matric,28,39369.07,633.0,2024-11-18,Yes,259233.97,Private,0
C101784,57.0,Female,Lahore,101032.7,Matric,22,40990.0,826.0,2024-11-19,Yes,487254.71,Student,1
C101785,22.0,Female,karachi,96934.78,Intermediate,12,42988.03,606.0,2024-11-20,Yes,132313.63,Student,0
C101786,58.0,Male,faisalabad,103762.5,Bachelor,32,34798.72,303.0,2024-11-21,Yes,175535.48,Business,0
C101787,59.0,Female,karachi,102971.51,Intermediate,3,15313.86,794.0,2024-11-22,Yes,349499.73,Private,0
C101788,18.0,Male,rawalpindi,117410.16,PhD,5,42321.6,302.0,2024-11-23,Yes,130538.19,Private,0
C101789,20.0,Male,Lahore,89362.72,Intermediate,1,50717.83,812.0,2024-11-24,No,139919.85,Unemployed,0
C101790,46.0,Male,Lahore,85476.32999999999,Matric,21,46856.35,606.0,2024-11-25,Yes,300070.39,Business,0
C101791,19.0,Female,rawalpindi,92859.96,Master,32,34487.97,602.0,2024-11-26,No,161797.05,Business,0
C101792,38.0,Male,Lahore,81752.68,Bachelor,29,23654.43,566.0,2024-11-27,Yes,228611.32,Government,1
C101793,73.0,Female,faisalabad,24079.4,Bachelor,19,44046.51,411.0,2024-11-28,No,382051.27,Student,1
C101794,71.0,Female,islamabad,88842.93,Matric,3,24964.57,687.0,2024-11-29,Yes,261700.26,Student,0
C101795,38.0,Female,islamabad,85476.32999999999,Matric,30,59961.12,325.0,2024-11-30,No,221832.06,Business,1
C101796,74.0,Male,rawalpindi,85476.32999999999,Master,24,59359.37,470.0,2024-01-12,Yes,121946.76,Unemployed,1
C101797,49.0,Female,rawalpindi,78003.01,Master,16,24898.51,621.0,2024-02-12,Yes,304292.82,Student,0
C101798,47.0,Female,karachi,85476.32999999999,Matric,14,43991.61,711.0,2024-03-12,No,145883.43,Student,0
C101799,46.22862068965517,Male,Unknown,41782.6,Bachelor,12,18915.62,417.0,2024-04-12,Yes,348858.46,Private,1
C101800,46.22862068965517,Male,faisalabad,100381.94,Bachelor,28,34778.46,459.0,2024-05-12,Yes,137900.42,Private,1
C101801,54.0,Female,faisalabad,97468.19,Bachelor,8,39785.72,467.0,2024-06-12,No,172196.47,Government,0
C101802,46.22862068965517,Female,rawalpindi,162334.79,Intermediate,16,26121.13,659.0,2024-07-12,Yes,284853.3,Business,0
C101803,71.0,Male,islamabad,58472.74,Matric,29,46040.04,479.0,2024-08-12,Yes,288755.09,Student,1
C101804,35.0,Female,faisalabad,49478.2,Intermediate,14,37174.94,511.0,2024-09-12,Yes,151895.84,Business,1
C101805,49.0,Female,Lahore,85476.32999999999,Master,22,32354.55,659.0,2024-10-12,Yes,241882.64,Private,0
C101806,22.0,Female,karachi,155368.63,Intermediate,4,46644.37,582.0,2024-11-12,Yes,247291.63,Government,0
C101807,36.0,Male,rawalpindi,91324.42,Master,27,48798.9,422.0,2024-12-12,Yes,123612.26,Student,0
C101808,57.0,Male,karachi,76422.62,PhD,8,49207.27,809.0,2024-12-13,Yes,271547.28,Private,0
C101809,20.0,Male,faisalabad,35799.39,Master,10,34038.98,839.0,2024-12-14,No,229986.24,Unemployed,0
C101810,47.0,Male,rawalpindi,73960.64,Master,30,40898.57,340.0,2024-12-15,Yes,339248.26,Student,0
C101811,54.0,Male,Unknown,93208.87,Intermediate,13,35997.43,784.0,2024-12-16,Yes,366279.06,Private,1
C101812,23.0,Male,faisalabad,85476.32999999999,Intermediate,18,14910.79,473.0,2024-12-17,Yes,197523.13,Business,0
C101813,41.0,Female,Lahore,85476.32999999999,Master,16,41185.02,442.0,2024-12-18,YES,345123.52,Unemployed,1
C101814,20.0,Male,rawalpindi,90038.62,Master,12,8632.79,647.0,2024-12-19,Yes,395308.58,Student,0
C101815,72.0,Male,rawalpindi,122131.3,PhD,21,24533.85,701.0,2024-12-20,No,215385.04,Private,0
C101816,71.0,Male,islamabad,68209.77,Master,25,41608.66,511.0,2024-12-21,Yes,208469.41,Government,1
C101817,51.0,Male,rawalpindi,130867.64,Bachelor,31,28626.63,484.0,2024-12-22,Yes,247446.65,Government,0
C101818,24.0,Male,karachi,54548.61,PhD,27,36445.66,637.0,2024-12-23,No,348069.67,Government,0
C101819,54.0,Male,karachi,105757.8,Bachelor,29,53906.19,642.0,2024-12-24,Yes,173575.98,Business,0
C101820,62.0,Male,islamabad,70905.12,Intermediate,26,34798.72,372.0,2024-12-25,YES,173247.17,Unemployed,0
C101821,54.0,Male,rawalpindi,97563.72,Bachelor,6,32990.14,815.0,2024-12-26,Yes,213909.37,Student,0
C101822,62.0,Male,Lahore,106852.14,Matric,1,30979.17,310.0,2024-12-27,Yes,480348.23,Government,1
C101823,48.0,Female,rawalpindi,92994.1,Master,2,50977.87,651.0,2024-12-28,No,109005.15,Student,0
C101824,68.0,Female,islamabad,24436.62,Master,18,59934.76,697.0,2024-12-29,Yes,163076.82,Government,0
C101825,40.0,Female,rawalpindi,122698.25,Matric,19,39364.57,584.0,2024-12-30,Yes,54986.29,Student,0
C101826,74.0,Male,karachi,111919.24,Master,7,14744.64,689.0,2024-12-31,Yes,299283.28,Business,0
C101827,44.0,Female,rawalpindi,104155.23,PhD,26,37475.62,591.0,2025-01-01,Yes,247540.95,Student,0
C101828,73.0,Female,karachi,75055.97,Master,20,32767.92,794.0,2025-02-01,Yes,163116.37,Private,0
C101829,56.0,Male,islamabad,53346.32,Matric,6,2324.48,566.0,2025-03-01,No,227795.62,Student,0
C101830,40.0,Female,karachi,76345.02,Intermediate,27,38079.17,398.0,2025-04-01,Yes,116041.92,Unemployed,1
C101831,31.0,Male,faisalabad,37818.97,Master,19,41148.51,678.0,2025-05-01,Yes,142849.02,Unemployed,0
C101832,69.0,Female,karachi,53753.24,PhD,5,41968.33,392.0,2025-06-01,Yes,112352.03,Student,0
C101833,28.0,Female,islamabad,113055.02,Master,0,31207.59,404.0,2025-07-01,Yes,157487.54,Private,0
C101834,71.0,Male,Unknown,85476.32999999999,Intermediate,19,46189.89,604.0,2025-08-01,Yes,247704.90777003483,Student,1
C101835,69.0,Male,karachi,101920.62,Intermediate,24,34798.72,653.0,2025-09-01,No,326239.69,Student,1
C101836,53.0,Female,Lahore,50077.33,Bachelor,10,31432.84,723.0,2025-10-01,Yes,247704.90777003483,Student,0
C101837,56.0,Male,karachi,105625.89,PhD,13,20291.78,327.0,2025-11-01,Yes,378452.22,Government,0
C101838,50.0,Male,faisalabad,73252.17,Intermediate,17,20315.54,612.0,2025-12-01,No,146790.11,Government,0
C101839,67.0,Female,Lahore,91664.55,PhD,14,15604.54,784.0,2025-01-13,No,232389.61,Unemployed,0
C101840,26.0,Male,islamabad,44977.7,Matric,1,39843.69,466.0,2025-01-14,Yes,174246.13,Government,0
C101841,38.0,Male,islamabad,79193.43,PhD,18,50523.0,608.0,2025-01-15,Yes,347066.84,Private,0
C101842,46.22862068965517,Male,faisalabad,118796.85,Intermediate,11,21985.14,400.0,2025-01-16,Yes,201241.06,Student,1
C101843,50.0,Male,Lahore,92929.44,PhD,14,34798.72,739.0,2025-01-17,Yes,369504.38,Student,0
C101844,46.0,Female,karachi,56841.63,Intermediate,12,48666.87,620.0,2025-01-18,Yes,270834.87,Business,0
C101845,52.0,Female,islamabad,110607.81,Intermediate,28,20790.05,374.0,2025-01-19,Yes,241249.18,Government,0
C101846,35.0,Male,islamabad,85476.32999999999,Bachelor,12,57033.69,602.0,2025-01-20,N,110908.26,Unemployed,0
C101847,68.0,Male,faisalabad,85476.32999999999,Bachelor,21,40595.48,739.0,2025-01-21,No,120658.81,Student,0
C101848,35.0,Female,faisalabad,75595.27,Master,2,4053.65,817.0,2025-01-22,Yes,274229.69,Business,0
C101849,68.0,Male,Unknown,95413.87,Matric,30,47779.74,688.0,2025-01-23,Yes,218773.3,Unemployed,0
C101850,23.0,Male,faisalabad,60171.82,Bachelor,15,27868.14,488.0,2025-01-24,No,357442.71,Government,1
C101851,32.0,Male,karachi,112910.49,Matric,19,14309.75,614.0,2025-01-25,Yes,492292.95,Student,0
C101852,58.0,Male,islamabad,122158.95,PhD,3,35616.72,799.0,2025-01-26,Yes,342634.16,Student,0
C101853,73.0,Female,Lahore,90132.17,Master,5,9243.25,596.0,2025-01-27,No,60019.75,Private,0
C101854,31.0,Female,Unknown,83145.48,Matric,5,44547.29,665.0,2025-01-28,Yes,121231.01,Government,0
C101855,39.0,Male,islamabad,15389.4,PhD,3,33525.92,578.0,2025-01-29,Yes,238658.1,Government,1
C101856,71.0,Female,islamabad,144308.56,Intermediate,10,45103.47,735.0,2024-02-15,Yes,294115.84,Government,0
C101857,52.0,Female,rawalpindi,74378.2,Master,20,22299.53,391.0,2025-01-31,No,334622.05,Business,0
C101858,55.0,Female,islamabad,82849.35,PhD,28,34798.72,797.0,2025-01-02,No,332887.18,Unemployed,0
C101859,74.0,Female,islamabad,166389.99,Master,2,34981.53,643.0,2025-02-02,Yes,252054.44,Government,0
C101860,72.0,Male,islamabad,91572.12,Master,12,26502.86,534.0,2025-03-02,Yes,364319.89,Private,0
C101861,41.0,Female,faisalabad,41320.25,Bachelor,4,31690.53,598.0,2025-04-02,No,97674.95,Unemployed,0
C101862,51.0,Female,islamabad,81913.5,Intermediate,34,35678.82,591.0,2025-05-02,No,9005.17,Unemployed,0
C101863,54.0,Male,karachi,109924.58,Matric,17,46462.68,430.0,2025-06-02,Yes,372111.31,Student,1
C101864,64.0,Male,faisalabad,65384.16,Master,9,33689.5,733.0,2025-07-02,Yes,239825.22,Unemployed,0
C101865,74.0,Male,faisalabad,67267.18,Intermediate,23,29094.81,755.0,2025-08-02,Yes,69147.28,Private,0
C101866,29.0,Female,rawalpindi,43899.98,Bachelor,8,34936.99,508.0,2025-09-02,No,293536.69,Student,1
C101867,53.0,Female,islamabad,25708.07,Matric,21,40619.36,453.0,2025-10-02,No,374918.98,Private,1
C101868,37.0,Female,Lahore,76439.9,Bachelor,16,39758.69,769.0,2025-11-02,Yes,376116.15,Business,0
C101869,55.0,Male,faisalabad,32974.86,Intermediate,21,49432.75,330.0,2025-12-02,No,318004.94,Student,0
C101870,29.0,Male,faisalabad,153576.21,PhD,1,11928.67,358.0,2025-02-13,Yes,255438.55,Government,1
C101871,62.0,Male,islamabad,43297.18,Bachelor,2,20842.77,728.0,2025-02-14,Yes,104299.63,Unemployed,0
C101872,66.0,Male,faisalabad,72769.43,Matric,32,33205.35,639.0,2025-02-15,No,73776.66,Private,0
C101873,62.0,Male,rawalpindi,92034.95,Master,25,51192.45,616.0,2025-02-16,Yes,344921.04,Unemployed,0
C101874,63.0,Male,Lahore,93387.51,Intermediate,8,30701.9,830.0,2025-02-17,No,177109.21,Private,0
C101875,72.0,Male,karachi,59203.94,Bachelor,13,31913.99,508.0,2025-02-18,No,355687.32,Business,1
C101876,26.0,Male,karachi,93067.17,PhD,4,50533.09,615.0,2025-02-19,No,112264.31,Student,0
C101877,54.0,Female,rawalpindi,107953.46,Intermediate,33,70532.5,433.0,2025-02-20,No,347337.15,Student,0
C101878,51.0,Female,rawalpindi,51156.45,PhD,12,54899.57,615.0,2025-02-21,Yes,225761.12,Business,0
C101879,32.0,Female,karachi,131449.77,Intermediate,26,34798.72,389.0,2025-02-22,Yes,208164.72,Unemployed,0
C101880,58.0,Female,Lahore,81307.75,Master,34,3230.42,765.0,2025-02-23,Yes,423669.65,Government,1
C101881,21.0,Female,Lahore,48830.37,Bachelor,14,44530.23,550.0,2025-02-24,No,481747.83,Private,0
C101882,40.0,Female,karachi,49469.63,Bachelor,30,48403.37,314.0,2025-02-25,Yes,59014.47,Unemployed,1
C101883,22.0,Female,karachi,46204.38,Bachelor,1,34798.72,721.0,2025-02-26,Yes,193077.86,Government,1
C101884,34.0,Male,islamabad,129080.18,Matric,11,17627.65,595.0,2025-02-27,Yes,219451.37,Unemployed,0
C101885,72.0,Male,rawalpindi,85476.32999999999,Bachelor,26,45824.84,618.0,2025-02-28,No,252148.84,Private,0
C101886,63.0,Female,karachi,101709.11,Intermediate,22,55704.58,631.0,2025-01-03,Yes,191188.8,Government,0
C101887,64.0,Female,faisalabad,62434.69,Master,1,26782.49,336.0,2025-02-03,Yes,46956.01,Government,1
C101888,74.0,Male,faisalabad,154133.16,PhD,17,38693.68,321.0,2025-03-03,Yes,143696.43,Business,0
C101889,51.0,Male,islamabad,52512.68,PhD,31,26571.78,351.0,2025-04-03,No,204748.26,Business,1
C101890,74.0,Female,islamabad,62168.16,Bachelor,24,34849.1,717.0,2025-05-03,No,103872.33,Government,0
C101891,69.0,Female,karachi,103496.56,Master,15,43248.59,306.0,2025-06-03,N,361580.6,Unemployed,0
C101892,46.0,Female,faisalabad,131131.21,Intermediate,27,18180.24,523.0,2025-07-03,Yes,334074.67,Student,0
C101893,67.0,Male,rawalpindi,17299.12,Intermediate,12,31499.4,668.0,2025-08-03,Yes,447805.43,Private,0
C101894,32.0,Male,islamabad,98685.93,Intermediate,32,40006.33,498.0,2025-09-03,No,527201.42,Unemployed,0
C101895,38.0,Male,karachi,60841.6,Bachelor,18,20480.01,557.0,2025-10-03,No,247704.90777003483,Government,0
C101896,73.0,Male,rawalpindi,47408.91,PhD,14,34507.96,574.3770154373927,2025-11-03,Yes,110453.56,Government,0
C101897,64.0,Male,faisalabad,96835.8,Master,17,51728.59,785.0,2025-12-03,Yes,41008.62,Government,0
C101898,54.0,Female,islamabad,70508.02,PhD,11,62770.15,502.0,2025-03-13,Yes,429567.59,Business,1
C101899,29.0,Female,rawalpindi,89323.09,Bachelor,12,42134.65,545.0,2025-03-14,Yes,207271.5,Business,0
C101900,26.0,Female,Lahore,17345.32,Master,25,30100.41,667.0,2025-03-15,Yes,227916.07,Business,0
C101901,74.0,Female,rawalpindi,97978.7,Intermediate,14,26402.85,370.0,2025-03-16,No,370334.55,Private,0
C101902,63.0,Male,Lahore,120453.45,Intermediate,34,9324.19,560.0,2025-03-17,Y,183652.12,Private,0
C101903,36.0,Female,rawalpindi,45123.69,Matric,29,39841.21,391.0,2025-03-18,No,53075.94,Private,0
C101904,25.0,Female,Lahore,54862.83,Master,7,65493.9,525.0,2025-03-19,Yes,170188.29,Unemployed,1
C101905,33.0,Male,Lahore,105657.39,Bachelor,18,43251.86,425.0,2025-03-20,Yes,2929.62,Government,1
C101906,23.0,Male,karachi,124780.52,Intermediate,9,53218.15,515.0,2025-03-21,Yes,235723.99,Government,0
C101907,28.0,Female,faisalabad,102811.52,Bachelor,21,31392.36,574.3770154373927,2025-03-22,Yes,90577.1,Private,0
C101908,40.0,Female,karachi,124822.63,Bachelor,34,37825.15,842.0,2025-03-23,Yes,339080.88,Private,0
C101909,49.0,Female,karachi,11134.52,PhD,28,26276.67,686.0,2025-03-24,Yes,376830.87,Private,1
C101910,67.0,Male,Lahore,85476.32999999999,Master,4,80468.22,734.0,2025-03-25,Yes,183369.01,Unemployed,0
C101911,69.0,Female,rawalpindi,85476.32999999999,Master,34,27089.53,610.0,2025-03-26,Yes,132200.42,Business,0
C101912,33.0,Female,faisalabad,95862.09,Matric,30,60344.44,463.0,2025-03-27,No,247704.90777003483,Unemployed,0
C101913,49.0,Male,rawalpindi,77534.28,Master,9,24510.55,428.0,2025-03-28,No,122971.04,Student,0
C101914,59.0,Male,faisalabad,55598.18,Matric,24,24138.25,611.0,2025-03-29,Yes,284215.8,Government,0
C101915,20.0,Female,Lahore,79764.14,Unknown,16,2890.1,527.0,2025-03-30,Yes,329533.29,Private,1
C101916,43.0,Male,faisalabad,41486.87,Intermediate,32,21103.66,452.0,2025-03-31,No,398226.86,Unemployed,1
C101917,21.0,Female,faisalabad,61809.3,PhD,12,33718.24,766.0,2025-01-04,Yes,139219.91,Business,0
C101918,29.0,Female,Lahore,27131.9,PhD,2,47469.11,354.0,2025-02-04,Yes,303042.61,Student,0
C101919,47.0,Male,faisalabad,36911.07,PhD,29,50518.81,459.0,2025-03-04,Yes,321963.62,Student,0
C101920,21.0,Male,karachi,84804.29,PhD,23,11445.35,673.0,2025-04-04,Yes,142528.86,Government,0
C101921,68.0,Female,islamabad,113479.86,Intermediate,20,48986.82,426.0,2025-05-04,Yes,128974.18,Government,1
C101922,64.0,Male,rawalpindi,64548.91,Master,9,28310.68,621.0,2025-06-04,Yes,374162.75,Unemployed,1
C101923,51.0,Female,Lahore,73215.46,Matric,0,34798.72,810.0,2025-07-04,Yes,140315.06,Student,1
C101924,35.0,Male,faisalabad,137370.97,Unknown,21,34281.07,839.0,2025-08-04,Yes,208694.87,Unemployed,0
C101925,46.22862068965517,Female,karachi,34212.34,Matric,24,36733.7,827.0,2025-09-04,No,385615.82,Government,0
C101926,54.0,Male,rawalpindi,52409.04,Master,11,37578.25,490.0,2025-10-04,Yes,127590.18,Government,1
C101927,65.0,Female,faisalabad,85554.6,Matric,19,34798.72,738.0,2025-11-04,No,167076.57,Private,0
C101928,69.0,Female,rawalpindi,75262.65,Master,10,56064.17,471.0,2025-12-04,No,247704.90777003483,Government,1
C101929,25.0,Female,karachi,96278.29,PhD,28,25477.3,416.0,2025-04-13,Yes,174301.0,Unemployed,0
C101930,19.0,Female,rawalpindi,73100.66,Matric,1,11123.14,756.0,2025-04-14,Yes,309784.89,Student,1
C101931,42.0,Male,rawalpindi,127400.83,Bachelor,24,47259.07,844.0,2025-04-15,Yes,405989.01,Unemployed,0
C101932,24.0,Male,islamabad,88485.15,Bachelor,31,31503.59,479.0,2025-04-16,No,355475.07,Unemployed,1
C101933,18.0,Male,Lahore,119059.12,PhD,6,10321.11,307.0,2025-04-17,Yes,272838.42,Unemployed,0
C101934,39.0,Male,faisalabad,83828.64,PhD,0,34798.72,681.0,2025-04-18,Yes,131495.34,Student,0
C101935,41.0,Female,faisalabad,51594.32,Master,21,35006.12,447.0,2025-04-19,Yes,247704.90777003483,Private,0
C101936,54.0,Female,faisalabad,85476.32999999999,Matric,11,46290.44,782.0,2025-04-20,Yes,134685.86,Private,0
C101937,66.0,Male,Lahore,97573.6,Intermediate,15,32287.1,454.0,2025-04-21,No,187207.81,Government,0
C101938,72.0,Male,faisalabad,70678.93,Master,27,11813.07,446.0,2025-04-22,Yes,164820.92,Business,0
C101939,62.0,Male,islamabad,45476.59,Intermediate,32,55698.49,836.0,2025-04-23,No,336842.61,Student,0
C101940,72.0,Male,rawalpindi,38252.36,PhD,23,11426.6,774.0,2025-04-24,Yes,190599.67,Private,1
C101941,37.0,Male,rawalpindi,68279.11,Matric,15,11953.65,424.0,2025-04-25,No,263836.37,Student,0
C101942,64.0,Male,karachi,67257.12,Intermediate,21,57057.71,740.0,2025-04-26,Yes,162504.12,Government,0
C101943,46.22862068965517,Female,rawalpindi,80140.9,Intermediate,13,68599.64,528.0,2025-04-27,No,329112.72,Government,1
C101944,74.0,Female,faisalabad,80389.53,PhD,31,57825.31,737.0,2025-04-28,No,393474.71,Business,0
C101945,58.0,Male,Unknown,73420.52,Intermediate,12,30412.07,596.0,2025-04-29,Yes,390333.67,Business,1
C101946,20.0,Female,karachi,55108.89,Intermediate,29,45484.84,485.0,2025-04-30,Yes,247348.49,Government,0
C101947,46.0,Female,karachi,113640.04,Bachelor,9,34071.5,527.0,2025-01-05,Yes,140132.8,Private,0
C101948,26.0,Female,islamabad,116842.34,Intermediate,26,55415.88,308.0,2025-02-05,No,358305.03,Business,1
C101949,23.0,Female,Lahore,116711.11,Master,32,78207.05,749.0,2025-03-05,Yes,249122.2,Unemployed,0
C101950,67.0,Male,islamabad,104692.48,Bachelor,34,19052.11,308.0,2025-04-05,No,243846.85,Student,0
C101951,70.0,Male,Lahore,94960.52,Bachelor,14,26552.07,540.0,2025-05-05,No,134227.05,Unemployed,0
C101952,35.0,Male,karachi,177688.6,PhD,24,45251.63,335.0,2025-06-05,Yes,257710.36,Student,1
C101953,46.22862068965517,Female,faisalabad,104916.09,Intermediate,1,39540.98,588.0,2025-07-05,Yes,337117.75,Private,0
C101954,62.0,Female,karachi,68321.2,PhD,1,21352.64,387.0,2025-08-05,Yes,583038.21,Unemployed,0
C101955,28.0,Female,faisalabad,40544.08,Matric,17,34798.72,666.0,2025-09-05,Yes,294269.05,Student,0
C101956,20.0,Male,faisalabad,110099.02,Matric,8,40755.68,432.0,2025-10-05,Yes,247704.90777003483,Private,1
C101957,56.0,Male,Lahore,81792.08,Master,32,39534.37,468.0,2025-11-05,Yes,203605.39,Government,0
C101958,31.0,Male,Lahore,68142.28,PhD,15,34798.72,452.0,2025-12-05,No,274443.09,Government,0
C101959,61.0,Female,islamabad,91156.09,Master,9,50292.04,450.0,2025-05-13,No,125590.97,Student,0
C101960,74.0,Female,rawalpindi,55388.79,Matric,26,14429.79,691.0,2025-05-14,Yes,403378.86,Government,1
C101961,24.0,Male,karachi,62271.23,Matric,33,24429.64,701.0,2025-05-15,No,133719.84,Unemployed,0
C101962,53.0,Female,islamabad,56351.93,Intermediate,25,31428.24,385.0,2025-05-16,No,169411.29,Student,1
C101963,42.0,Female,karachi,67380.59,PhD,10,33489.55,313.0,2025-05-17,Yes,32910.51,Private,0
C101964,52.0,Female,faisalabad,109881.8,Matric,15,9266.57,776.0,2025-05-18,No,352860.12,Private,0
C101965,72.0,Male,islamabad,54845.64,Matric,5,20987.16,395.0,2025-05-19,Yes,413957.3,Business,0
C101966,63.0,Female,karachi,98383.29,Intermediate,29,36445.06,600.0,2025-05-20,Yes,372165.8,Unemployed,0
C101967,51.0,Female,rawalpindi,77497.13,Intermediate,7,45721.46,701.0,2025-05-21,Yes,105745.77,Business,0
C101968,73.0,Male,Lahore,36167.22,Master,16,22475.08,810.0,2025-05-22,Yes,387602.96,Government,1
C101969,46.22862068965517,Female,rawalpindi,121854.34,Intermediate,0,23506.34,535.0,2025-05-23,Yes,232588.55,Business,1
C101970,66.0,Female,karachi,107457.88,Bachelor,6,65326.56,338.0,2025-05-24,No,173022.46,Government,0
C101971,26.0,Male,rawalpindi,60470.52,PhD,20,3570.72,596.0,2025-05-25,No,467335.12,Student,0
C101972,70.0,Male,islamabad,91782.49,Matric,33,17425.71,309.0,2025-05-26,Yes,414475.42,Unemployed,1
C101973,33.0,Male,rawalpindi,53988.15,Intermediate,19,45638.0,442.0,2025-05-27,No,615195.33,Private,0
C101974,53.0,Female,islamabad,108729.19,Matric,22,16526.86,751.0,2025-05-28,No,375056.87,Government,0
C101975,72.0,Female,rawalpindi,91281.22,Matric,22,41150.86,480.0,2025-05-29,Yes,85834.11,Private,0
C101976,73.0,Female,rawalpindi,96979.57,Matric,10,35236.42,323.0,2025-05-30,Yes,505430.44,Business,0
C101977,22.0,Male,islamabad,56576.37,PhD,26,43664.82,484.0,2025-05-31,Yes,242564.66,Student,0
C101978,51.0,Female,faisalabad,82387.24,Intermediate,5,34798.72,519.0,2025-01-06,Yes,264576.19,Government,0
C101979,68.0,Male,rawalpindi,72299.09,Intermediate,30,26234.72,815.0,2025-02-06,No,448476.59,Business,0
C101980,50.0,Male,karachi,77597.52,Intermediate,0,44679.17,314.0,2025-03-06,Yes,301549.47,Private,1
C101981,21.0,Male,faisalabad,86109.85,Intermediate,19,32731.45,497.0,2025-04-06,No,394508.49,Business,0
C101982,49.0,Male,karachi,21284.74,Intermediate,28,47870.35,684.0,2025-05-06,Yes,282375.2,Government,0
C101983,51.0,Female,karachi,91481.86,Matric,34,29478.11,674.0,2025-06-06,Yes,301140.92,Government,0
C101984,46.22862068965517,Female,rawalpindi,76615.87,Bachelor,2,44752.44,815.0,2025-07-06,Yes,214838.14,Government,0
C101985,18.0,Female,rawalpindi,61017.75,PhD,2,37911.35,735.0,2025-08-06,Yes,61083.39,Business,0
C101986,30.0,Female,faisalabad,134800.2,Master,25,28276.79,773.0,2025-09-06,No,138677.39,Government,0
C101987,69.0,Male,Lahore,133711.25,Matric,30,62918.89,458.0,2025-10-06,No,270444.79,Business,0
C101988,44.0,Female,rawalpindi,40384.22,Master,22,34202.62,796.0,2025-11-06,Yes,96678.88,Private,0
C101989,48.0,Male,Lahore,58205.67,Master,31,20619.01,349.0,2025-12-06,No,300466.63,Unemployed,0
C101990,27.0,Female,faisalabad,108645.28,Bachelor,10,34798.72,711.0,2025-06-13,No,294224.95,Unemployed,0
C101991,48.0,Female,islamabad,64664.96,Master,5,35634.0,768.0,2025-06-14,Yes,378488.63,Unemployed,0
C101992,34.0,Male,islamabad,80312.74,Master,9,35694.57,417.0,2025-06-15,Yes,255362.75,Student,1
C101993,40.0,Female,rawalpindi,74871.39,Bachelor,5,38955.95,414.0,2025-06-16,Yes,334252.43,Unemployed,0
C101994,45.0,Female,rawalpindi,93461.92,Master,31,26181.41,612.0,2025-06-17,No,16956.07,Student,0
C101995,46.22862068965517,Female,faisalabad,70830.93,Bachelor,11,27943.61,322.0,2025-06-18,Yes,190345.72,Government,1
C101996,18.0,Female,rawalpindi,85476.32999999999,Bachelor,21,10523.9,567.0,2025-06-19,Yes,247704.90777003483,Private,0
C101997,56.0,Male,Lahore,78541.74,Matric,15,21623.51,489.0,2025-06-20,Yes,223183.86,Student,0
C101998,73.0,Male,rawalpindi,69508.61,Bachelor,0,34798.72,422.0,2025-06-21,Yes,272519.66,Government,1
C101999,52.0,Male,rawalpindi,91137.61,PhD,8,31648.19,580.0,2025-06-22,Yes,131270.02,Student,0
C102000,25.0,Male,karachi,70815.3,PhD,27,38604.22,658.0,2025-06-23,Yes,212162.37,Government,0
C102001,44.0,Female,rawalpindi,46646.98,Intermediate,11,37658.39,427.0,2025-06-24,Yes,153745.02,Business,1
C102002,61.0,Male,faisalabad,82220.47,Matric,9,38312.78,466.0,2025-06-25,Yes,356086.1,Student,0
C102003,28.0,Male,faisalabad,55408.32,Matric,6,28227.19,842.0,2025-06-26,Yes,152244.34,Student,0
C102004,67.0,Male,rawalpindi,101059.85,Intermediate,13,34798.72,675.0,2025-06-27,No,93503.44,Business,0
C102005,51.0,Male,islamabad,79851.58,Matric,3,47733.94,402.0,2025-06-28,No,157334.49,Unemployed,0
C102006,30.0,Female,rawalpindi,73636.74,Intermediate,32,40049.69,487.0,2025-06-29,Yes,218513.61,Unemployed,0
C102007,71.0,Male,rawalpindi,122882.37,Master,25,51044.95,301.0,2025-06-30,Yes,371805.22,Unemployed,0
C102008,25.0,Female,karachi,85476.32999999999,Matric,15,13930.47,842.0,2025-01-07,Yes,321362.03,Student,0
C102009,35.0,Female,Lahore,86449.41,Matric,33,56987.76,730.0,2025-02-07,Yes,243916.88,Unemployed,0
C102010,54.0,Male,Lahore,125028.67,PhD,6,43094.79,501.0,2025-03-07,No,312472.2,Government,0
C102011,44.0,Female,karachi,107743.96,Master,13,23813.29,724.0,2025-04-07,Yes,211091.34,Business,0
C102012,41.0,Female,Lahore,99423.74,Matric,21,25303.77,449.0,2025-05-07,Yes,171603.02,Business,1
C102013,21.0,Female,rawalpindi,107152.33,Matric,3,39811.04,366.0,2025-06-07,Yes,247704.90777003483,Government,0
C102014,28.0,Male,karachi,82153.13,Master,14,41773.65,586.0,2025-07-07,Yes,388205.88,Student,0
C102015,22.0,Female,rawalpindi,78346.57,PhD,7,18515.79,612.0,2025-08-07,No,328557.49,Private,1
C102016,20.0,Male,rawalpindi,42305.67,Master,20,33912.63,761.0,2025-09-07,Yes,265385.51,Private,0
C102017,29.0,Male,karachi,60012.05,Intermediate,3,45018.57,537.0,2025-10-07,Yes,387265.98,Private,0
C102018,61.0,Female,islamabad,65699.99,Unknown,15,16766.07,585.0,2025-11-07,No,328147.17,Business,0
C102019,53.0,Female,karachi,115508.48,Bachelor,18,57162.5,320.0,2025-12-07,Yes,265471.11,Business,1
C102020,21.0,Female,Lahore,60842.43,PhD,28,48936.2,357.0,2025-07-13,No,187185.45,Private,0
C102021,33.0,Female,karachi,91884.0,Bachelor,3,24849.69,524.0,2025-07-14,No,107415.15,Unemployed,0
C102022,70.0,Female,rawalpindi,96019.48,Intermediate,17,34710.27,617.0,2025-07-15,No,392478.14,Business,0
C102023,72.0,Female,rawalpindi,95565.98,Bachelor,2,31707.49,817.0,2025-07-16,Yes,439467.96,Student,0
C102024,62.0,Female,islamabad,115148.5,Master,2,38770.81,523.0,2025-07-17,No,228988.85,Unemployed,0
C102025,41.0,Male,faisalabad,46774.42,Intermediate,34,57986.4,740.0,2025-07-18,Yes,365408.65,Business,1
C102026,60.0,Male,rawalpindi,130070.3,Master,25,20861.86,610.0,2025-07-19,No,426762.05,Unemployed,1
C102027,53.0,Male,rawalpindi,52778.8,Bachelor,11,24750.03,735.0,2025-07-20,Yes,301981.09,Unemployed,0
C102028,45.0,Female,faisalabad,77881.84,PhD,20,23004.94,527.0,2025-07-21,Yes,180409.97,Private,0
C102029,50.0,Male,karachi,100702.13,Matric,6,54369.57,594.0,2025-07-22,Yes,400646.9,Unemployed,0
C102030,44.0,Male,rawalpindi,75779.44,Bachelor,2,50525.11,509.0,2025-07-23,Yes,224747.36,Unemployed,0
C102031,46.0,Female,islamabad,51412.07,Matric,0,35055.67,377.0,2025-07-24,Yes,419267.34,Private,0
C102032,28.0,Female,Lahore,16544.01,Master,30,51692.79,508.0,2025-07-25,Yes,353064.37,Private,1
C102033,40.0,Female,islamabad,78676.17,Bachelor,3,60744.81,760.0,2025-07-26,No,338727.17,Student,0
C102034,51.0,Male,karachi,129108.52,Intermediate,12,58379.42,669.0,2025-07-27,No,247704.90777003483,Student,0
C102035,43.0,Female,faisalabad,122914.07,Bachelor,29,39748.16,828.0,2025-07-28,Yes,162381.3,Student,0
C102036,29.0,Male,faisalabad,19853.14,Master,34,45710.77,340.0,2025-07-29,No,250071.25,Unemployed,0
C102037,74.0,Female,rawalpindi,94157.08,Master,18,49741.29,649.0,2025-07-30,Yes,171559.82,Private,1
C102038,35.0,Female,rawalpindi,95661.32,Master,27,45977.42,847.0,2025-07-31,No,12705.49,Student,0
C102039,23.0,Female,Lahore,50799.72,PhD,8,46117.03,588.0,2025-01-08,Yes,39538.83,Student,0
C102040,46.22862068965517,Female,islamabad,52125.87,Intermediate,29,18836.1,666.0,2025-02-08,Yes,162588.98,Unemployed,0
C102041,73.0,Female,Unknown,65138.74,Bachelor,28,37925.24,690.0,2025-03-08,Yes,221874.07,Government,1
C102042,54.0,Male,faisalabad,57547.44,Unknown,28,36383.21,736.0,2025-04-08,No,537234.2,Business,0
C102043,32.0,Female,faisalabad,68852.0,Master,20,60392.92,710.0,2025-05-08,Yes,240745.01,Business,0
C102044,70.0,Male,rawalpindi,57938.02,Intermediate,0,27040.19,811.0,2025-06-08,No,310971.46,Student,0
C102045,63.0,Female,rawalpindi,85476.32999999999,Intermediate,26,42548.99,740.0,2025-07-08,No,224595.38,Business,0
C102046,46.22862068965517,Female,Unknown,63641.81,Intermediate,33,1602.38,479.0,2025-08-08,Yes,40425.73,Government,0
C102047,31.0,Female,faisalabad,66474.05,Intermediate,28,29955.72,515.0,2025-09-08,No,337749.93,Private,1
C102048,43.0,Female,rawalpindi,25814.94,PhD,10,36901.56,377.0,2025-10-08,No,217071.06,Business,0
C102049,40.0,Male,faisalabad,79882.75,Matric,9,32145.54,448.0,2025-11-08,Yes,337794.35,Unemployed,0
C102050,71.0,Female,karachi,63769.8,Intermediate,0,41745.58,419.0,2025-12-08,Yes,396784.11,Government,1
C102051,58.0,Male,rawalpindi,36529.58,Bachelor,15,41294.78,803.0,2025-08-13,Yes,373470.82,Unemployed,0
C102052,29.0,Male,karachi,57691.47,Master,28,13613.35,626.0,2025-08-14,Yes,239261.31,Business,0
C102053,70.0,Female,islamabad,79413.84,PhD,29,36450.58,560.0,2025-08-15,No,271852.6,Unemployed,0
C102054,36.0,Female,rawalpindi,85476.32999999999,Matric,8,38344.2,353.0,2025-08-16,Yes,186068.99,Student,1
C102055,42.0,Female,faisalabad,131963.43,Matric,24,39455.86,355.0,2025-08-17,Yes,143806.67,Student,0
C102056,36.0,Female,islamabad,164774.61,Master,0,25691.96,525.0,2025-08-18,No,219356.41,Student,1
C102057,52.0,Male,rawalpindi,78101.51,Master,19,50625.04,651.0,2025-08-19,Yes,165259.54,Business,1
C102058,25.0,Female,karachi,85476.32999999999,Master,24,40335.3,391.0,2025-08-20,Yes,123140.33,Business,0
C102059,37.0,Female,faisalabad,85717.61,Intermediate,9,42218.16,647.0,2025-08-21,No,-24509.05,Student,0
C102060,73.0,Female,karachi,60071.73,PhD,17,18057.12,751.0,2025-08-22,Yes,185487.72,Private,0
C102061,29.0,Male,rawalpindi,84704.48,Bachelor,34,29442.5,356.0,2025-08-23,Yes,134178.53,Business,0
C102062,37.0,Female,rawalpindi,108379.78,PhD,17,40364.87,679.0,2025-08-24,Yes,311766.04,Unemployed,1
C102063,71.0,Male,islamabad,88820.05,Intermediate,2,28586.01,618.0,2025-08-25,No,304942.39,Government,0
C102064,44.0,Female,rawalpindi,91985.18,Bachelor,18,42453.28,404.0,2025-08-26,Yes,346617.66,Private,1
C102065,71.0,Female,karachi,82427.57,Master,4,24302.92,431.0,2025-08-27,No,194062.31,Private,0
C102066,52.0,Female,karachi,57058.82,Intermediate,34,15724.12,571.0,2025-08-28,Yes,-26232.93,Business,0
C102067,73.0,Female,Unknown,52103.32,Matric,32,34798.72,475.0,2025-08-29,Yes,64708.08,Student,1
C102068,46.22862068965517,Female,faisalabad,47985.42,Matric,30,34798.72,396.0,2025-08-30,Yes,426005.57,Unemployed,0
C102069,73.0,Male,faisalabad,103775.39,Intermediate,10,19813.2,530.0,2025-08-31,Yes,35868.47,Private,0
C102070,55.0,Female,karachi,73991.7,Master,29,43739.81,365.0,2025-01-09,Yes,-40679.09,Private,0
C102071,69.0,Male,karachi,85476.32999999999,PhD,15,54699.18,805.0,2025-02-09,Yes,259425.55,Government,0
C102072,61.0,Female,karachi,69282.94,Bachelor,28,23947.78,574.3770154373927,2025-03-09,Yes,77646.0,Government,1
C102073,49.0,Female,faisalabad,75151.9,Matric,16,34798.72,816.0,2025-04-09,No,143434.73,Government,0
C102074,46.22862068965517,Female,Lahore,94274.81,Master,23,24460.42,791.0,2025-05-09,Yes,178076.7,Student,0
C102075,35.0,Male,Lahore,82762.82,Master,21,18485.43,809.0,2025-06-09,Yes,247704.90777003483,Government,0
C102076,41.0,Male,rawalpindi,51797.65,Master,20,24813.11,492.0,2025-07-09,Yes,70408.56,Student,0
C102077,40.0,Female,Lahore,54650.03,Master,15,40457.97,474.0,2025-08-09,Yes,-7280.05,Unemployed,0
C102078,60.0,Female,islamabad,92022.94,Matric,3,72143.58,417.0,2025-09-09,Yes,57182.89,Business,0
C102079,34.0,Male,karachi,21651.98,Matric,24,32375.37,380.0,2025-10-09,Yes,23483.06,Student,1
C102080,66.0,Female,rawalpindi,108177.15,Bachelor,9,52516.99,381.0,2025-11-09,Yes,215974.92,Business,0
C102081,36.0,Female,faisalabad,93649.91,PhD,30,24170.39,430.0,2025-12-09,Yes,349396.22,Business,1
C102082,49.0,Male,rawalpindi,85936.3,Matric,17,34798.72,650.0,2025-09-13,Yes,225527.29,Private,0
C102083,61.0,Female,karachi,110233.15,Master,1,47685.08,500.0,2025-09-14,Yes,210562.07,Private,0
C102084,31.0,Female,karachi,80281.79,Intermediate,10,5308.03,574.3770154373927,2025-09-15,Yes,181490.78,Business,1
C102085,71.0,Male,faisalabad,114962.46,Master,14,56293.58,342.0,2025-09-16,Yes,141699.12,Government,0
C102086,48.0,Male,rawalpindi,104595.7,Intermediate,22,34827.14,727.0,2025-09-17,No,285145.69,Business,0
C102087,50.0,Male,karachi,75579.57,Intermediate,22,35219.83,766.0,2025-09-18,Yes,89430.35,Student,0
C102088,35.0,Female,karachi,59658.58,Master,23,68412.25,485.0,2025-09-19,Yes,225080.11,Government,1
C102089,58.0,Male,Lahore,90287.77,Intermediate,13,29955.64,368.0,2025-09-20,Yes,212472.36,Student,0
C102090,29.0,Female,Lahore,78192.21,Master,2,26734.6,596.0,2025-09-21,Yes,226343.08,Unemployed,0
C102091,33.0,Male,rawalpindi,67647.3,Intermediate,7,25632.39,425.0,2025-09-22,Yes,315062.74,Unemployed,1
C102092,24.0,Male,Lahore,82856.98,Bachelor,21,22154.34,440.0,2025-09-23,Yes,344613.48,Government,1
C102093,69.0,Female,rawalpindi,62464.88,Bachelor,23,52898.58,785.0,2025-09-24,Yes,27284.11,Business,0
C102094,31.0,Male,Unknown,141915.46,PhD,11,34798.72,308.0,2025-09-25,Yes,235046.61,Government,0
C102095,48.0,Male,karachi,80514.25,Intermediate,6,6122.45,613.0,2025-09-26,Yes,154722.92,Government,0
C102096,56.0,Male,faisalabad,125266.99,Matric,28,22450.4,822.0,2025-09-27,No,351087.29,Business,0
C102097,55.0,Female,faisalabad,106050.17,Matric,7,20377.29,493.0,2025-09-28,Yes,308669.43,Government,0
C102098,48.0,Male,karachi,139840.7,Intermediate,11,66119.37,760.0,2025-09-29,Yes,247704.90777003483,Private,1
C102099,67.0,Female,Unknown,94092.61,Bachelor,14,21794.26,738.0,2025-09-30,No,212344.71,Unemployed,0
C102100,34.0,Male,islamabad,50253.52,PhD,22,36264.5,334.0,2025-01-10,Yes,363941.76,Business,0
C102101,36.0,Male,karachi,96617.36,Master,20,12862.09,680.0,2025-02-10,Yes,350980.96,Private,0
C102102,48.0,Male,rawalpindi,119172.51,Matric,8,37788.2,350.0,2025-03-10,Yes,71315.53,Unemployed,1
C102103,28.0,Male,islamabad,42476.53,Matric,10,39748.52,631.0,2025-04-10,Yes,45285.55,Government,0
C102104,63.0,Male,karachi,96422.74,Master,11,29448.63,515.0,2025-05-10,Yes,241870.7,Business,0
C102105,49.0,Female,karachi,141166.63,Master,5,40082.69,747.0,2025-06-10,No,134277.45,Unemployed,0
C102106,64.0,Female,karachi,108402.28,Matric,19,29398.42,623.0,2025-07-10,Yes,270381.59,Government,0
C102107,64.0,Female,faisalabad,131719.77,PhD,13,35440.1,542.0,2025-08-10,Yes,67633.92,Business,0
C102108,55.0,Female,Lahore,80088.81,PhD,11,34919.91,303.0,2025-09-10,Yes,275113.1,Unemployed,0
C102109,46.22862068965517,Male,karachi,55100.53,Intermediate,19,19768.95,415.0,2025-10-10,Yes,133346.74,Private,1
C102110,36.0,Male,rawalpindi,93160.19,PhD,17,66960.06,334.0,2025-11-10,Yes,320912.86,Government,0
C102111,20.0,Male,faisalabad,86772.4,Intermediate,10,24973.32,308.0,2025-12-10,No,219543.1,Business,0
C102112,35.0,Male,faisalabad,113048.56,Matric,21,27541.1,826.0,2025-10-13,No,306057.4,Unemployed,0
C102113,63.0,Male,rawalpindi,87450.59,PhD,27,18708.93,591.0,2025-10-14,No,132532.43,Government,1
C102114,46.22862068965517,Male,rawalpindi,65368.2,Intermediate,9,47147.22,803.0,2025-10-15,Yes,274981.41,Unemployed,0
C102115,33.0,Male,rawalpindi,99071.3,Intermediate,31,34798.72,300.0,2025-10-16,Yes,81120.29,Government,1
C102116,55.0,Female,Unknown,109801.55,Bachelor,18,14271.61,356.0,2025-10-17,Yes,189488.26,Government,0
C102117,24.0,Male,karachi,23906.83,Matric,9,21804.25,427.0,2025-10-18,No,189281.08,Business,1
C102118,53.0,Male,faisalabad,39902.99,Intermediate,21,22593.7,808.0,2025-10-19,Yes,247704.90777003483,Business,0
C102119,34.0,Male,karachi,105445.62,Master,28,47032.53,355.0,2025-10-20,Yes,209982.4,Government,0
C102120,42.0,Male,Lahore,85476.32999999999,PhD,29,52411.72,558.0,2025-10-21,Yes,-22020.08,Government,0
C102121,24.0,Male,islamabad,62696.63,Bachelor,9,26232.06,453.0,2025-10-22,Yes,259398.61,Unemployed,0
C102122,30.0,Female,rawalpindi,22603.14,Master,18,41091.68,483.0,2025-10-23,No,224648.14,Government,1
C102123,39.0,Female,islamabad,27298.94,Master,20,28439.7,798.0,2025-10-24,No,334996.47,Student,0
C102124,31.0,Female,Lahore,84461.57,PhD,13,38373.52,593.0,2025-10-25,Yes,48124.03,Unemployed,0
C102125,45.0,Female,islamabad,55454.94,Master,3,44874.67,396.0,2025-10-26,Yes,366364.1,Business,0
C102126,67.0,Female,Lahore,118175.81,Matric,24,38135.34,594.0,2025-10-27,No,33072.73,Business,0
C102127,70.0,Male,rawalpindi,74185.37,PhD,31,21815.35,784.0,2025-10-28,Yes,347052.8,Unemployed,0
C102128,70.0,Male,faisalabad,61418.43,Master,4,40860.23,441.0,2025-10-29,No,316580.64,Unemployed,0
C102129,67.0,Male,Lahore,66053.02,Bachelor,1,21638.45,535.0,2025-10-30,No,238511.51,Unemployed,0
C102130,59.0,Female,Unknown,45312.17,PhD,15,22223.3,845.0,2025-10-31,Yes,413522.64,Private,1
C102131,60.0,Female,rawalpindi,76817.13,PhD,30,49863.4,303.0,2025-01-11,Yes,46359.71,Student,0
C102132,18.0,Female,karachi,91895.5,Bachelor,1,30307.95,800.0,2025-02-11,Yes,208175.28,Unemployed,0
C102133,23.0,Female,islamabad,28155.8,Unknown,23,2964.66,558.0,2025-03-11,Yes,271430.47,Private,0
C102134,41.0,Male,islamabad,103555.24,Master,31,38053.05,833.0,2025-04-11,No,360560.8,Student,0
C102135,43.0,Male,Lahore,97855.16,Intermediate,5,40445.41,780.0,2025-05-11,Yes,289809.16,Business,0
C102136,35.0,Male,islamabad,68339.33,Intermediate,30,22740.73,798.0,2025-06-11,Yes,194363.65,Unemployed,0
C102137,36.0,Male,Lahore,28673.25,PhD,12,34877.27,796.0,2025-07-11,Yes,301400.54,Business,1
C102138,40.0,Male,rawalpindi,76283.73,Master,11,34860.05,318.0,2025-08-11,No,209569.53,Business,0
C102139,73.0,Male,karachi,73183.24,PhD,14,48446.29,682.0,2025-09-11,Yes,42284.54,Student,0
C102140,40.0,Female,islamabad,73097.73,Bachelor,32,35797.81,772.0,2025-10-11,Yes,303741.02,Government,0
C102141,70.0,Male,rawalpindi,87765.9,Matric,21,21953.17,309.0,2025-11-11,Yes,271491.99,Student,0
C102142,25.0,Male,faisalabad,118778.12,PhD,12,23145.61,410.0,2025-12-11,Yes,175591.39,Business,0
C102143,70.0,Male,rawalpindi,42773.72,Bachelor,0,45648.52,664.0,2025-11-13,Yes,192590.46,Government,0
C102144,54.0,Female,faisalabad,43490.29,Intermediate,31,18208.04,480.0,2025-11-14,Yes,247704.90777003483,Unemployed,0
C102145,65.0,Male,Lahore,102925.3,PhD,6,36745.65,361.0,2025-11-15,Yes,61384.34,Student,0
C102146,35.0,Female,Unknown,106902.95,Intermediate,21,43496.24,716.0,2025-11-16,No,161776.28,Student,0
C102147,60.0,Male,karachi,78287.62,Bachelor,31,25248.22,625.0,2025-11-17,Yes,428077.41,Government,0
C102148,60.0,Female,karachi,64644.56,PhD,5,40463.78,530.0,2025-11-18,No,171215.68,Business,0
C102149,58.0,Male,karachi,111805.4,Intermediate,11,69451.19,457.0,2025-11-19,No,206770.88,Government,0
C102150,54.0,Female,Unknown,87649.43,Matric,6,24889.81,696.0,2023-12-04,No,110286.19,Private,0
C102151,48.0,Male,rawalpindi,66526.2,PhD,8,16773.58,394.0,2025-11-21,Yes,302657.38,Unemployed,1
C102152,68.0,Female,faisalabad,85476.32999999999,Bachelor,27,41651.39,762.0,2025-11-22,No,203493.41,Private,0
C102153,51.0,Male,Lahore,81933.75,Intermediate,23,50462.73,486.0,2025-11-23,Yes,251519.45,Unemployed,0
C102154,56.0,Male,Lahore,103239.24,Bachelor,19,21853.65,597.0,2025-11-24,Yes,207812.9,Business,0
C102155,45.0,Male,Unknown,132348.17,PhD,20,53895.8,323.0,2025-11-25,No,7131.8,Unemployed,0
C102156,23.0,Male,faisalabad,93038.91,Matric,9,42379.32,309.0,2025-11-26,Yes,200440.11,Private,0
C102157,46.0,Female,islamabad,80152.6,Master,24,32096.4,574.3770154373927,2025-11-27,YES,230155.27,Government,0
C102158,66.0,Male,rawalpindi,61652.78,Bachelor,30,28549.78,544.0,2025-11-28,Yes,215117.65,Student,1
C102159,27.0,Female,islamabad,77746.31,Intermediate,12,31068.02,509.0,2025-11-29,No,380631.04,Business,1
C102160,66.0,Female,karachi,53200.62,Bachelor,11,25784.92,466.0,2025-11-30,No,483675.06,Student,0
C102161,31.0,Male,faisalabad,119784.99,Master,2,27987.8,442.0,2025-01-12,Yes,307533.95,Unemployed,0
C102162,25.0,Male,Lahore,57301.39,Master,26,32414.28,614.0,2025-02-12,Yes,118133.68,Business,0
C102163,46.22862068965517,Male,rawalpindi,81378.97,PhD,4,23488.9,849.0,2025-03-12,Yes,420128.73,Student,0
C102164,72.0,Female,islamabad,102771.23,Matric,21,51423.98,610.0,2023-12-04,No,140428.01,Student,0
C102165,37.0,Male,faisalabad,116241.64,Bachelor,6,56782.11,775.0,2025-05-12,Yes,447603.39,Private,0
C102166,67.0,Female,karachi,64489.95,Matric,14,27529.44,526.0,2025-06-12,Yes,325679.84,Government,0
C102167,44.0,Male,faisalabad,141634.24,Intermediate,7,34758.33,487.0,2025-07-12,Yes,281662.53,Student,1
C102168,43.0,Female,karachi,2861.9,PhD,24,33607.47,739.0,2025-08-12,Yes,192348.66,Unemployed,0
C102169,43.0,Male,rawalpindi,85476.32999999999,Bachelor,23,31283.75,552.0,2025-09-12,Yes,201050.42,Government,1
C102170,35.0,Male,karachi,66198.97,Intermediate,10,72.75,735.0,2025-10-12,No,355042.69,Unemployed,0
C102171,70.0,Female,Lahore,106495.39,Bachelor,16,68224.59,411.0,2025-11-12,Yes,227111.18,Business,0
C102172,55.0,Male,rawalpindi,81969.31,Master,27,46050.83,471.0,2025-12-12,Yes,273470.38,Business,0
C102173,27.0,Male,faisalabad,109998.38,Bachelor,31,37710.2,438.0,2025-12-13,Yes,343261.07,Private,0
C102174,71.0,Female,rawalpindi,73743.87,Matric,8,31286.89,426.0,2025-12-14,No,291575.88,Private,0
C102175,42.0,Male,rawalpindi,105648.26,Matric,14,14709.33,842.0,2025-12-15,No,400026.04,Business,1
C102176,19.0,Male,islamabad,107823.72,PhD,21,51265.01,806.0,2025-12-16,Yes,127070.49,Government,0
C102177,32.0,Female,Lahore,107599.1,Bachelor,25,60631.6,767.0,2025-12-17,Yes,117969.23,Business,1
C102178,73.0,Male,islamabad,109738.16,Master,23,46354.65,621.0,2025-12-18,No,434986.84,Student,0
C102179,73.0,Male,rawalpindi,133909.35,Bachelor,6,51788.85,796.0,2025-12-19,No,182539.91,Business,1
C102180,34.0,Female,Lahore,85476.32999999999,Master,26,48431.94,660.0,2025-12-20,Yes,301268.12,Unemployed,0
C102181,46.0,Female,rawalpindi,93355.11,Bachelor,2,34827.59,826.0,2025-12-21,No,261591.38,Government,0
C102182,49.0,Male,faisalabad,26636.14,PhD,15,28283.33,338.0,2025-12-22,No,187564.85,Private,0
C102183,52.0,Male,rawalpindi,54162.65,Intermediate,34,73917.08,821.0,2025-12-23,No,87945.18,Business,0
C102184,54.0,Female,karachi,143032.94,PhD,18,43526.58,418.0,2025-12-24,Yes,403039.63,Unemployed,0
C102185,72.0,Male,Unknown,111594.47,Matric,4,14279.21,608.0,2025-12-25,Yes,142119.44,Unemployed,0
C102186,33.0,Male,Lahore,104891.72,Intermediate,20,34779.19,585.0,2025-12-26,Yes,373566.03,Unemployed,0
C102187,57.0,Female,karachi,94578.1,Matric,25,21394.8,622.0,2025-12-27,Yes,146123.49,Student,0
C102188,31.0,Female,islamabad,79162.42,Intermediate,20,48566.9,728.0,2025-12-28,No,219765.81,Private,0
C102189,47.0,Female,islamabad,63093.15,Bachelor,31,3022.87,578.0,2025-12-29,Yes,128471.21,Student,0
C102190,51.0,Male,rawalpindi,98515.59,PhD,20,20212.94,703.0,2025-12-30,No,185864.54,Business,0
C102191,38.0,Female,rawalpindi,103610.96,Bachelor,31,20464.91,742.0,2025-12-31,Yes,277103.24,Student,1
C102192,42.0,Female,faisalabad,13493.84,PhD,23,12034.99,731.0,2026-01-01,No,119257.58,Government,0
C102193,62.0,Female,Lahore,47895.47,Intermediate,32,62721.81,332.0,2026-02-01,No,204714.75,Student,1
C102194,55.0,Female,faisalabad,97855.21,Matric,15,65166.23,553.0,2026-03-01,Yes,288234.89,Private,0
C102195,41.0,Male,karachi,53346.79,Master,32,31413.39,662.0,2026-04-01,Yes,364867.23,Business,0
C102196,35.0,Female,faisalabad,78778.66,Bachelor,11,34798.72,817.0,2026-05-01,No,182044.47,Private,0
C102197,61.0,Female,islamabad,137323.33,Bachelor,27,34031.43,419.0,2026-06-01,Yes,81920.22,Government,1
C102198,39.0,Male,karachi,126232.57,Matric,21,14413.79,789.0,2026-07-01,Yes,286509.29,Business,0
C102199,29.0,Male,karachi,77073.67,Intermediate,0,52725.75,409.0,2026-08-01,Yes,429378.35,Student,1
C102200,23.0,Male,rawalpindi,56989.67,Bachelor,9,60405.45,328.0,2026-09-01,No,149682.56,Student,0
C102201,19.0,Male,karachi,116481.6,Bachelor,6,40971.32,467.0,2026-10-01,No,281583.89,Unemployed,1
C102202,41.0,Female,rawalpindi,137915.7,Master,29,4346.13,443.0,2026-11-01,Yes,346217.6,Student,0
C102203,35.0,Male,karachi,62614.84,Matric,29,22944.36,574.3770154373927,2026-12-01,Yes,171010.0,Business,0
C102204,74.0,Female,rawalpindi,108961.55,Bachelor,12,34798.72,796.0,2026-01-13,Yes,154935.14,Unemployed,0
C102205,58.0,Male,faisalabad,65567.53,Matric,27,47422.43,459.0,2026-01-14,Yes,172164.35,Student,1
C102206,56.0,Female,Lahore,62973.59,Master,8,26813.52,659.0,2026-01-15,Yes,375290.0,Government,0
C102207,74.0,Female,faisalabad,85476.32999999999,Master,23,42861.56,654.0,2026-01-16,Yes,190416.3,Unemployed,0
C102208,21.0,Male,faisalabad,99116.41,Master,24,34603.37,375.0,2026-01-17,Yes,337077.17,Private,1
C102209,29.0,Male,rawalpindi,84880.05,Intermediate,24,19704.91,729.0,2026-01-18,Yes,315894.05,Unemployed,0
C102210,49.0,Male,Lahore,62299.48,Matric,1,40934.62,488.0,2026-01-19,No,248661.51,Unemployed,0
C102211,64.0,Female,rawalpindi,22450.13,Matric,18,43820.97,680.0,2026-01-20,Yes,247704.90777003483,Unemployed,0
C102212,35.0,Female,rawalpindi,172895.22,PhD,3,36604.41,357.0,2026-01-21,Yes,138300.72,Private,0
C102213,52.0,Male,islamabad,86539.73,Unknown,5,53216.71,788.0,2026-01-22,Yes,537982.17,Business,0
C102214,43.0,Male,faisalabad,107156.48,PhD,12,28122.87,321.0,2026-01-23,No,327241.78,Private,0
C102215,44.0,Female,faisalabad,134555.68,Intermediate,3,40084.96,820.0,2026-01-24,Yes,8387.66,Private,0
C102216,71.0,Female,karachi,67848.69,Matric,4,37869.53,334.0,2026-01-25,Yes,228137.35,Government,1
C102217,70.0,Female,Lahore,78136.08,Master,34,11064.47,429.0,2026-01-26,Yes,168479.8,Government,1
C102218,55.0,Female,islamabad,70450.89,Matric,10,25285.69,357.0,2024-02-15,No,231337.03,Government,0
C102219,49.0,Male,Lahore,0.0,Matric,28,31617.24,430.0,2026-01-28,No,475565.09,Business,1
C102220,48.0,Female,Lahore,52259.31,Bachelor,11,50919.95,431.0,2026-01-29,No,6075.97,Unemployed,1
C102221,49.0,Female,Lahore,85476.32999999999,Matric,1,26088.0,600.0,2026-01-30,No,372920.98,Unemployed,1
C102222,29.0,Female,faisalabad,79583.06,Master,3,34798.72,673.0,2026-01-31,Yes,293467.79,Private,0
C102223,20.0,Male,karachi,99864.63,Matric,22,49469.4,335.0,2026-01-02,Yes,417917.05,Government,1
C102224,33.0,Male,karachi,79930.04,PhD,21,50860.86,510.0,2026-02-02,Yes,286589.87,Business,0
C102225,53.0,Male,rawalpindi,110998.54,Matric,29,16984.09,669.0,2026-03-02,No,75292.43,Government,0
C102226,42.0,Male,Lahore,73743.45,Matric,32,37614.73,782.0,2026-04-02,Yes,192946.4,Government,0
C102227,62.0,Female,Lahore,85692.31,Master,9,29676.49,689.0,2026-05-02,No,37217.43,Unemployed,1
C102228,43.0,Male,islamabad,126294.39,Matric,33,34798.72,600.0,2026-06-02,No,511412.83,Business,0
C102229,51.0,Female,karachi,83205.56,Master,26,71656.95,524.0,2026-07-02,Yes,248826.76,Unemployed,1
C102230,50.0,Female,Lahore,85476.32999999999,Master,21,32061.06,632.0,2026-08-02,No,133988.63,Unemployed,0
C102231,63.0,Female,rawalpindi,41200.08,Matric,2,51973.25,719.0,2026-09-02,No,222946.74,Student,1
C102232,56.0,Male,Lahore,59043.87,Master,15,30316.47,763.0,2026-10-02,Yes,247704.90777003483,Private,0
C102233,51.0,Female,karachi,71942.41,Master,9,40940.67,603.0,2026-11-02,No,295988.44,Unemployed,0
C102234,56.0,Male,Lahore,80535.13,Intermediate,6,52894.61,823.0,2026-12-02,Yes,402403.23,Student,0
C102235,57.0,Female,faisalabad,139843.25,Intermediate,34,34017.35,361.0,2026-02-13,No,254778.56,Government,0
C102236,19.0,Male,faisalabad,117450.92,Intermediate,26,42133.75,558.0,2026-02-14,Yes,235104.54,Student,0
C102237,46.22862068965517,Male,karachi,94150.13,Master,23,46068.87,627.0,2026-02-15,Yes,52695.9,Business,0
C102238,69.0,Male,Lahore,93826.86,Intermediate,4,42995.66,479.0,2026-02-16,No,118463.52,Student,0
C102239,26.0,Male,islamabad,46332.09,PhD,9,24699.75,607.0,2026-02-17,No,186564.17,Unemployed,0
C102240,46.22862068965517,Male,rawalpindi,91549.88,Master,17,25768.37,514.0,2026-02-18,Yes,405690.7,Private,1
C102241,50.0,Male,rawalpindi,137559.92,PhD,8,18376.64,562.0,2026-02-19,Yes,115625.0,Private,0
C102242,70.0,Male,faisalabad,63837.02,Bachelor,18,31309.09,328.0,2026-02-20,Yes,305622.91,Business,0
C102243,59.0,Male,islamabad,62718.3,Master,0,27141.08,472.0,2026-02-21,Yes,347985.49,Government,0
C102244,32.0,Male,islamabad,89175.47,PhD,25,38274.57,423.0,2026-02-22,Yes,351361.31,Government,0
C102245,49.0,Male,karachi,85476.32999999999,Master,18,27082.86,359.0,2026-02-23,Yes,191327.36,Unemployed,0
C102246,57.0,Female,faisalabad,136555.94,Bachelor,19,257.98,840.0,2026-02-24,Yes,140793.11,Private,0
C102247,46.22862068965517,Female,rawalpindi,126245.86,Bachelor,32,36716.0,415.0,2026-02-25,Yes,168666.1,Business,0
C102248,56.0,Male,Lahore,72224.33,PhD,15,17478.52,655.0,2026-02-26,Yes,221373.39,Government,0
C102249,63.0,Female,Lahore,153974.32,PhD,23,20395.95,637.0,2026-02-27,Yes,252919.45,Student,0
C102250,40.0,Male,rawalpindi,85476.32999999999,PhD,1,42431.54,350.0,2026-02-28,No,344448.72,Unemployed,0
C102251,28.0,Female,faisalabad,65811.73,PhD,21,5090.79,591.0,2026-01-03,No,229397.21,Government,0
C102252,36.0,Male,Lahore,95663.26,Bachelor,20,31784.08,574.3770154373927,2026-02-03,No,428285.38,Student,0
C102253,41.0,Female,faisalabad,53083.46,Bachelor,13,28862.49,665.0,2026-03-03,No,235828.74,Student,0
C102254,21.0,Male,Unknown,104331.7,Master,24,57238.78,499.0,2026-04-03,Yes,172758.97,Government,0
C102255,67.0,Female,karachi,139505.87,Bachelor,25,20976.39,562.0,2026-05-03,Yes,110947.38,Government,1
C102256,50.0,Male,Unknown,85476.32999999999,Intermediate,23,35859.62,352.0,2026-06-03,Yes,483503.13,Private,1
C102257,29.0,Male,islamabad,10529.2,Bachelor,26,35028.6,738.0,2026-07-03,Yes,354541.87,Government,1
C102258,71.0,Female,karachi,83159.72,Intermediate,30,28918.34,589.0,2026-08-03,Yes,227616.11,Business,0
C102259,35.0,Male,Lahore,100330.07,Intermediate,30,36757.5,606.0,2026-09-03,Yes,434008.69,Government,1
C102260,74.0,Female,islamabad,87956.73,Intermediate,18,30128.03,536.0,2026-10-03,Yes,413118.67,Unemployed,1
C102261,72.0,Male,faisalabad,74208.82,Intermediate,34,51464.92,577.0,2026-11-03,Yes,246876.35,Unemployed,0
C102262,66.0,Female,faisalabad,85476.32999999999,Matric,24,28102.09,574.3770154373927,2026-12-03,No,344067.3,Unemployed,0
C102263,46.0,Male,karachi,49382.08,Matric,21,37921.05,670.0,2026-03-13,Yes,240060.59,Business,1
C102264,71.0,Male,islamabad,88235.7,PhD,15,56698.81,829.0,2026-03-14,No,456030.09,Private,0
C102265,32.0,Female,Lahore,77967.78,Master,2,34798.72,543.0,2026-03-15,No,251511.52,Student,1
C102266,61.0,Female,islamabad,66950.44,Matric,27,38114.2,430.0,2026-03-16,No,66302.04,Student,1
C102267,18.0,Female,islamabad,144100.79,Master,7,43742.77,523.0,2026-03-17,No,260780.52,Private,0
C102268,69.0,Male,faisalabad,67176.28,Master,33,46080.29,486.0,2025-06-15,Yes,231854.48,Unemployed,0
C102269,46.0,Female,islamabad,114677.36,Matric,10,8572.1,493.0,2026-03-19,Yes,262417.73,Government,0
C102270,46.0,Male,Lahore,105847.65,PhD,3,26305.42,366.0,2026-03-20,Yes,265689.66,Government,1
C102271,67.0,Male,karachi,124985.45,Master,34,34798.72,555.0,2026-03-21,No,220523.83,Business,0
C102272,27.0,Male,islamabad,85476.32999999999,Master,33,59045.72,654.0,2026-03-22,No,273525.18,Government,0
C102273,32.0,Female,faisalabad,79180.45,PhD,24,60022.82,390.0,2026-03-23,Yes,289324.59,Business,0
C102274,68.0,Female,faisalabad,46660.24,Matric,12,45094.78,750.0,2026-03-24,Yes,247704.90777003483,Private,1
C102275,52.0,Female,Lahore,87642.18,Matric,20,34798.72,443.0,2026-03-25,Yes,195551.63,Government,0
C102276,27.0,Female,rawalpindi,89557.9,Bachelor,21,43502.38,550.0,2026-03-26,Yes,281525.57,Student,0
C102277,20.0,Male,islamabad,67020.16,Bachelor,8,17827.45,835.0,2026-03-27,No,154801.06,Government,0
C102278,19.0,Male,rawalpindi,143312.05,Bachelor,20,42171.1,779.0,2026-03-28,Yes,144453.94,Student,0
C102279,18.0,Male,faisalabad,112930.45,Intermediate,16,28889.36,337.0,2026-03-29,Yes,317530.84,Private,0
C102280,19.0,Female,Lahore,68075.39,Bachelor,25,34350.53,743.0,2026-03-30,Yes,-34241.78,Student,0
C102281,49.0,Female,islamabad,158328.67,Bachelor,33,23345.91,511.0,2026-03-31,No,236458.31,Student,0
C102282,74.0,Male,karachi,68511.74,Intermediate,28,40551.29,632.0,2026-01-04,No,176095.58,Student,0
C102283,24.0,Female,faisalabad,72774.22,Intermediate,11,41639.19,449.0,2026-02-04,Yes,247704.90777003483,Student,0
C102284,29.0,Male,Lahore,122471.75,Master,19,42940.98,566.0,2026-03-04,Yes,-75721.18,Unemployed,0
C102285,73.0,Female,karachi,64315.0,Matric,12,41422.25,380.0,2026-04-04,No,114474.62,Unemployed,0
C102286,27.0,Female,faisalabad,87486.66,Bachelor,34,26272.03,822.0,2026-05-04,Yes,308839.98,Student,0
C102287,54.0,Female,Lahore,91430.38,PhD,11,58912.81,664.0,2026-06-04,Yes,242987.82,Private,0
C102288,62.0,Female,karachi,131482.32,Matric,17,30593.99,409.0,2026-07-04,Yes,258014.57,Private,1
C102289,46.0,Female,faisalabad,43588.98,Matric,11,62535.94,641.0,2026-08-04,Yes,215781.44,Student,0
C102290,65.0,Female,islamabad,75349.21,PhD,2,49446.85,569.0,2026-09-04,No,202186.38,Private,0
C102291,42.0,Female,faisalabad,113251.25,Bachelor,1,40555.01,547.0,2026-10-04,Yes,367874.16,Unemployed,0
C102292,48.0,Female,Lahore,76319.12,Bachelor,18,32477.47,802.0,2026-11-04,Yes,282406.66,Private,0
C102293,23.0,Female,karachi,84988.34,Matric,27,28490.78,557.0,2026-12-04,Yes,131914.76,Student,0
C102294,37.0,Female,karachi,105872.86,PhD,6,48147.04,595.0,2024-10-03,No,281081.42,Unemployed,0
C102295,59.0,Male,rawalpindi,76525.87,PhD,27,31903.27,819.0,2026-04-14,Yes,268329.44,Business,0
C102296,40.0,Female,karachi,71494.1,Intermediate,4,16476.04,695.0,2026-04-15,Yes,186034.47,Student,0
C102297,73.0,Female,karachi,55364.98,Unknown,33,29857.38,676.0,2026-04-16,Yes,46781.62,Private,0
C102298,72.0,Male,karachi,109683.06,Matric,17,57119.41,582.0,2026-04-17,Yes,29071.85,Government,1
C102299,49.0,Female,Lahore,107203.29,Matric,1,43453.62,666.0,2026-04-18,Yes,203541.46,Government,0
C102300,60.0,Female,Lahore,79103.76,Intermediate,21,20204.88,835.0,2026-04-19,No,313201.09,Private,0
C102301,50.0,Female,islamabad,86583.34,Bachelor,10,33063.88,766.0,2026-04-20,Yes,256686.45,Private,0
C102302,59.0,Female,karachi,50354.53,Bachelor,8,68850.73,395.0,2026-04-21,No,296109.17,Private,1
C102303,29.0,Female,faisalabad,111497.86,Bachelor,8,26238.17,543.0,2026-04-22,Yes,43774.58,Private,0
C102304,59.0,Male,islamabad,68531.48,Master,17,28221.68,633.0,2026-04-23,N,229648.21,Unemployed,0
C102305,29.0,Male,faisalabad,91516.42,Intermediate,32,52436.08,648.0,2026-04-24,No,274860.79,Government,0
C102306,43.0,Male,faisalabad,99283.02,Bachelor,22,40184.23,439.0,2026-04-25,Yes,233177.71,Government,0
C102307,19.0,Male,rawalpindi,102648.44,Matric,15,34798.72,421.0,2026-04-26,No,399840.1,Government,1
C102308,19.0,Female,faisalabad,164679.57,Master,1,21681.7,639.0,2026-04-27,Yes,235842.38,Business,0
C102309,58.0,Male,faisalabad,99953.47,Intermediate,24,11375.58,572.0,2026-04-28,Yes,77495.47,Unemployed,0
C102310,42.0,Male,Lahore,37052.56,Matric,27,21763.46,785.0,2026-04-29,No,138591.89,Government,1
C102311,62.0,Male,rawalpindi,94030.77,Master,2,55002.03,726.0,2026-04-30,Yes,123065.71,Student,0
C102312,57.0,Male,Lahore,106366.29,Master,0,10638.83,512.0,2026-01-05,Yes,135415.72,Government,0
C102313,52.0,Male,islamabad,50000000.0,PhD,14,45096.31,544.0,2026-02-05,Yes,269435.99,Business,1
C102314,28.0,Male,islamabad,66474.85,Matric,8,58604.83,530.0,2026-03-05,Yes,296856.3,Student,1
C102315,23.0,Male,rawalpindi,89200.92,Matric,1,70476.29,816.0,2026-04-05,No,217845.24,Student,0
C102316,24.0,Male,faisalabad,102191.88,Intermediate,15,37120.91,773.0,2026-05-05,No,203227.84,Unemployed,0
C102317,23.0,Male,rawalpindi,61823.65,Matric,33,14033.75,377.0,2026-06-05,No,371446.09,Private,0
C102318,33.0,Male,karachi,88903.88,PhD,32,35230.23,409.0,2026-07-05,No,310199.34,Government,0
C102319,46.22862068965517,Male,karachi,92851.62,PhD,11,41503.86,503.0,2026-08-05,Yes,25694.81,Private,0
C102320,55.0,Male,karachi,113484.18,Unknown,10,12935.81,559.0,2026-09-05,Yes,221205.66,Business,0
C102321,56.0,Male,Lahore,126091.32,Master,34,20982.48,349.0,2026-10-05,No,444214.89,Unemployed,1
C102322,49.0,Female,karachi,89862.82,Master,10,39344.45,694.0,2026-11-05,Yes,207453.9,Student,0
C102323,64.0,Female,islamabad,125888.65,Bachelor,6,51795.19,353.0,2026-12-05,Yes,247704.90777003483,Student,0
C102324,57.0,Male,karachi,68905.8,PhD,5,52119.54,334.0,2026-05-13,Yes,485952.59,Unemployed,1
C102325,54.0,Female,karachi,70573.13,Master,6,27048.5,687.0,2026-05-14,No,272778.05,Business,0
C102326,22.0,Female,Unknown,82990.91,Matric,12,31214.93,357.0,2026-05-15,Yes,203056.87,Government,0
C102327,22.0,Female,rawalpindi,54117.68,Matric,26,35375.25,566.0,2026-05-16,Yes,42862.69,Business,0
C102328,48.0,Female,faisalabad,78969.54,PhD,24,23722.47,709.0,2026-05-17,Yes,247704.90777003483,Student,0
C102329,46.22862068965517,Female,Lahore,92096.99,Intermediate,6,38754.15,348.0,2026-05-18,Yes,147488.62,Student,1
C102330,28.0,Female,faisalabad,118188.4,PhD,25,28021.14,785.0,2026-05-19,Yes,471210.26,Unemployed,0
C102331,24.0,Male,rawalpindi,94516.56,Bachelor,15,50768.89,444.0,2026-05-20,Yes,306326.05,Government,0
C102332,37.0,Female,faisalabad,102680.42,Master,2,49469.36,305.0,2026-05-21,Yes,374526.83,Private,0
C102333,39.0,Female,islamabad,104487.08,Unknown,13,41757.51,620.0,2026-05-22,Yes,537483.85,Business,1
C102334,25.0,Male,Lahore,40371.33,Intermediate,3,54320.59,806.0,2026-05-23,Yes,401394.92,Private,0
C102335,69.0,Female,faisalabad,82330.99,Bachelor,31,55217.39,452.0,2026-05-24,Yes,146841.54,Unemployed,0
C102336,58.0,Male,faisalabad,112435.25,Master,5,32689.97,671.0,2026-05-25,Yes,86955.57,Unemployed,0
C102337,65.0,Female,karachi,107261.29,PhD,33,52616.99,471.0,2026-05-26,Yes,239173.89,Student,0
C102338,71.0,Female,islamabad,110666.27,Matric,3,41393.41,397.0,2026-05-27,Yes,231994.97,Private,1
C102339,54.0,Female,Lahore,85476.32999999999,PhD,25,10916.82,637.0,2026-05-28,Yes,195730.26,Government,0
C102340,33.0,Female,karachi,85476.32999999999,Intermediate,21,36971.91,660.0,2026-05-29,No,452218.14,Business,1
C102341,46.22862068965517,Male,Unknown,77303.58,Master,24,18861.2,369.0,2026-05-30,Yes,240707.64,Unemployed,1
C102342,19.0,Female,faisalabad,14459.69,Bachelor,3,10923.26,558.0,2026-05-31,Yes,346590.78,Student,0
C102343,23.0,Male,faisalabad,114054.78,PhD,8,37820.19,694.0,2026-01-06,Yes,194443.14,Private,0
C102344,28.0,Female,islamabad,111622.68,Unknown,28,29232.15,328.0,2026-02-06,Yes,243745.76,Private,1
C102345,66.0,Female,faisalabad,85476.32999999999,Master,1,17503.15,447.0,2026-03-06,Yes,166523.31,Government,1
C102346,43.0,Male,karachi,76282.2,Matric,29,26933.12,733.0,2026-04-06,Yes,313642.27,Government,0
C102347,46.0,Male,faisalabad,58499.17,Bachelor,17,36835.03,771.0,2026-05-06,Yes,61034.93,Government,0
C102348,68.0,Male,Unknown,123341.26,Master,20,34798.72,491.0,2026-06-06,Yes,254095.5,Government,0
C102349,22.0,Male,rawalpindi,54852.26,Matric,0,37230.44,667.0,2026-07-06,Yes,224912.83,Government,0
C102350,19.0,Female,karachi,108030.01,Intermediate,19,60310.8,694.0,2024-02-15,No,155410.06,Private,0
C102351,68.0,Male,Lahore,61312.36,Intermediate,20,42981.61,821.0,2026-09-06,Yes,333489.26,Unemployed,0
C102352,33.0,Male,islamabad,137884.61,Intermediate,16,34798.72,574.3770154373927,2026-10-06,Yes,241004.27,Private,0
C102353,48.0,Female,islamabad,108344.73,Bachelor,16,34798.72,304.0,2026-11-06,Yes,228906.88,Private,0
C102354,54.0,Female,rawalpindi,91069.63,Bachelor,29,20381.3,321.0,2026-12-06,No,324577.54,Private,0
C102355,71.0,Male,Lahore,49503.04,Matric,7,63921.83,645.0,2026-06-13,Yes,122227.63,Government,0
C102356,26.0,Male,Unknown,126024.12,PhD,2,27009.93,621.0,2026-06-14,Yes,335477.08,Student,0
C102357,20.0,Male,karachi,86584.27,Bachelor,21,36823.1,432.0,2026-06-15,Yes,204098.21,Unemployed,1
C102358,24.0,Female,faisalabad,40952.77,PhD,4,29744.41,360.0,2026-06-16,Yes,293042.0,Student,0
C102359,31.0,Male,karachi,88287.78,Intermediate,4,33253.31,826.0,2026-06-17,Yes,317804.93,Private,0
C102360,62.0,Female,faisalabad,110270.47,Matric,34,23652.69,512.0,2026-06-18,Yes,386621.83,Private,0
C102361,36.0,Male,Lahore,106378.28,Master,12,10390.36,796.0,2026-06-19,No,243590.84,Unemployed,0
C102362,67.0,Male,rawalpindi,103609.47,Master,22,33611.38,734.0,2026-06-20,Yes,360351.35,Student,0
C102363,24.0,Male,Lahore,101066.22,Master,0,31745.67,627.0,2026-06-21,Yes,401890.26,Government,1
C102364,22.0,Male,karachi,90581.94,Matric,22,41402.65,595.0,2026-06-22,Yes,133252.36,Government,1
C102365,28.0,Female,faisalabad,113508.1,Intermediate,32,35666.54,739.0,2026-06-23,No,131073.82,Government,0
C102366,53.0,Male,islamabad,65368.92,PhD,3,26923.41,609.0,2026-06-24,Yes,283888.39,Business,0
C102367,49.0,Female,faisalabad,39136.52,Master,26,32952.12,817.0,2026-06-25,Yes,302473.77,Business,1
C102368,27.0,Female,rawalpindi,79192.19,PhD,25,37745.0,542.0,2026-06-26,Yes,486843.13,Private,0
C102369,35.0,Male,karachi,84069.4,PhD,24,38375.91,518.0,2026-06-27,Yes,147459.83,Private,0
C102370,61.0,Male,Lahore,52967.19,Bachelor,31,19057.57,341.0,2026-06-28,Yes,312034.38,Government,0
C102371,44.0,Male,Lahore,77453.29,PhD,22,29311.45,438.0,2026-06-29,No,408745.81,Business,1
C102372,44.0,Female,Lahore,27740.83,Bachelor,19,38686.97,317.0,2026-06-30,Yes,-346.92,Business,0
C102373,24.0,Male,rawalpindi,67921.01,Matric,30,54150.58,386.0,2026-01-07,No,221477.18,Government,0
C102374,59.0,Male,rawalpindi,108724.14,Intermediate,29,34798.72,484.0,2026-02-07,Yes,208470.27,Government,0
C102375,46.22862068965517,Male,islamabad,52230.03,PhD,4,54758.03,841.0,2026-03-07,No,278906.5,Business,0
C102376,22.0,Male,rawalpindi,72769.66,Intermediate,2,32692.38,551.0,2026-04-07,Yes,359875.88,Business,0
C102377,47.0,Male,rawalpindi,106700.62,Matric,23,46972.71,610.0,2026-05-07,Yes,146716.37,Business,0
C102378,31.0,Male,islamabad,85476.32999999999,PhD,7,34798.72,785.0,2026-06-07,Yes,441624.88,Student,0
C102379,36.0,Male,karachi,100046.13,PhD,13,24853.53,379.0,2026-07-07,Yes,374431.4,Government,0
C102380,26.0,Male,Lahore,32975.8,PhD,2,40047.2,484.0,2026-08-07,Yes,191405.77,Private,1
C102381,46.0,Female,faisalabad,80072.04,Matric,28,29475.57,574.3770154373927,2026-09-07,No,330213.28,Private,0
C102382,32.0,Female,islamabad,122969.89,Intermediate,31,4954.16,560.0,2026-10-07,Yes,343853.2,Government,1
C102383,56.0,Female,karachi,68473.61,Master,23,51373.98,703.0,2026-11-07,No,401946.17,Government,0
C102384,34.0,Male,islamabad,102409.2,Matric,5,24187.51,655.0,2026-12-07,Yes,186591.97,Business,0
C102385,43.0,Male,Lahore,95715.1,Master,10,40348.0,607.0,2026-07-13,No,100936.39,Unemployed,0
C102386,25.0,Male,faisalabad,31635.12,PhD,27,34846.51,372.0,2026-07-14,No,153803.46,Private,0
C102387,48.0,Female,karachi,67020.08,Intermediate,22,48302.14,471.0,2026-07-15,Yes,182592.73,Business,0
C102388,69.0,Female,rawalpindi,56156.19,Bachelor,17,62920.18,694.0,2026-07-16,Yes,232244.03,Government,0
C102389,46.0,Female,faisalabad,81365.16,PhD,14,36522.49,709.0,2026-07-17,No,131159.9,Business,0
C102390,39.0,Female,rawalpindi,104723.04,Unknown,9,53807.54,449.0,2026-07-18,No,265867.71,Private,0
C102391,55.0,Female,Lahore,84228.34,Intermediate,2,40446.45,640.0,2026-07-19,Yes,339469.3,Private,0
C102392,50.0,Male,rawalpindi,113460.49,Bachelor,11,21699.1,619.0,2026-07-20,No,335479.01,Student,0
C102393,34.0,Female,karachi,40759.78,Intermediate,5,28068.95,511.0,2026-07-21,Yes,548732.09,Government,0
C102394,41.0,Female,faisalabad,57369.69,Master,19,37268.79,848.0,2026-07-22,No,236533.66,Private,0
C102395,61.0,Female,faisalabad,83121.34,Matric,13,6243.8,521.0,2026-07-23,No,116928.25,Business,0
C102396,23.0,Male,faisalabad,115971.16,PhD,34,25850.79,596.0,2026-07-24,YES,104059.69,Private,0
C102397,42.0,Female,rawalpindi,65401.67,Intermediate,30,42512.11,391.0,2026-07-25,No,280137.51,Government,0
C102398,72.0,Female,Lahore,105597.93,Bachelor,24,30222.21,793.0,2026-07-26,Yes,181884.0,Government,0
C102399,66.0,Female,islamabad,45252.41,Intermediate,6,46547.33,788.0,2026-07-27,Yes,70834.85,Business,0
C102400,66.0,Male,Lahore,115219.12,PhD,7,59158.4,376.0,2026-07-28,No,299207.8,Government,0
C102401,38.0,Female,faisalabad,151444.18,Matric,24,37517.86,360.0,2026-07-29,Yes,129409.66,Private,0
C102402,65.0,Female,rawalpindi,82891.58,Bachelor,10,17438.26,844.0,2026-07-30,Yes,200537.87,Student,1
C102403,29.0,Female,faisalabad,85476.32999999999,Master,21,40138.04,511.0,2026-07-31,Yes,411934.42,Government,1
C102404,68.0,Female,Lahore,128745.88,Matric,9,31357.58,779.0,2026-01-08,No,131985.21,Private,0
C102405,33.0,Female,islamabad,125867.88,Matric,28,44691.49,494.0,2026-02-08,Yes,84731.38,Student,0
C102406,22.0,Female,karachi,96870.55,Intermediate,11,17010.54,626.0,2026-03-08,No,55175.73,Private,0
C102407,22.0,Female,faisalabad,166787.5,Intermediate,20,18745.26,306.0,2026-04-08,No,184794.24,Government,0
C102408,62.0,Male,islamabad,108893.37,Matric,3,47010.52,694.0,2026-05-08,Yes,101850.36,Private,1
C102409,55.0,Male,islamabad,93434.92,PhD,25,17413.66,541.0,2026-06-08,No,85065.88,Business,0
C102410,63.0,Male,faisalabad,85476.32999999999,Master,32,21388.46,607.0,2026-07-08,No,150156.2,Unemployed,0
C102411,31.0,Female,islamabad,85476.32999999999,Bachelor,0,41737.82,747.0,2026-08-08,Yes,148955.35,Student,0
C102412,53.0,Male,karachi,93392.45,Intermediate,20,31164.18,304.0,2026-09-08,Yes,113224.83,Business,0
C102413,40.0,Male,Lahore,83015.51,PhD,19,33277.49,750.0,2026-10-08,No,531704.14,Unemployed,0
C102414,50.0,Male,islamabad,144243.6,Bachelor,26,48127.38,332.0,2026-11-08,Yes,486616.87,Business,0
C102415,34.0,Female,islamabad,89191.52,Matric,11,33238.91,734.0,2026-12-08,Yes,201748.21,Business,0
C102416,69.0,Male,islamabad,95196.6,Unknown,9,42439.61,694.0,2026-08-13,No,176224.7,Unemployed,0
C102417,32.0,Female,rawalpindi,78872.22,Bachelor,27,36432.82,421.0,2026-08-14,No,232539.69,Business,0
C102418,63.0,Male,karachi,96533.39,Bachelor,25,22134.62,604.0,2026-08-15,No,247704.90777003483,Government,0
C102419,70.0,Female,Lahore,80544.66,Bachelor,22,47864.63,630.0,2026-08-16,Y,118816.4,Government,0
C102420,67.0,Female,rawalpindi,103421.93,Matric,32,27362.17,824.0,2026-08-17,No,182339.03,Government,0
C102421,73.0,Female,faisalabad,81005.94,Matric,15,43502.3,566.0,2026-08-18,No,196363.4,Business,0
C102422,64.0,Female,Lahore,76584.67,Matric,23,36357.66,574.3770154373927,2026-08-19,No,356447.9,Government,0
C102423,61.0,Female,Unknown,61786.73,Matric,14,26499.12,502.0,2026-08-20,No,194485.7,Private,0
C102424,59.0,Male,islamabad,88442.96,PhD,16,43514.0,699.0,2026-08-21,No,249956.09,Unemployed,0
C102425,70.0,Male,islamabad,60616.18,PhD,28,36192.92,593.0,2026-08-22,Yes,166840.49,Private,0
C102426,34.0,Female,Lahore,109769.89,Bachelor,13,33354.96,717.0,2026-08-23,Yes,479173.41,Unemployed,1
C102427,30.0,Male,rawalpindi,78775.64,PhD,28,47734.31,809.0,2026-08-24,No,532286.79,Government,0
C102428,45.0,Female,Lahore,70997.07,Bachelor,18,37371.2,624.0,2026-08-25,N,384855.37,Unemployed,0
C102429,18.0,Female,rawalpindi,99774.23,Intermediate,30,36767.83,778.0,2026-08-26,No,328795.06,Unemployed,0
C102430,59.0,Male,islamabad,110108.45,Bachelor,13,35321.93,561.0,2026-08-27,No,247704.90777003483,Student,0
C102431,36.0,Female,faisalabad,87921.22,Bachelor,25,25408.62,703.0,2026-08-28,Yes,298556.39,Government,0
C102432,56.0,Female,Lahore,25289.91,Bachelor,2,19649.27,816.0,2026-08-29,No,438602.76,Unemployed,0
C102433,28.0,Female,islamabad,63363.81,Bachelor,14,26491.55,794.0,2026-08-30,Yes,-11709.98,Government,0
C102434,74.0,Female,rawalpindi,61663.75,Matric,6,23886.32,625.0,2026-08-31,No,323854.51,Business,0
C102435,26.0,Female,karachi,72312.64,Bachelor,6,62508.36,330.0,2026-01-09,Yes,551544.88,Private,1
C102436,34.0,Male,rawalpindi,85820.04,Matric,10,26392.2,806.0,2026-02-09,Yes,243474.2,Government,0
C102437,74.0,Male,karachi,99556.77,Master,24,24827.21,370.0,2026-03-09,No,260584.44,Unemployed,1
C102438,24.0,Female,karachi,85476.32999999999,Intermediate,26,36113.22,738.0,2026-04-09,Yes,552055.01,Student,0
C102439,28.0,Female,faisalabad,100156.28,PhD,8,38957.56,521.0,2026-05-09,Yes,421746.12,Private,0
C102440,30.0,Male,Lahore,112704.61,PhD,5,58302.83,419.0,2026-06-09,No,-88381.81,Student,0
C102441,38.0,Female,rawalpindi,93428.53,PhD,30,19493.6,577.0,2026-07-09,No,124260.79,Private,0
C102442,31.0,Female,rawalpindi,126783.29,Matric,14,23741.02,503.0,2026-08-09,Yes,385193.7,Private,0
C102443,19.0,Female,rawalpindi,105847.64,Bachelor,2,15394.1,507.0,2026-09-09,No,30193.02,Unemployed,0
C102444,60.0,Female,faisalabad,49340.5,Master,30,36420.02,746.0,2026-10-09,No,112400.24,Private,0
C102445,57.0,Male,karachi,131849.56,PhD,15,38398.9,642.0,2026-11-09,Yes,153315.85,Government,0
C102446,68.0,Male,karachi,138016.24,Matric,25,47294.83,767.0,2026-12-09,Yes,138068.81,Business,0
C102447,45.0,Female,Lahore,88776.95,Intermediate,1,38221.89,594.0,2026-09-13,Yes,132753.61,Private,0
C102448,20.0,Male,faisalabad,141641.0,Matric,2,19133.06,502.0,2026-09-14,No,199193.78,Government,1
C102449,25.0,Female,faisalabad,53052.97,Intermediate,14,38353.99,574.3770154373927,2026-09-15,No,99523.29,Student,1
C102450,49.0,Male,karachi,107774.5,Matric,16,44377.35,521.0,2026-09-16,Yes,-151416.92,Private,0
C102451,33.0,Male,rawalpindi,64403.42,Master,9,31932.0,353.0,2026-09-17,No,274721.23,Government,1
C102452,30.0,Male,karachi,87088.35,Matric,8,29171.42,493.0,2026-09-18,Yes,352716.91,Government,1
C102453,21.0,Male,rawalpindi,53359.85,Bachelor,31,34197.15,840.0,2026-09-19,Yes,224732.33,Business,0
C102454,33.0,Female,faisalabad,98252.66,PhD,18,26028.39,500.0,2026-09-20,No,294525.84,Government,0
C102455,73.0,Male,faisalabad,63244.31,Matric,8,42300.52,651.0,2026-09-21,Yes,419085.85,Student,0
C102456,64.0,Female,Lahore,127256.9,Matric,24,34998.52,314.0,2026-09-22,Yes,305347.74,Unemployed,0
C102457,35.0,Male,rawalpindi,65374.13,PhD,26,45630.9,674.0,2026-09-23,No,237401.85,Government,0
C102458,46.0,Male,Lahore,106295.48,Intermediate,23,34793.82,839.0,2026-09-24,No,439187.88,Student,0
C102459,21.0,Female,islamabad,58688.63,Intermediate,8,32910.59,440.0,2026-09-25,Yes,391952.24,Business,1
C102460,60.0,Female,islamabad,56679.42,PhD,16,37757.91,331.0,2026-09-26,No,224014.3,Government,0
C102461,67.0,Female,islamabad,92847.76,Matric,21,45866.77,839.0,2026-09-27,No,343211.96,Private,0
C102462,44.0,Male,Lahore,134289.61,Matric,6,34960.93,486.0,2026-09-28,Yes,304932.9,Private,0
C102463,49.0,Male,Lahore,98821.39,Master,22,43937.09,336.0,2026-09-29,No,572315.32,Business,0
C102464,47.0,Male,Lahore,80621.55,Bachelor,7,33664.24,494.0,2026-09-30,Yes,463465.91,Student,1
C102465,50.0,Female,Lahore,70890.32,PhD,1,50520.76,613.0,2026-01-10,No,303425.49,Business,1
C102466,24.0,Female,faisalabad,137650.3,Matric,14,27329.16,762.0,2026-02-10,Yes,362563.14,Business,1
C102467,39.0,Male,islamabad,85476.32999999999,Matric,7,13750.45,712.0,2026-03-10,Yes,17209.29,Private,0
C102468,40.0,Male,islamabad,91289.37,Bachelor,16,27766.54,840.0,2026-04-10,Yes,250920.86,Student,0
C102469,55.0,Female,karachi,142349.89,Master,9,20353.94,743.0,2026-05-10,No,255615.85,Business,0
C102470,53.0,Male,faisalabad,53801.18,Bachelor,25,34513.98,336.0,2026-06-10,Yes,302253.67,Business,1
C102471,35.0,Male,karachi,99411.04,Intermediate,3,59715.36,626.0,2026-07-10,No,181580.76,Student,0
C102472,31.0,Male,islamabad,60321.91,Master,21,29822.54,459.0,2026-08-10,Yes,247561.69,Business,0
C102473,51.0,Female,karachi,103451.28,PhD,21,41783.73,559.0,2026-09-10,Yes,294490.75,Business,0
C102474,58.0,Female,rawalpindi,130301.7,PhD,17,20295.52,398.0,2026-10-10,No,182058.18,Unemployed,0
C102475,32.0,Male,karachi,165861.38,Intermediate,14,40956.63,384.0,2026-11-10,No,221231.05,Government,0
C102476,70.0,Female,rawalpindi,127435.75,Bachelor,29,35176.2,466.0,2026-12-10,No,197579.24,Unemployed,0
C102477,42.0,Male,Unknown,99450.64,Master,1,34798.72,527.0,2026-10-13,Yes,379408.92,Government,1
C102478,74.0,Female,karachi,81381.93,PhD,17,55924.24,489.0,2026-10-14,No,412199.25,Unemployed,1
C102479,31.0,Male,faisalabad,66820.69,Matric,4,47041.34,666.0,2026-10-15,Yes,518377.13,Government,1
C102480,47.0,Female,rawalpindi,41040.77,Intermediate,0,36535.65,617.0,2026-10-16,No,246991.76,Government,0
C102481,70.0,Female,karachi,124618.93,Intermediate,4,11847.53,601.0,2026-10-17,No,480212.56,Private,0
C102482,34.0,Male,rawalpindi,26332.66,Intermediate,24,21241.63,576.0,2026-10-18,No,142389.03,Business,1
C102483,45.0,Male,islamabad,112802.88,Master,2,29240.49,751.0,2026-10-19,No,62603.23,Private,0
C102484,63.0,Female,rawalpindi,95276.82,Intermediate,17,20298.31,510.0,2026-10-20,Yes,240219.42,Business,1
C102485,52.0,Male,islamabad,142186.71,Matric,3,50892.96,464.0,2026-10-21,No,295393.57,Unemployed,1
C102486,55.0,Male,Lahore,82087.44,Intermediate,25,25642.32,587.0,2026-10-22,Yes,247704.90777003483,Private,0
C102487,52.0,Male,karachi,115715.3,Bachelor,31,34798.72,496.0,2026-10-23,No,212044.4,Private,1
C102488,67.0,Male,faisalabad,121912.81,Master,11,34798.72,762.0,2026-10-24,Yes,261119.24,Student,0
C102489,68.0,Female,faisalabad,107695.28,Matric,23,38592.44,740.0,2026-10-25,No,179124.42,Private,0
C102490,46.0,Male,islamabad,83118.56,Master,28,63984.62,660.0,2026-10-26,Yes,225809.63,Business,1
C102491,46.0,Female,Lahore,90187.53,Bachelor,8,40617.33,309.0,2026-10-27,Yes,274303.95,Private,1
C102492,66.0,Male,karachi,38139.15,Master,20,28380.29,433.0,2026-10-28,Yes,403888.09,Unemployed,1
C102493,72.0,Female,Lahore,105951.64,PhD,17,41215.87,574.3770154373927,2026-10-29,Yes,346063.05,Business,1
C102494,50.0,Male,karachi,103202.53,Intermediate,20,46687.3,574.3770154373927,2026-10-30,No,313650.1,Student,0
C102495,63.0,Male,rawalpindi,61318.45,PhD,0,59508.23,655.0,2026-10-31,No,40123.99,Government,0
C102496,53.0,Male,karachi,97694.49,Matric,23,36532.47,652.0,2026-01-11,Yes,247896.05,Private,0
C102497,68.0,Female,islamabad,85476.32999999999,PhD,22,41528.55,815.0,2026-02-11,Yes,409320.75,Unemployed,0
C102498,56.0,Male,Lahore,92504.41,Master,22,34798.72,371.0,2026-03-11,No,280870.93,Student,0
C102499,51.0,Male,Lahore,35198.92,Intermediate,33,30444.25,574.3770154373927,2026-04-11,Yes,328788.87,Government,1
C102500,51.0,Female,faisalabad,137130.31,Intermediate,32,34937.61,308.0,2026-05-11,Yes,144916.11,Government,0
C102501,35.0,Female,karachi,85476.32999999999,Master,14,31133.39,819.0,2026-06-11,Yes,124628.49,Business,1
C102502,18.0,Female,karachi,97873.56,Intermediate,17,24686.11,762.0,2026-07-11,Yes,186246.84,Private,0
C102503,27.0,Male,faisalabad,85476.32999999999,Matric,15,44500.6,705.0,2026-08-11,Yes,444405.13,Unemployed,1
C102504,67.0,Male,Lahore,43118.09,Bachelor,22,52905.64,794.0,2026-09-11,Yes,261445.79,Student,1
C102505,56.0,Male,Lahore,74458.56,Master,32,38243.14,560.0,2026-10-11,Yes,465666.64,Business,0
C102506,49.0,Male,faisalabad,80122.96,Bachelor,18,17739.86,470.0,2026-11-11,Yes,149795.73,Student,0
C102507,20.0,Female,Lahore,81912.39,Intermediate,15,38917.53,763.0,2026-12-11,Yes,31028.05,Student,0
C102508,60.0,Female,karachi,78062.98,Bachelor,17,33444.27,539.0,2026-11-13,Yes,231427.2,Government,0
C102509,51.0,Male,rawalpindi,106959.12,PhD,18,53339.94,693.0,2026-11-14,Yes,183167.53,Government,0
C102510,50.0,Female,rawalpindi,101399.83,PhD,1,60358.27,553.0,2026-11-15,No,391583.43,Business,0
C102511,42.0,Female,karachi,129427.71,Master,25,25495.45,467.0,2026-11-16,Yes,452431.27,Private,1
C102512,52.0,Male,rawalpindi,106225.96,PhD,29,30352.55,396.0,2026-11-17,Yes,444253.82,Government,0
C102513,29.0,Male,karachi,75229.76,Master,27,37889.76,726.0,2026-11-18,Yes,315382.69,Student,0
C102514,52.0,Male,faisalabad,99814.01,Matric,27,4009.65,401.0,2026-11-19,Yes,247704.90777003483,Student,1
C102515,46.22862068965517,Male,Unknown,115368.58,Matric,21,18528.03,832.0,2026-11-20,No,340626.2,Business,0
C102516,42.0,Female,islamabad,152163.83,Bachelor,12,41651.6,700.0,2026-11-21,Yes,171575.83,Private,0
C102517,33.0,Female,islamabad,72145.18,Intermediate,5,20878.03,838.0,2026-11-22,Yes,280935.66,Unemployed,0
C102518,20.0,Female,faisalabad,112878.01,PhD,21,43592.8,433.0,2026-11-23,Yes,259240.05,Business,0
C102519,24.0,Female,rawalpindi,72495.1,PhD,14,34798.72,489.0,2026-11-24,No,178351.03,Private,0
C102520,56.0,Male,islamabad,102941.07,Bachelor,18,23258.96,813.0,2026-11-25,No,219720.81,Student,0
C102521,33.0,Female,faisalabad,58074.92,PhD,24,76019.0,723.0,2026-11-26,Yes,185263.85,Private,0
C102522,56.0,Female,islamabad,116750.56,Unknown,29,25143.51,515.0,2026-11-27,No,343442.32,Student,0
C102523,43.0,Female,Lahore,75079.83,PhD,1,37799.96,656.0,2026-11-28,Yes,362385.73,Government,0
C102524,39.0,Male,Unknown,80334.95,Matric,7,18845.42,780.0,2026-11-29,Yes,247704.90777003483,Government,0
C102525,50.0,Male,Lahore,143219.21,Intermediate,19,18182.09,722.0,2026-11-30,Yes,230551.19,Private,1
C102526,53.0,Male,faisalabad,116579.55,PhD,0,71272.51,555.0,2026-01-12,Yes,362998.84,Government,1
C102527,72.0,Female,islamabad,35895.93,Master,0,49747.72,663.0,2026-02-12,No,211628.61,Unemployed,0
C102528,52.0,Female,Lahore,85476.32999999999,Master,34,41000.6,445.0,2026-03-12,Yes,226001.28,Unemployed,0
C102529,38.0,Female,faisalabad,88746.28,Intermediate,31,58576.2,569.0,2026-04-12,No,240078.99,Student,0
C102530,32.0,Male,rawalpindi,87280.11,PhD,25,46116.97,610.0,2026-05-12,Yes,409136.48,Business,1
C102531,64.0,Female,islamabad,72594.03,PhD,4,8807.63,834.0,2026-06-12,Yes,237479.58,Government,1
C102532,20.0,Male,faisalabad,84999.8,Intermediate,17,32570.9,564.0,2026-07-12,Yes,187738.58,Private,0
C102533,62.0,Female,Unknown,101994.71,Bachelor,33,24921.03,479.0,2026-08-12,No,148220.46,Business,0
C102534,69.0,Female,islamabad,135032.09,Bachelor,23,31256.43,499.0,2026-09-12,Yes,230280.07,Government,0
C102535,35.0,Female,Lahore,54131.48,PhD,30,39701.64,500.0,2026-10-12,Yes,38731.19,Business,0
C102536,62.0,Female,Lahore,77528.76,Master,28,27981.03,675.0,2026-11-12,Yes,324940.67,Government,0
C102537,55.0,Male,Lahore,116081.2,Intermediate,3,39066.16,597.0,2026-12-12,Yes,182405.24,Business,0
C102538,57.0,Female,Lahore,132937.56,Master,21,17285.29,817.0,2026-12-13,Yes,-64044.26,Private,0
C102539,56.0,Female,rawalpindi,112321.76,Intermediate,16,44872.58,515.0,2026-12-14,Yes,81001.28,Government,0
C102540,46.22862068965517,Male,islamabad,39653.52,Bachelor,25,19742.82,651.0,2026-12-15,Yes,144484.69,Government,1
C102541,29.0,Female,faisalabad,69386.41,PhD,8,37633.86,311.0,2026-12-16,Yes,192198.13,Student,0
C102542,63.0,Male,faisalabad,52044.33,Intermediate,25,22605.93,760.0,2026-12-17,No,211211.68,Student,1
C102543,71.0,Female,faisalabad,94460.0,PhD,34,20633.59,586.0,2026-12-18,No,333459.38,Private,0
C102544,72.0,Female,faisalabad,121009.1,PhD,2,25320.23,361.0,2026-12-19,No,240207.15,Unemployed,0
C102545,21.0,Female,Lahore,41899.18,Bachelor,2,40327.13,624.0,2026-12-20,Yes,251183.74,Business,1
C102546,31.0,Female,karachi,19714.71,Bachelor,24,39095.3,322.0,2026-12-21,No,303082.52,Student,1
C102547,21.0,Female,islamabad,38804.68,PhD,31,58470.06,621.0,2026-12-22,Yes,146039.95,Business,0
C102548,64.0,Male,karachi,73142.93,PhD,0,18818.47,564.0,2026-12-23,Yes,240241.35,Government,0
C102549,49.0,Male,faisalabad,114537.7,Intermediate,7,29763.85,428.0,2026-12-24,Yes,220518.52,Private,1
C102550,66.0,Female,rawalpindi,60045.42,Master,10,66339.6,495.0,2026-12-25,Yes,420042.63,Private,0
C102551,35.0,Male,islamabad,44219.79,Matric,14,2169.4,343.0,2026-12-26,Yes,280948.7,Private,1
C102552,66.0,Female,rawalpindi,81163.94,Intermediate,6,16902.12,562.0,2026-12-27,No,313725.86,Government,1
C102553,49.0,Female,rawalpindi,71776.48,PhD,7,65311.04,322.0,2026-12-28,Yes,283047.33,Student,0
C102554,60.0,Female,rawalpindi,98215.2,PhD,5,23986.51,643.0,2026-12-29,Yes,357561.8,Government,0
C102555,34.0,Female,islamabad,124228.25,PhD,18,54799.23,691.0,2026-12-30,Yes,408734.86,Government,1
C102556,55.0,Male,Lahore,62081.36,Master,0,24816.29,827.0,2026-12-31,No,273001.27,Private,0
C102557,68.0,Female,faisalabad,91927.51,Bachelor,27,31050.71,558.0,2027-01-01,Yes,151874.58,Business,0
C102558,61.0,Male,faisalabad,54002.96,Intermediate,24,24587.14,604.0,2027-02-01,No,235358.04,Business,0
C102559,43.0,Female,Lahore,71342.14,PhD,1,48091.86,574.3770154373927,2027-03-01,Yes,85600.92,Unemployed,1
C102560,41.0,Female,faisalabad,52595.83,Master,13,34798.72,815.0,2027-04-01,Yes,41710.46,Business,0
C102561,24.0,Male,Lahore,73130.12,Matric,22,21150.39,804.0,2027-05-01,Yes,236168.25,Unemployed,0
C102562,62.0,Female,karachi,74325.1,Bachelor,13,51573.45,713.0,2027-06-01,Yes,304171.47,Business,0
C102563,33.0,Male,islamabad,96278.06,Master,29,39203.01,340.0,2027-07-01,Yes,202989.27,Unemployed,1
C102564,74.0,Male,karachi,84440.19,Matric,4,2186.73,499.0,2027-08-01,Yes,327392.35,Government,0
C102565,27.0,Male,islamabad,67778.08,Matric,32,22911.09,312.0,2027-09-01,Yes,502800.4,Private,0
C102566,64.0,Female,islamabad,53565.59,Matric,5,67068.9,370.0,2027-10-01,No,391205.89,Private,1
C102568,64.0,Female,faisalabad,87792.33,Bachelor,10,56450.55,461.0,2027-12-01,No,179802.1,Business,0
C102569,61.0,Male,rawalpindi,85476.32999999999,Intermediate,22,51228.85,574.3770154373927,2027-01-13,Yes,247565.3,Unemployed,0
C102570,71.0,Male,Lahore,118562.13,Master,22,20065.29,304.0,2027-01-14,Yes,-13982.44,Private,0
C102571,31.0,Female,karachi,85476.32999999999,PhD,6,32834.27,515.0,2027-01-15,Yes,240961.45,Unemployed,1
C102572,30.0,Female,islamabad,104033.29,Master,7,53461.1,735.0,2027-01-16,Yes,229442.94,Unemployed,0
C102573,29.0,Male,Lahore,114220.58,Intermediate,19,53250.87,342.0,2027-01-17,Yes,425237.27,Business,1
C102574,58.0,Male,karachi,67707.39,Bachelor,29,39912.13,613.0,2027-01-18,No,214426.01,Student,0
C102575,46.22862068965517,Male,rawalpindi,132000.98,Bachelor,29,20930.07,703.0,2027-01-19,Yes,218866.63,Student,0
C102576,47.0,Male,Lahore,193195.1,PhD,34,43299.41,417.0,2027-01-20,Yes,296985.0,Private,1
C102577,62.0,Male,islamabad,69059.94,Matric,32,56251.91,457.0,2027-01-21,Yes,301195.12,Government,0
C102578,73.0,Male,Lahore,99021.64,Matric,30,53902.33,638.0,2027-01-22,Yes,301726.64,Private,0
C102579,46.0,Female,faisalabad,85476.32999999999,Matric,23,33249.47,613.0,2027-01-23,Yes,121067.09,Student,0
C102580,67.0,Female,rawalpindi,69256.43,Matric,26,33914.53,703.0,2027-01-24,Yes,178208.36,Private,0
C102581,70.0,Male,karachi,87075.33,Intermediate,9,46406.47,595.0,2027-01-25,Yes,322370.15,Unemployed,1
C102582,40.0,Male,karachi,104049.31,PhD,0,47827.68,458.0,2027-01-26,Yes,263836.31,Business,0
C102583,42.0,Female,Lahore,71881.44,Intermediate,21,22170.82,347.0,2027-01-27,Yes,228548.89,Student,0
C102584,46.22862068965517,Male,rawalpindi,76949.35,Master,34,59043.72,564.0,2027-01-28,Yes,114296.82,Student,0
C102585,52.0,Female,islamabad,95654.56,Master,3,26123.78,416.0,2027-01-29,Yes,192937.21,Unemployed,0
C102586,38.0,Male,rawalpindi,124193.53,Master,2,12423.36,441.0,2027-01-30,Yes,363753.49,Student,0
C102587,21.0,Male,karachi,98464.41,Bachelor,10,23538.77,471.0,2027-01-31,No,496272.92,Student,1
C102588,50.0,Male,rawalpindi,53718.19,Matric,16,25756.28,513.0,2027-01-02,Yes,451437.97,Private,0
C102589,48.0,Female,islamabad,93963.89,Master,30,51545.36,637.0,2027-02-02,Yes,123307.61,Private,0
C102590,68.0,Male,Lahore,49572.99,Intermediate,26,32358.52,683.0,2027-03-02,Yes,357183.1,Unemployed,0
C102591,31.0,Female,Unknown,109411.06,Unknown,13,25801.38,818.0,2027-04-02,Yes,230518.88,Student,0
C102592,61.0,Male,islamabad,83614.68,Matric,10,43290.35,471.0,2027-05-02,Yes,54027.11,Unemployed,0
C102593,24.0,Female,karachi,74852.75,Matric,20,34798.72,306.0,2027-06-02,No,315698.61,Student,0
C102594,58.0,Female,islamabad,68497.72,Bachelor,10,35818.7,620.0,2027-07-02,Yes,279788.49,Government,0
C102595,38.0,Male,faisalabad,99508.73,Matric,5,34798.72,802.0,2027-08-02,Yes,308337.02,Government,0
C102596,61.0,Male,Lahore,92157.07,Bachelor,3,27583.64,662.0,2027-09-02,No,115231.21,Business,0
C102597,51.0,Female,karachi,94400.57,Bachelor,27,29541.87,760.0,2027-10-02,Yes,26109.79,Student,1
C102598,36.0,Male,Lahore,85476.32999999999,Intermediate,4,30555.01,735.0,2024-02-15,Yes,216758.02,Business,0
C102599,66.0,Male,karachi,80937.96,Intermediate,14,24704.37,649.0,2027-12-02,Yes,291460.43,Unemployed,0
C102600,62.0,Male,karachi,78476.16,Bachelor,18,33585.28,356.0,2027-02-13,Yes,337015.4,Government,0
C102601,36.0,Male,Lahore,85476.32999999999,Master,13,38249.74,558.0,2027-02-14,No,193987.01,Private,0
C102602,69.0,Male,faisalabad,88709.66,Bachelor,3,64996.7,740.0,2027-02-15,Yes,166126.97,Government,1
C102603,47.0,Male,islamabad,120049.84,Intermediate,16,22831.83,766.0,2027-02-16,No,212451.67,Government,0
C102604,46.22862068965517,Male,islamabad,58435.04,Bachelor,20,61849.55,638.0,2027-02-17,Yes,91490.66,Unemployed,0
C102605,56.0,Male,faisalabad,81899.31,Bachelor,8,42378.05,440.0,2027-02-18,Yes,247704.90777003483,Private,0
C102606,21.0,Male,islamabad,87849.49,Intermediate,0,7727.22,370.0,2027-02-19,Yes,278877.72,Government,0
C102607,18.0,Male,islamabad,79196.75,Master,16,27972.2,810.0,2027-02-20,Yes,208365.16,Student,0
C102608,47.0,Female,Lahore,72230.08,PhD,4,42830.35,598.0,2027-02-21,No,304435.75,Student,0
C102609,50.0,Female,islamabad,85647.21,Master,24,55309.21,769.0,2027-02-22,No,324214.04,Student,0
C102610,46.22862068965517,Male,islamabad,90710.76,Bachelor,27,38080.88,809.0,2027-02-23,No,296502.97,Private,0
C102611,52.0,Female,karachi,85476.32999999999,Intermediate,31,37888.12,611.0,2027-02-24,Yes,340636.72,Business,0
C102612,59.0,Male,rawalpindi,76510.51,Bachelor,14,43883.65,512.0,2027-02-25,Yes,338107.88,Government,0
C102613,24.0,Male,islamabad,75381.65,Bachelor,7,44881.56,502.0,2027-02-26,No,196651.21,Student,0
C102614,69.0,Male,karachi,57999.37,PhD,34,34798.72,465.0,2027-02-27,No,297056.5,Business,1
C102615,43.0,Male,islamabad,104768.32,Master,23,45581.63,650.0,2027-02-28,No,333178.26,Business,1
C102616,60.0,Female,faisalabad,129593.8,Bachelor,21,47898.21,592.0,2027-01-03,No,220823.06,Private,0
C102617,43.0,Male,karachi,97616.82,Intermediate,12,42309.68,574.3770154373927,2027-02-03,Yes,391197.31,Business,0
C102618,56.0,Female,faisalabad,64969.78,Master,31,32540.48,712.0,2027-03-03,Yes,342043.79,Private,1
C102619,60.0,Male,faisalabad,61497.1,Bachelor,16,25427.23,705.0,2027-04-03,Yes,364685.27,Government,1
C102620,26.0,Female,islamabad,56566.45,Intermediate,30,37501.02,393.0,2027-05-03,Y,88454.53,Business,0
C102621,35.0,Female,islamabad,87700.83,Master,28,29395.17,697.0,2027-06-03,No,86315.45,Unemployed,0
C102622,65.0,Male,rawalpindi,85476.32999999999,Bachelor,29,37033.32,392.0,2027-07-03,No,317245.1,Private,1
C102623,38.0,Female,rawalpindi,158651.69,Intermediate,12,57303.18,509.0,2027-08-03,No,430380.47,Business,1
C102624,30.0,Female,faisalabad,74270.73,Matric,28,61103.29,655.0,2027-09-03,Yes,311360.31,Business,0
C102625,21.0,Male,karachi,109402.62,Matric,29,38834.22,470.0,2027-10-03,Yes,211899.18,Student,0
C102626,26.0,Male,karachi,120391.99,Intermediate,22,34878.68,420.0,2027-11-03,No,283851.92,Government,0
C102627,32.0,Female,islamabad,59837.66,Matric,6,45315.59,659.0,2027-12-03,Yes,421860.8,Student,0
C102628,23.0,Male,faisalabad,103090.35,Bachelor,8,30144.07,594.0,2027-03-13,No,489108.65,Private,1
C102629,55.0,Male,karachi,62728.86,Master,3,33805.91,448.0,2027-03-14,Yes,312714.64,Government,0
C102630,56.0,Male,rawalpindi,101112.75,PhD,11,22653.08,800.0,2027-03-15,Yes,167311.0,Business,0
C102631,35.0,Female,karachi,52102.04,Master,2,31588.89,753.0,2027-03-16,Yes,334399.58,Private,0
C102632,60.0,Female,islamabad,26605.34,Bachelor,5,44233.65,507.0,2027-03-17,Yes,335789.61,Private,1
C102633,51.0,Female,Lahore,75985.22,Matric,21,45870.43,574.3770154373927,2027-03-18,Yes,315696.38,Unemployed,0
C102634,70.0,Male,faisalabad,94510.48,Matric,30,33275.39,518.0,2027-03-19,Yes,382644.77,Government,0
C102635,38.0,Male,faisalabad,101005.78,Intermediate,3,28283.84,422.0,2027-03-20,No,217311.52,Unemployed,0
C102636,67.0,Female,Unknown,90808.77,Master,3,48526.65,449.0,2027-03-21,Yes,102917.41,Business,0
C102637,51.0,Female,karachi,85476.32999999999,PhD,15,37076.88,714.0,2027-03-22,Yes,448010.75,Government,0
C102638,71.0,Female,Lahore,108427.81,Master,19,2229.73,580.0,2027-03-23,No,238267.93,Business,0
C102639,55.0,Female,Lahore,51084.13,Bachelor,8,58105.51,820.0,2027-03-24,Yes,72104.38,Government,1
C102640,74.0,Male,faisalabad,59380.98,Master,34,50797.26,603.0,2027-03-25,No,137471.89,Student,0
C102641,41.0,Female,Lahore,71487.62,PhD,12,52525.57,321.0,2027-03-26,Yes,472334.04,Unemployed,0
C102642,41.0,Male,karachi,75841.76,Matric,3,54755.83,302.0,2027-03-27,Yes,225865.52,Private,1
C102643,68.0,Female,islamabad,92119.57,Master,2,9806.54,537.0,2027-03-28,Yes,83605.18,Private,0
C102644,25.0,Female,rawalpindi,85476.32999999999,Bachelor,20,55637.55,417.0,2027-03-29,Yes,414353.1,Unemployed,1
C102645,18.0,Male,Lahore,86918.04,Matric,27,59028.31,744.0,2027-03-30,Yes,178092.8,Government,0
C102647,25.0,Male,faisalabad,62438.48,Bachelor,30,45802.89,842.0,2027-01-04,Yes,254106.59,Private,0
C102648,41.0,Male,faisalabad,80323.19,Matric,33,36881.54,830.0,2027-02-04,Yes,414728.55,Business,1
C102649,46.22862068965517,Female,faisalabad,90318.63,Matric,21,17320.66,769.0,2027-03-04,Yes,285008.1,Government,0
C102650,72.0,Male,faisalabad,69886.83,Matric,16,48386.43,544.0,2027-04-04,Yes,506545.71,Business,0
C102651,27.0,Male,faisalabad,119960.85,Bachelor,29,26109.99,681.0,2027-05-04,Yes,155723.57,Student,0
C102652,27.0,Female,Lahore,83364.05,Intermediate,11,29066.59,411.0,2027-06-04,Yes,-207501.65,Unemployed,0
C102653,34.0,Female,islamabad,79885.54,PhD,25,48528.14,734.0,2027-07-04,Yes,161508.0,Business,0
C102654,25.0,Female,Lahore,135945.84,Intermediate,27,31767.8,539.0,2027-08-04,Yes,245018.61,Business,0
C102655,31.0,Female,karachi,80440.41,PhD,25,31907.92,394.0,2027-09-04,No,218063.67,Unemployed,0
C102656,19.0,Female,islamabad,80301.19,PhD,10,40186.03,738.0,2027-10-04,Yes,238356.06,Student,0
C102657,64.0,Female,karachi,27419.68,Bachelor,30,34298.45,728.0,2027-11-04,No,191924.31,Government,0
C102658,58.0,Female,rawalpindi,76488.46,Master,21,33113.28,793.0,2027-12-04,No,378546.33,Government,1
C102659,32.0,Male,rawalpindi,57510.24,Bachelor,4,33229.74,403.0,2027-04-13,Yes,-11589.12,Government,0
C102660,54.0,Female,islamabad,81367.45,Bachelor,29,35974.08,480.0,2027-04-14,Yes,153388.84,Government,0
C102661,43.0,Male,faisalabad,102387.99,Matric,14,53558.1,702.0,2027-04-15,Yes,434838.7,Government,0
C102662,41.0,Female,karachi,12151.38,Master,27,39094.54,702.0,2027-04-16,Yes,243187.45,Unemployed,1
C102663,67.0,Male,Lahore,47528.25,Matric,1,40208.14,532.0,2027-04-17,Yes,250598.64,Business,1
C102664,26.0,Female,karachi,100863.06,Matric,25,49874.19,613.0,2027-04-18,No,144489.64,Student,0
C102665,45.0,Male,islamabad,65873.27,Matric,30,36913.85,730.0,2027-04-19,Yes,281432.86,Student,0
C102666,34.0,Female,karachi,55160.13,Bachelor,19,45445.64,545.0,2027-04-20,No,252360.66,Unemployed,0
C102667,68.0,Female,rawalpindi,85476.32999999999,Intermediate,25,34822.11,481.0,2027-04-21,Yes,391190.7,Student,1
C102668,23.0,Male,islamabad,44136.2,Master,32,45818.5,378.0,2027-04-22,No,320336.72,Student,0
C102669,52.0,Female,faisalabad,91743.91,PhD,7,34798.72,806.0,2027-04-23,Yes,149539.44,Private,0
C102670,51.0,Female,faisalabad,46434.41,Unknown,12,49458.79,463.0,2027-04-24,Yes,327563.59,Unemployed,0
C102671,63.0,Male,islamabad,80951.2,Matric,27,43007.7,534.0,2027-04-25,Yes,233372.88,Private,1
C102672,51.0,Female,faisalabad,64385.38,Matric,12,38287.32,557.0,2027-04-26,Yes,389196.65,Private,0
C102673,40.0,Female,islamabad,92943.5,Master,17,35653.6,435.0,2027-04-27,Yes,404758.32,Private,1
C102674,38.0,Male,karachi,103290.39,Matric,8,37189.68,800.0,2027-04-28,No,56271.07,Government,0
C102675,49.0,Female,faisalabad,9999999.0,Matric,14,27964.62,705.0,2027-04-29,Yes,233413.36,Business,0
C102676,2.0,Female,karachi,129906.1,Bachelor,8,42586.23,400.0,2027-04-30,Yes,137043.1,Business,0
C102677,19.0,Female,karachi,103953.88,Matric,28,33230.1,427.0,2027-01-05,Yes,210375.65,Unemployed,0
C102678,54.0,Male,rawalpindi,106900.13,Intermediate,3,16280.27,422.0,2027-02-05,Yes,75831.52,Government,1
C102679,56.0,Male,faisalabad,73309.93,Bachelor,1,31502.01,844.0,2027-03-05,Yes,347891.78,Private,0
C102680,47.0,Female,rawalpindi,85476.32999999999,Master,31,28348.07,533.0,2027-04-05,Yes,136156.55,Student,0
C102681,19.0,Female,rawalpindi,34826.0,PhD,15,17003.18,597.0,2027-05-05,No,288920.6,Unemployed,0
C102682,59.0,Female,islamabad,56133.18,Master,31,32620.04,387.0,2027-06-05,Yes,111585.0,Student,0
C102683,60.0,Female,karachi,101561.3,Intermediate,30,39119.65,485.0,2027-07-05,Yes,35198.98,Unemployed,0
C102684,24.0,Male,Lahore,86875.64,Bachelor,22,31614.98,619.0,2027-08-05,Yes,221450.41,Government,1
C102685,74.0,Male,islamabad,73518.97,Intermediate,27,24250.49,636.0,2027-09-05,No,387192.35,Private,1
C102686,38.0,Female,Lahore,155034.19,PhD,26,43966.56,308.0,2027-10-05,Yes,378134.8,Unemployed,0
C102687,72.0,Male,islamabad,43696.41,Intermediate,30,40475.24,572.0,2027-11-05,Yes,228277.19,Student,0
C102688,67.0,Female,faisalabad,106659.32,Bachelor,13,65785.15,639.0,2027-12-05,Yes,88554.22,Unemployed,0
C102689,53.0,Female,Lahore,100474.25,Bachelor,7,47988.89,664.0,2027-05-13,Yes,153545.3,Student,0
C102690,63.0,Female,faisalabad,61665.25,PhD,24,27033.3,344.0,2027-05-14,No,302242.75,Business,0
C102691,46.22862068965517,Male,Lahore,91444.76,PhD,21,36520.78,680.0,2027-05-15,Yes,169550.43,Business,0
C102692,35.0,Male,rawalpindi,72083.19,Master,30,34585.31,446.0,2027-05-16,Yes,248917.85,Private,0
C102693,31.0,Male,islamabad,85476.32999999999,PhD,5,14330.6,560.0,2027-05-17,Yes,235344.39,Student,0
C102694,38.0,Female,Lahore,49883.95,Master,8,29424.45,768.0,2027-05-18,No,206567.27,Unemployed,0
C102695,44.0,Female,Lahore,111781.82,PhD,24,10800.81,717.0,2027-05-19,Yes,377554.22,Government,0
C102696,27.0,Male,Lahore,89088.74,Intermediate,10,33363.28,554.0,2027-05-20,Yes,107965.03,Private,0
C102697,60.0,Male,karachi,99982.82,PhD,17,36305.67,836.0,2027-05-21,Yes,217288.56,Private,0
C102698,22.0,Male,Lahore,82668.58,Master,11,22512.15,574.3770154373927,2027-05-22,No,395003.95,Private,1
C102699,25.0,Male,islamabad,98475.69,Master,11,888888.0,699.0,2027-05-23,No,103131.72,Government,0
C102700,37.0,Male,islamabad,85476.32999999999,PhD,34,30719.59,755.0,2027-05-24,Yes,412598.51,Private,1
C102701,34.0,Male,rawalpindi,54440.76,Intermediate,17,51829.3,846.0,2027-05-25,Yes,272191.64,Business,0
C102702,68.0,Male,karachi,109105.1,Master,26,48346.7,565.0,2027-05-26,No,218669.25,Student,0
C102703,27.0,Male,islamabad,55062.67,Bachelor,2,45068.89,501.0,2024-02-15,No,443914.49,Student,0
C102704,32.0,Male,islamabad,82730.63,Intermediate,21,53269.52,358.0,2027-05-28,No,4509.68,Unemployed,0
C102705,46.22862068965517,Female,islamabad,74258.68,Intermediate,30,8276.86,562.0,2027-05-29,Yes,151278.82,Student,0
C102706,41.0,Male,rawalpindi,142936.3,Matric,21,41623.09,522.0,2027-05-30,No,139017.5,Unemployed,0
C102707,24.0,Female,Lahore,65669.69,PhD,17,24369.05,681.0,2027-05-31,No,203057.02,Unemployed,0
C102708,39.0,Female,karachi,85215.61,Master,24,41127.09,388.0,2027-01-06,Yes,38192.71,Unemployed,0
C102709,29.0,Male,Lahore,107292.31,Matric,34,36155.09,553.0,2027-02-06,No,356583.15,Student,0
C102710,31.0,Female,Lahore,95049.28,PhD,20,10210.52,540.0,2027-03-06,No,270859.0,Student,0
C102711,53.0,Male,islamabad,119062.17,Intermediate,24,34798.72,432.0,2027-04-06,Yes,323061.47,Private,0
C102712,27.0,Male,faisalabad,96859.49,Matric,22,38830.55,686.0,2027-05-06,Yes,358977.46,Student,0
C102713,72.0,Male,rawalpindi,110617.79,Matric,1,34634.3,730.0,2027-06-06,No,259026.13,Student,0
C102714,24.0,Male,rawalpindi,139556.12,Master,27,24193.65,686.0,2027-07-06,N,249705.45,Private,0
C102715,49.0,Male,rawalpindi,50465.84,Bachelor,9,21491.07,353.0,2027-08-06,Yes,208702.14,Unemployed,1
C102717,70.0,Male,rawalpindi,121192.87,Bachelor,5,37644.9,682.0,2027-10-06,Yes,73428.06,Student,0
C102718,22.0,Female,Lahore,25234.26,Matric,2,40822.12,784.0,2027-11-06,No,228859.33,Government,1
C102719,38.0,Male,faisalabad,129827.53,Master,30,9869.47,468.0,2027-12-06,No,278631.34,Government,0
C102720,44.0,Female,rawalpindi,115325.15,Unknown,6,66484.43,730.0,2027-06-13,Yes,209018.82,Student,0
C102721,58.0,Male,Lahore,85476.32999999999,Matric,7,6250.93,729.0,2027-06-14,Yes,138108.17,Student,1
C102722,28.0,Female,rawalpindi,117215.64,PhD,5,31301.94,512.0,2027-06-15,Yes,159650.64,Unemployed,0
C102723,37.0,Female,Lahore,79645.78,Bachelor,31,49112.06,434.0,2027-06-16,No,247704.90777003483,Government,0
C102724,36.0,Female,faisalabad,112098.84,Matric,0,34798.72,402.0,2027-06-17,Yes,200521.52,Business,1
C102725,47.0,Male,faisalabad,107369.95,Bachelor,31,33567.49,632.0,2027-06-18,No,426594.88,Private,1
C102726,32.0,Female,faisalabad,56964.77,Intermediate,5,27161.05,519.0,2027-06-19,Yes,346970.42,Student,0
C102727,26.0,Male,islamabad,90741.44,Bachelor,8,33948.51,503.0,2027-06-20,No,247704.90777003483,Government,1
C102728,19.0,Female,faisalabad,93129.14,Bachelor,23,53470.35,407.0,2027-06-21,No,220313.59,Private,1
C102729,61.0,Female,islamabad,60491.73,Master,9,14348.75,574.3770154373927,2027-06-22,Yes,371725.96,Private,1
C102730,68.0,Male,faisalabad,114235.58,Matric,2,38580.61,581.0,2027-06-23,Yes,118122.47,Private,0
C102731,32.0,Male,Lahore,52724.21,Master,5,19945.39,759.0,2027-06-24,Yes,499894.13,Student,1
C102732,64.0,Male,karachi,119322.04,PhD,3,9997.74,432.0,2027-06-25,Yes,124708.34,Government,0
C102733,44.0,Male,islamabad,141711.58,Intermediate,8,33090.7,708.0,2027-06-26,Yes,344898.16,Government,0
C102734,38.0,Female,faisalabad,84036.73,Matric,17,12703.35,346.0,2027-06-27,Yes,172524.8,Private,1
C102735,73.0,Male,karachi,82838.28,PhD,11,41781.07,438.0,2027-06-28,Yes,110832.82,Business,1
C102736,52.0,Male,Lahore,77213.53,PhD,26,34448.93,692.0,2027-06-29,Yes,116301.28,Private,0
C102737,44.0,Female,karachi,78191.61,Master,21,51521.53,574.3770154373927,2027-06-30,Yes,326481.38,Business,0
C102738,59.0,Female,faisalabad,59799.02,Intermediate,28,44234.84,526.0,2027-01-07,Yes,278914.63,Unemployed,0
C102739,69.0,Male,rawalpindi,88405.64,Bachelor,31,27855.67,677.0,2027-02-07,No,198041.15,Government,1
C102740,59.0,Female,islamabad,65135.95,Bachelor,16,34798.72,537.0,2027-03-07,Yes,55209.05,Unemployed,0
C102741,66.0,Male,Lahore,85202.73,Master,31,53882.25,572.0,2027-04-07,Yes,225009.72,Private,0
C102742,72.0,Male,karachi,59134.89,Bachelor,10,40390.54,378.0,2027-05-07,No,184460.5,Government,0
C102743,46.0,Female,islamabad,90205.68,Master,34,44300.05,650.0,2027-06-07,No,342756.07,Government,0
C102744,51.0,Male,rawalpindi,69298.47,Bachelor,9,40308.34,434.0,2027-07-07,Yes,255449.95,Business,0
C102745,25.0,Female,islamabad,85476.32999999999,PhD,15,42553.53,685.0,2027-08-07,No,191963.85,Unemployed,0
C102746,24.0,Female,islamabad,59422.7,PhD,27,39663.44,526.0,2027-09-07,Yes,431256.24,Business,0
C102747,28.0,Male,islamabad,85476.32999999999,Intermediate,20,42740.81,841.0,2027-10-07,No,395338.94,Student,0
C102748,51.0,Female,Lahore,43721.12,Master,15,57531.96,782.0,2027-11-07,Yes,475850.69,Business,1
C102749,42.0,Female,rawalpindi,99397.45,Intermediate,2,10563.73,635.0,2027-12-07,Yes,-36786.8,Student,0
C102750,70.0,Male,karachi,86546.33,Master,23,28514.32,321.0,2027-07-13,No,365947.22,Unemployed,1
C102751,42.0,Male,islamabad,111614.72,Bachelor,16,47641.99,668.0,2027-07-14,No,195090.18,Business,0
C102752,65.0,Female,Lahore,85476.32999999999,Intermediate,4,14116.64,624.0,2027-07-15,Yes,282118.67,Business,0
C102753,61.0,Female,rawalpindi,54594.51,Master,19,22462.88,795.0,2027-07-16,No,383618.3,Student,0
C102754,70.0,Female,faisalabad,94807.12,Bachelor,10,39800.13,413.0,2027-07-17,Yes,181031.85,Student,0
C102755,60.0,Female,faisalabad,84308.89,Master,11,54877.66,812.0,2027-07-18,Yes,91693.89,Business,0
C102756,57.0,Female,rawalpindi,71182.86,Intermediate,3,40892.71,681.0,2027-07-19,No,146835.0,Student,0
C102757,22.0,Male,Unknown,49383.48,PhD,22,41832.01,616.0,2027-07-20,Yes,255749.13,Unemployed,0
C102758,35.0,Male,karachi,85476.32999999999,Intermediate,24,42718.76,757.0,2027-07-21,Yes,391955.7,Student,0
C102759,38.0,Female,rawalpindi,114408.64,Matric,12,31267.35,803.0,2027-07-22,Yes,362336.3,Student,0
C102760,42.0,Male,rawalpindi,68414.72,Matric,15,27651.31,735.0,2027-07-23,Yes,309754.25,Private,0
C102761,20.0,Female,rawalpindi,96999.49,PhD,29,17898.92,598.0,2027-07-24,Yes,86821.85,Government,0
C102762,22.0,Female,islamabad,92817.99,PhD,10,17053.09,680.0,2027-07-25,Yes,165877.49,Student,0
C102763,30.0,Male,Lahore,69695.72,Master,1,34798.72,529.0,2027-07-26,Yes,32730.07,Student,1
C102764,64.0,Male,Lahore,85476.32999999999,Bachelor,18,37459.32,843.0,2027-07-27,Yes,174121.65,Government,0
C102765,72.0,Female,islamabad,64157.13,Matric,0,47388.9,435.0,2027-07-28,Yes,271838.68,Unemployed,0
C102766,72.0,Female,karachi,61649.2,Bachelor,17,55203.38,476.0,2027-07-29,Yes,307277.1,Business,0
C102767,33.0,Male,faisalabad,67709.41,Intermediate,20,39561.76,588.0,2027-07-30,No,318820.58,Unemployed,0
C102768,44.0,Male,rawalpindi,107344.74,Master,29,15692.44,433.0,2027-07-31,Yes,590325.34,Unemployed,1
C102769,24.0,Male,islamabad,48584.66,Master,22,45641.87,845.0,2027-01-08,Yes,108575.65,Business,0
C102770,35.0,Female,Lahore,115993.56,PhD,15,34798.72,840.0,2027-02-08,Yes,210447.03,Student,1
C102771,57.0,Male,rawalpindi,101675.59,Bachelor,18,17958.26,319.0,2027-03-08,Yes,366413.27,Unemployed,1
C102772,48.0,Male,karachi,155931.04,PhD,8,38071.27,574.3770154373927,2027-04-08,No,272737.1,Business,0
C102773,23.0,Male,faisalabad,103458.41,Bachelor,24,50287.13,751.0,2027-05-08,Yes,499596.82,Student,1
C102774,23.0,Male,karachi,77035.96,PhD,0,16132.94,384.0,2027-06-08,Yes,99062.7,Unemployed,0
C102775,70.0,Female,karachi,85476.32999999999,PhD,7,43846.86,483.0,2027-07-08,No,363829.55,Business,1
C102776,30.0,Male,islamabad,85476.32999999999,PhD,20,49539.85,359.0,2027-08-08,Yes,268666.07,Private,0
C102777,53.0,Female,faisalabad,72233.77,Matric,9,26216.02,823.0,2027-09-08,Yes,420954.43,Government,0
C102778,54.0,Male,faisalabad,113916.1,Matric,13,45758.89,835.0,2027-10-08,Yes,171680.12,Business,0
C102779,57.0,Male,faisalabad,79019.72,Master,14,44517.71,596.0,2027-11-08,No,247704.90777003483,Private,1
C102780,49.0,Female,faisalabad,91525.98,PhD,0,26517.27,748.0,2027-12-08,No,272587.83,Private,0
C102781,49.0,Male,rawalpindi,77209.55,PhD,12,32030.58,477.0,2027-08-13,No,391076.81,Government,0
C102782,33.0,Male,rawalpindi,9644.39,Master,27,45860.5,560.0,2027-08-14,Yes,195008.35,Business,0
C102783,38.0,Female,islamabad,85476.32999999999,Master,2,35409.32,624.0,2027-08-15,No,271575.97,Student,0
C102784,71.0,Male,faisalabad,53068.98,Master,11,34798.72,668.0,2027-08-16,Yes,60626.54,Student,0
C102785,19.0,Male,rawalpindi,122248.94,Bachelor,9,44512.49,840.0,2027-08-17,No,264890.14,Government,0
C102786,26.0,Female,Lahore,103793.76,Intermediate,28,50374.81,750.0,2027-08-18,No,444949.26,Private,0
C102787,34.0,Female,karachi,75318.51,Master,30,23203.38,595.0,2027-08-19,Yes,47917.2,Government,0
C102788,57.0,Male,islamabad,40417.9,Master,33,36463.41,689.0,2027-08-20,No,302273.01,Private,0
C102789,21.0,Female,Lahore,27507.09,Matric,22,18982.72,333.0,2027-08-21,Yes,290019.74,Private,1
C102790,43.0,Male,Lahore,123008.97,Master,34,33087.88,690.0,2027-08-22,Yes,213374.4,Unemployed,0
C102791,61.0,Female,rawalpindi,76209.95,Master,10,16335.26,353.0,2027-08-23,Yes,247704.90777003483,Student,1
C102792,25.0,Female,karachi,52907.7,Bachelor,13,31041.55,375.0,2027-08-24,Yes,313683.42,Business,0
C102793,42.0,Female,rawalpindi,85476.32999999999,PhD,27,42839.19,534.0,2027-08-25,Yes,-9440.01,Government,1
C102794,45.0,Male,rawalpindi,82990.59,Matric,8,32558.08,325.0,2027-08-26,No,92212.59,Government,0
C102795,56.0,Male,islamabad,75233.16,Bachelor,14,34798.72,782.0,2027-08-27,Yes,342129.66,Business,0
C102796,31.0,Female,islamabad,60973.28,Matric,2,53541.98,849.0,2027-08-28,No,376353.19,Government,1
C102797,65.0,Male,islamabad,128332.53,Matric,3,291.86,628.0,2027-08-29,Yes,339725.73,Unemployed,0
C102798,67.0,Female,Lahore,111194.47,PhD,26,33547.04,516.0,2027-08-30,Yes,311437.33,Government,1
C102799,34.0,Male,karachi,60271.88,Matric,4,31377.86,548.0,2027-08-31,Yes,366283.3,Government,0
C102800,51.0,Male,Lahore,107972.18,Master,0,32651.2,635.0,2027-01-09,Yes,-109168.42,Private,0
C102801,67.0,Male,faisalabad,103828.52,Intermediate,2,28116.86,362.0,2027-02-09,Yes,126076.8,Private,0
C102802,44.0,Female,islamabad,132953.04,Bachelor,3,54958.07,664.0,2027-03-09,No,237122.61,Business,0
C102804,50.0,Male,Lahore,114569.48,Master,9,27616.54,380.0,2027-05-09,Yes,213741.61,Government,1
C102805,48.0,Male,Unknown,132189.47,PhD,13,23485.65,631.0,2027-06-09,No,254965.78,Business,1
C102806,70.0,Female,Lahore,104274.7,Matric,9,45995.17,634.0,2027-07-09,Yes,207041.77,Government,0
C102807,62.0,Male,Lahore,79914.56,Matric,5,23405.98,594.0,2027-08-09,No,245389.84,Business,0
C102808,25.0,Male,faisalabad,37746.74,Bachelor,7,46623.48,524.0,2027-09-09,Yes,145622.84,Business,0
C102809,60.0,Female,rawalpindi,126669.68,Bachelor,13,31785.43,579.0,2027-10-09,No,208315.67,Business,0
C102810,60.0,Female,rawalpindi,38524.95,Master,5,55760.72,378.0,2027-11-09,Yes,297501.09,Private,0
C102811,55.0,Male,Lahore,108469.33,PhD,30,44494.89,763.0,2027-12-09,No,247751.11,Unemployed,0
C102812,51.0,Male,Lahore,100660.9,PhD,24,19263.15,805.0,2027-09-13,Yes,203746.89,Student,0
C102813,50.0,Female,karachi,108980.51,Intermediate,33,34798.72,758.0,2027-09-14,No,284130.61,Student,0
C102814,45.0,Male,rawalpindi,118233.27,Bachelor,12,19266.06,781.0,2027-09-15,Yes,345024.89,Private,0
C102815,30.0,Female,karachi,41594.13,Master,18,5950.08,775.0,2027-09-16,Yes,98395.59,Government,1
C102816,63.0,Female,faisalabad,82396.66,Matric,21,43312.92,521.0,2027-09-17,Yes,239938.3,Student,1
C102817,31.0,Female,islamabad,86465.08,PhD,27,36619.51,788.0,2027-09-18,Yes,169933.27,Student,0
C102818,52.0,Male,karachi,137271.86,PhD,18,34664.58,762.0,2027-09-19,Yes,295852.16,Government,0
C102819,18.0,Female,Lahore,30838.37,PhD,21,62831.43,338.0,2027-09-20,No,249298.54,Private,0
C102820,38.0,Female,Lahore,53714.25,PhD,9,22915.8,364.0,2027-09-21,Yes,298312.26,Government,0
C102821,43.0,Female,islamabad,80977.3,Bachelor,0,49011.15,706.0,2027-09-22,Yes,314667.7,Business,0
C102822,52.0,Male,karachi,88441.01,Bachelor,32,30283.11,434.0,2027-09-23,No,169016.21,Student,0
C102823,33.0,Male,faisalabad,134919.13,Master,17,54927.86,724.0,2027-09-24,No,269314.88,Student,0
C102824,52.0,Male,Lahore,50446.25,Matric,25,33702.73,587.0,2027-09-25,No,54350.54,Private,0
C102825,31.0,Male,islamabad,46383.77,Master,17,33451.0,306.0,2027-09-26,Yes,156516.44,Private,0
C102826,60.0,Male,rawalpindi,85476.32999999999,Intermediate,25,47582.02,644.0,2027-09-27,Yes,156869.95,Student,0
C102827,54.0,Male,rawalpindi,88044.77,Bachelor,32,3006.09,391.0,2027-09-28,Yes,119103.45,Private,0
C102828,64.0,Male,faisalabad,33112.58,Master,23,26081.44,476.0,2027-09-29,Yes,534370.48,Private,1
C102829,26.0,Male,Lahore,70431.32,PhD,31,47451.36,597.0,2027-09-30,Yes,17958.89,Business,0
C102830,45.0,Male,karachi,99535.02,Bachelor,11,46105.0,761.0,2027-01-10,Yes,310886.43,Student,0
C102831,31.0,Male,islamabad,123928.65,PhD,30,15947.88,338.0,2027-02-10,Yes,156046.66,Government,1
C102832,68.0,Male,karachi,35031.13,Intermediate,12,52490.81,596.0,2027-03-10,Yes,179210.11,Unemployed,0
C102833,60.0,Female,rawalpindi,139861.93,Intermediate,16,22100.67,602.0,2027-04-10,No,423053.81,Private,0
C102834,67.0,Male,rawalpindi,73425.25,PhD,18,29137.8,550.0,2027-05-10,No,247704.90777003483,Private,0
C102835,40.0,Male,Lahore,61489.74,Master,30,39463.63,310.0,2027-06-10,Yes,60334.64,Business,0
C102836,21.0,Female,Lahore,107988.53,Bachelor,7,30994.29,353.0,2027-07-10,No,353091.34,Unemployed,1
C102837,61.0,Female,rawalpindi,130959.88,Intermediate,18,37302.37,463.0,2027-08-10,Yes,297086.04,Student,1
C102838,58.0,Female,rawalpindi,62041.28,PhD,14,26576.42,558.0,2027-09-10,No,126856.13,Student,0
C102839,28.0,Male,islamabad,96846.51,Intermediate,0,15745.72,683.0,2027-10-10,Yes,120302.09,Private,1
C102840,28.0,Female,faisalabad,52486.86,Bachelor,7,50811.08,673.0,2027-11-10,Yes,295167.8,Student,0
C102841,39.0,Female,Lahore,12463.45,Intermediate,21,40869.11,328.0,2027-12-10,No,-15858.74,Unemployed,1
C102842,62.0,Male,islamabad,116065.68,Matric,3,57398.46,691.0,2027-10-13,No,212361.55,Student,1
C102843,53.0,Male,faisalabad,99467.18,Bachelor,0,18121.52,509.0,2027-10-14,Yes,63976.01,Student,1
C102844,44.0,Male,karachi,104651.42,Unknown,19,34798.72,380.0,2027-10-15,No,210362.51,Private,0
C102845,51.0,Female,faisalabad,72439.09,Master,26,4465.04,685.0,2027-10-16,Yes,273064.79,Private,0
C102846,46.22862068965517,Male,rawalpindi,78675.85,Matric,34,55505.37,671.0,2027-10-17,Yes,252468.95,Private,0
C102847,34.0,Female,rawalpindi,34623.83,Master,4,42767.99,355.0,2027-10-18,Yes,282551.86,Student,1
C102848,74.0,Male,rawalpindi,114218.55,Matric,3,26416.23,717.0,2027-10-19,Yes,127602.85,Government,0
C102849,74.0,Male,karachi,99641.48,Bachelor,7,9951.23,608.0,2027-10-20,Yes,187801.0,Business,1
C102850,73.0,Female,karachi,75708.63,Master,11,49848.55,467.0,2027-10-21,Yes,344753.02,Government,0
C102851,40.0,Female,rawalpindi,92742.87,Intermediate,34,41692.79,837.0,2027-10-22,Yes,221210.0,Unemployed,0
C102852,73.0,Male,karachi,106115.1,Intermediate,13,38466.7,703.0,2027-10-23,Yes,151870.38,Unemployed,0
C102853,54.0,Male,karachi,85476.32999999999,Master,14,35024.34,562.0,2027-10-24,Yes,402835.03,Student,1
C102854,25.0,Male,Unknown,94846.51,Intermediate,3,22201.32,792.0,2027-10-25,Yes,207281.66,Business,0
C102855,27.0,Male,Unknown,74554.29,PhD,4,22606.43,692.0,2027-10-26,No,208049.46,Student,1
C102856,40.0,Male,islamabad,95421.6,PhD,12,32099.39,717.0,2027-10-27,No,138444.84,Student,0
C102857,27.0,Female,rawalpindi,173850.83,Matric,32,13626.58,317.0,2027-10-28,Yes,305036.75,Unemployed,0
C102858,37.0,Male,faisalabad,69305.97,Intermediate,27,43608.45,357.0,2027-10-29,Yes,289108.27,Business,0
C102859,18.0,Male,karachi,118262.7,PhD,22,51714.99,537.0,2027-10-30,No,190177.48,Student,0
C102860,28.0,Male,Lahore,131531.92,Master,0,23510.28,688.0,2027-10-31,Yes,430646.81,Student,0
C102861,31.0,Male,Lahore,45925.06,Intermediate,0,21971.34,556.0,2027-01-11,Yes,406618.2,Private,1
C102862,32.0,Female,islamabad,96657.01,Master,29,51305.17,649.0,2027-02-11,Yes,174914.49,Government,0
C102863,29.0,Male,rawalpindi,70935.16,Unknown,1,27202.44,637.0,2027-03-11,Yes,247704.90777003483,Government,1
C102864,55.0,Male,islamabad,75784.38,Bachelor,26,29135.75,847.0,2027-04-11,No,191911.82,Government,0
C102865,63.0,Female,faisalabad,108456.19,Matric,2,32149.24,765.0,2027-05-11,Yes,259037.15,Private,0
C102866,54.0,Male,islamabad,109234.04,Matric,18,41272.15,774.0,2027-06-11,Yes,200388.97,Private,0
C102867,28.0,Female,faisalabad,133987.5,Bachelor,32,52850.34,491.0,2027-07-11,No,474465.13,Student,1
C102868,61.0,Male,islamabad,103517.5,Intermediate,22,40957.66,481.0,2027-08-11,No,164252.97,Unemployed,0
C102869,39.0,Female,Lahore,101768.51,Matric,33,28682.21,788.0,2027-09-11,Yes,366845.96,Private,0
C102870,43.0,Female,faisalabad,93406.5,Intermediate,16,44260.76,563.0,2027-10-11,Yes,346512.22,Private,0
C102871,70.0,Female,karachi,67322.08,Intermediate,34,19323.33,594.0,2027-11-11,Yes,340241.79,Private,1
C102872,35.0,Female,karachi,64661.54,PhD,6,18330.13,370.0,2027-12-11,Yes,167273.25,Business,0
C102873,39.0,Male,karachi,95082.15,Intermediate,10,54308.51,812.0,2027-11-13,No,390513.66,Business,0
C102874,43.0,Male,rawalpindi,29989.41,Master,13,30434.57,618.0,2027-11-14,Yes,335585.56,Government,0
C102875,27.0,Male,rawalpindi,98856.19,Matric,11,31569.01,344.0,2027-11-15,Yes,285605.9,Government,0
C102876,48.0,Male,faisalabad,76255.83,Bachelor,28,57956.85,626.0,2027-11-16,No,280581.1,Unemployed,1
C102877,68.0,Female,karachi,75008.85,Intermediate,29,23092.11,664.0,2027-11-17,Yes,350398.07,Private,0
C102878,46.0,Female,karachi,76142.74,Intermediate,34,47860.62,547.0,2027-11-18,Yes,215903.94,Private,0
C102879,27.0,Male,islamabad,107125.33,Intermediate,25,22973.91,719.0,2027-11-19,Yes,395252.69,Student,0
C102880,22.0,Female,karachi,8177.06,PhD,16,39457.48,698.0,2027-11-20,No,274097.28,Private,0
C102881,46.22862068965517,Male,islamabad,92124.19,PhD,12,34798.72,712.0,2027-11-21,No,351027.62,Student,0
C102882,49.0,Male,Lahore,87205.75,Matric,7,14846.36,675.0,2027-11-22,Yes,356685.88,Unemployed,0
C102883,72.0,Female,islamabad,36491.8,Matric,5,48349.66,519.0,2027-11-23,Yes,316750.48,Private,0
C102884,31.0,Female,Lahore,79362.71,Bachelor,20,27059.65,631.0,2027-11-24,No,207629.88,Private,0
C102885,29.0,Female,faisalabad,58967.52,PhD,34,34798.72,489.0,2027-11-25,No,282010.35,Private,1
C102886,59.0,Female,Lahore,85476.32999999999,Master,32,52381.38,619.0,2027-11-26,Yes,50572.61,Unemployed,0
C102887,32.0,Male,islamabad,107921.88,Intermediate,11,29768.07,575.0,2027-11-27,Yes,154132.7,Unemployed,0
C102888,51.0,Male,islamabad,32239.94,Bachelor,19,58036.42,550.0,2027-11-28,Yes,252019.08,Student,0
C102889,46.22862068965517,Female,faisalabad,37942.72,Master,22,64097.45,374.0,2027-11-29,No,282155.86,Unemployed,1
C102890,46.22862068965517,Female,karachi,123982.26,PhD,30,38213.15,762.0,2027-11-30,No,216330.43,Government,0
C102891,37.0,Female,rawalpindi,23552.88,Bachelor,16,36143.08,607.0,2027-01-12,Yes,369312.15,Business,0
C102892,28.0,Male,rawalpindi,67781.62,Intermediate,27,45844.08,646.0,2027-02-12,No,294151.28,Government,0
C102893,25.0,Male,faisalabad,124921.45,Unknown,15,32065.03,428.0,2027-03-12,No,54861.53,Business,0
C102894,72.0,Male,faisalabad,85428.84,Master,31,48719.51,346.0,2027-04-12,Yes,336981.89,Government,1
C102895,46.0,Female,islamabad,86615.53,PhD,2,32636.98,644.0,2027-05-12,Yes,276072.04,Business,0
C102896,25.0,Male,rawalpindi,121798.02,Bachelor,32,65989.0,669.0,2027-06-12,Yes,389312.32,Private,0
C102897,18.0,Female,Lahore,105582.64,Matric,1,49027.35,377.0,2027-07-12,No,414545.95,Government,0
C102898,50.0,Female,islamabad,114680.22,Bachelor,32,21703.23,724.0,2027-08-12,Yes,247704.90777003483,Unemployed,1
C102899,31.0,Male,islamabad,57126.08,Master,33,44482.36,557.0,2027-09-12,Yes,326949.9,Unemployed,0
C102900,68.0,Female,faisalabad,58061.54,Matric,8,48282.7,303.0,2027-10-12,No,391850.29,Business,0
C102901,53.0,Male,rawalpindi,85273.89,Bachelor,33,34798.72,603.0,2027-11-12,Yes,125716.32,Business,0
C102902,47.0,Female,islamabad,155977.83,Unknown,34,50891.25,525.0,2027-12-12,Yes,412029.07,Student,0
C102903,73.0,Male,Lahore,55874.9,Matric,15,46722.25,611.0,2027-12-13,Yes,428593.94,Business,0
C102904,27.0,Male,Unknown,81582.23,Intermediate,8,25967.63,580.0,2027-12-14,Yes,410634.96,Student,1
C102905,21.0,Female,Lahore,94493.13,Master,13,14753.49,364.0,2027-12-15,Yes,231534.62,Business,1
C102906,29.0,Male,rawalpindi,88035.15,Matric,25,30750.18,342.0,2027-12-16,Yes,247704.90777003483,Government,0
C102907,23.0,Female,rawalpindi,67323.78,Master,32,62549.56,794.0,2027-12-17,Yes,382537.97,Student,1
C102908,49.0,Male,Lahore,95907.87,PhD,6,34798.72,424.0,2027-12-18,Yes,182464.14,Unemployed,1
C102909,44.0,Male,islamabad,67215.2,Master,0,28055.56,555.0,2027-12-19,Yes,247704.90777003483,Government,0
C102910,48.0,Male,faisalabad,93034.76,PhD,19,35630.1,710.0,2027-12-20,No,292481.3,Student,0
C102911,64.0,Female,karachi,54062.63,Matric,25,16696.17,616.0,2027-12-21,Yes,630124.85,Business,0
C102912,50.0,Female,rawalpindi,78627.36,Master,0,39419.56,697.0,2027-12-22,Yes,34684.12,Private,1
C102913,27.0,Female,Lahore,86930.8,Master,21,34798.72,405.0,2027-12-23,Yes,60776.83,Student,0
C102914,20.0,Female,rawalpindi,35785.94,Unknown,6,41351.02,421.0,2027-12-24,Yes,139512.87,Government,0
C102915,50.0,Female,faisalabad,58627.91,Master,17,47379.51,566.0,2027-12-25,Yes,227026.72,Unemployed,0
C102916,22.0,Male,Lahore,138723.17,Unknown,27,34798.72,490.0,2027-12-26,Yes,187511.59,Business,0
C102917,37.0,Female,faisalabad,83649.69,Matric,31,28849.36,395.0,2027-12-27,No,229178.26,Government,0
C102918,50.0,Male,karachi,98595.19,PhD,1,30030.17,616.0,2027-12-28,Yes,247704.90777003483,Private,1
C102919,44.0,Female,karachi,120034.83,Matric,13,47721.18,472.0,2027-12-29,Yes,173016.53,Business,0
C102920,65.0,Female,rawalpindi,103433.81,Matric,13,9993.85,327.0,2027-12-30,Yes,258612.59,Unemployed,0
C102921,26.0,Male,Lahore,65726.51,PhD,22,26309.86,353.0,2027-12-31,Yes,437656.79,Student,1
C102922,62.0,Male,karachi,98335.72,PhD,10,30833.71,661.0,2028-01-01,Yes,257351.96,Unemployed,1
C102923,66.0,Female,faisalabad,109854.24,Matric,23,72474.54,417.0,2028-02-01,Yes,-5517.08,Private,0
C102924,42.0,Female,rawalpindi,101955.94,Intermediate,1,49172.55,625.0,2028-03-01,Yes,185668.17,Unemployed,1
C102925,41.0,Male,Lahore,53996.1,Bachelor,25,8496.41,540.0,2028-04-01,Yes,236889.83,Unemployed,0
C102926,40.0,Female,islamabad,67019.27,PhD,13,33381.94,388.0,2028-05-01,Yes,252859.67,Government,0
C102927,19.0,Female,islamabad,51877.22,Bachelor,10,38813.88,641.0,2028-06-01,Yes,386456.13,Government,0
C102928,46.0,Male,rawalpindi,64800.66,PhD,30,27487.57,383.0,2028-07-01,Yes,320587.8,Student,0
C102929,52.0,Male,karachi,38463.92,Matric,26,26170.55,729.0,2028-08-01,Yes,29018.8,Unemployed,0
C102930,31.0,Female,islamabad,69342.33,Intermediate,27,48236.63,820.0,2028-09-01,Yes,204862.29,Student,0
C102931,32.0,Female,karachi,156178.34,Matric,16,20964.2,523.0,2028-10-01,Yes,247704.90777003483,Business,0
C102932,36.0,Male,karachi,94066.22,Bachelor,28,41850.43,615.0,2028-11-01,No,331087.25,Government,0
C102933,61.0,Male,Lahore,107563.72,Master,7,25749.41,624.0,2028-12-01,No,16092.35,Private,0
C102934,74.0,Male,karachi,71753.0,Bachelor,7,25897.5,613.0,2025-06-15,No,444756.2,Private,0
C102935,18.0,Male,islamabad,49212.93,Bachelor,23,34317.21,466.0,2028-01-14,Yes,304691.75,Private,0
C102936,18.0,Male,rawalpindi,85342.0,Bachelor,24,5692.78,712.0,2028-01-15,Yes,196180.77,Government,0
C102937,41.0,Female,Lahore,14545.28,Matric,0,39286.53,738.0,2028-01-16,Yes,85446.32,Private,1
C102938,34.0,Female,karachi,71493.42,Bachelor,30,20626.08,400.0,2028-01-17,No,171623.0,Business,0
C102939,54.0,Male,karachi,94235.51,Matric,13,18165.95,710.0,2028-01-18,Yes,258195.11,Private,0
C102940,34.0,Male,karachi,137034.95,Matric,10,39673.72,362.0,2028-01-19,Yes,228071.55,Student,0
C102941,36.0,Male,Lahore,73184.14,Bachelor,17,15785.01,735.0,2028-01-20,Yes,254869.01,Unemployed,0
C102942,42.0,Female,faisalabad,144000.74,Matric,4,54249.62,488.0,2028-01-21,Yes,155602.26,Student,1
C102943,39.0,Female,islamabad,62033.28,PhD,5,37192.93,323.0,2023-12-04,Yes,323003.37,Private,0
C102944,53.0,Female,faisalabad,121963.44,Matric,4,27024.24,769.0,2028-01-23,Yes,129210.1,Unemployed,0
C102945,40.0,Male,rawalpindi,54382.56,Bachelor,9,61550.33,684.0,2028-01-24,Yes,500461.94,Student,0
C102946,27.0,Male,karachi,78124.13,Unknown,33,36917.0,414.0,2028-01-25,No,121273.84,Unemployed,1
C102947,56.0,Female,karachi,78923.8,Bachelor,23,30899.49,840.0,2028-01-26,Yes,123032.78,Business,0
C102948,33.0,Female,islamabad,80964.02,Matric,32,42174.64,340.0,2028-01-27,No,434831.48,Business,1
C102949,70.0,Male,karachi,56901.06,Matric,5,34798.72,643.0,2028-01-28,Yes,246601.47,Student,0
C102950,38.0,Male,karachi,88954.77,Bachelor,29,30492.39,497.0,2028-01-29,Yes,438213.07,Unemployed,1
C102951,70.0,Female,karachi,51952.22,Intermediate,9,38793.95,625.0,2028-01-30,Yes,348627.95,Business,0
C102952,20.0,Female,Lahore,83888.83,PhD,31,42698.4,368.0,2028-01-31,Yes,21425.04,Student,0
C102953,30.0,Male,rawalpindi,91379.86,PhD,10,31732.53,568.0,2028-01-02,N,331044.01,Unemployed,1
C102954,69.0,Female,rawalpindi,117839.09,Unknown,3,32593.27,566.0,2028-02-02,Yes,262680.34,Unemployed,0
C102955,49.0,Female,rawalpindi,68452.88,Intermediate,22,38978.2,324.0,2028-03-02,Yes,239557.37,Private,0
C102956,56.0,Female,Lahore,85755.81,Matric,19,43085.91,453.0,2028-04-02,Yes,41189.9,Private,1
C102957,43.0,Male,islamabad,44667.59,Matric,27,51340.21,489.0,2028-05-02,Yes,263809.59,Student,1
C102958,31.0,Male,faisalabad,119361.05,PhD,27,26822.49,300.0,2028-06-02,No,350936.17,Student,1
C102959,30.0,Female,islamabad,123819.11,Intermediate,4,27337.66,618.0,2028-07-02,Yes,467417.42,Private,0
C102960,39.0,Male,Lahore,69001.89,Matric,34,11383.53,763.0,2028-08-02,No,123817.04,Government,0
C102961,56.0,Male,karachi,120284.33,Intermediate,19,57756.7,768.0,2028-09-02,Yes,304594.32,Government,0
C102962,42.0,Female,rawalpindi,103136.59,PhD,29,35804.91,508.0,2028-10-02,Yes,224591.9,Private,0
C102963,66.0,Male,karachi,95481.96,Intermediate,30,53668.53,843.0,2028-11-02,No,34098.98,Business,1
C102964,43.0,Male,Unknown,136421.72,Matric,4,26234.14,311.0,2028-12-02,Yes,201662.22,Government,1
C102965,57.0,Female,karachi,30963.74,Intermediate,8,35920.85,307.0,2028-02-13,Yes,247168.97,Business,1
C102966,65.0,Male,karachi,67467.89,Master,18,40669.58,574.3770154373927,2028-02-14,Yes,379368.51,Business,0
C102967,31.0,Female,karachi,95308.84,Master,11,36824.5,405.0,2028-02-15,Yes,273152.42,Private,0
C102968,39.0,Female,karachi,104322.94,Bachelor,16,47383.98,326.0,2028-02-16,No,130385.02,Government,1
C102969,67.0,Female,islamabad,89599.06,Bachelor,28,53851.04,338.0,2028-02-17,Yes,76237.58,Student,0
C102970,38.0,Male,faisalabad,94197.14,Master,16,24197.59,303.0,2028-02-18,Yes,232288.57,Student,1
C102971,60.0,Female,islamabad,86649.69,Master,31,42768.87,574.3770154373927,2028-02-19,No,137766.32,Government,0
C102972,70.0,Male,Lahore,124643.5,Bachelor,1,35350.82,581.0,2028-02-20,No,201294.33,Business,1
C102973,46.22862068965517,Male,Lahore,95741.94,Matric,16,29649.86,523.0,2028-02-21,No,190511.81,Government,0
C102974,42.0,Male,rawalpindi,103489.4,PhD,5,48326.15,829.0,2028-02-22,Yes,378455.73,Unemployed,1
C102975,52.0,Female,faisalabad,84118.46,Bachelor,11,26715.72,596.0,2028-02-23,Yes,118140.15,Private,1
C102976,52.0,Male,karachi,92921.63,Intermediate,0,38535.01,712.0,2028-02-24,yes,58884.88,Student,0
C102977,59.0,Male,Lahore,67472.46,Master,5,29832.57,736.0,2028-02-25,Yes,333638.62,Student,0
C102978,28.0,Male,islamabad,106018.15,Master,18,26113.73,641.0,2028-02-26,No,367249.83,Government,0
C102979,59.0,Female,faisalabad,87232.7,Matric,7,25609.41,569.0,2028-02-27,Yes,81281.05,Private,0
C102980,53.0,Male,rawalpindi,14642.96,Bachelor,14,31720.53,446.0,2028-02-28,No,159135.2,Unemployed,0
C102981,39.0,Female,islamabad,79859.51,Bachelor,0,21028.51,387.0,2028-02-29,Yes,221630.35,Government,1
C102982,26.0,Female,Unknown,103273.71,PhD,33,34798.72,599.0,2028-01-03,No,-146215.33,Business,0
C102983,24.0,Male,karachi,86507.71,Master,8,39907.39,562.0,2028-02-03,Yes,114401.89,Government,0
C102984,41.0,Female,faisalabad,122111.8,PhD,3,34798.72,305.0,2028-03-03,Yes,349196.18,Government,0
C102985,55.0,Male,rawalpindi,68898.62,Unknown,24,44610.67,555.0,2028-04-03,No,263099.78,Unemployed,0
C102986,19.0,Female,Lahore,15095.16,PhD,25,24137.93,548.0,2028-05-03,Yes,371992.32,Business,1
C102987,49.0,Male,islamabad,143037.31,Unknown,15,44375.18,637.0,2028-06-03,Yes,414062.99,Unemployed,0
C102988,63.0,Female,islamabad,116891.59,Bachelor,34,37861.55,691.0,2028-07-03,Yes,289697.53,Business,0
C102989,50.0,Male,karachi,124914.09,PhD,17,28683.85,306.0,2028-08-03,Yes,266129.11,Unemployed,1
C102990,69.0,Female,rawalpindi,60071.44,Matric,30,34798.72,450.0,2028-09-03,No,179526.02,Private,1
C102991,65.0,Male,faisalabad,104904.48,PhD,15,35590.39,515.0,2028-10-03,No,337034.54,Business,0
C102992,59.0,Male,karachi,97979.26,Intermediate,15,32777.13,734.0,2028-11-03,Yes,405789.77,Private,0
C102993,67.0,Male,karachi,24734.18,PhD,25,30377.85,468.0,2028-12-03,No,212213.87,Government,1
C102994,52.0,Female,faisalabad,60244.76,Intermediate,8,29307.84,696.0,2028-03-13,No,453618.6,Government,0
C102995,52.0,Male,Lahore,61720.95,PhD,22,33887.96,744.0,2028-03-14,Yes,302254.75,Government,0
C102996,57.0,Male,rawalpindi,39240.38,PhD,14,50459.38,448.0,2028-03-15,Yes,312313.61,Unemployed,0
C102997,60.0,Male,rawalpindi,114709.11,Master,13,79268.23,334.0,2028-03-16,Yes,325664.77,Private,0
C102998,51.0,Male,Lahore,131678.22,Intermediate,31,41027.35,550.0,2028-03-17,No,322692.25,Government,1
C102999,56.0,Female,rawalpindi,47212.42,Matric,21,32045.86,702.0,2028-03-18,No,268983.69,Government,0
